date,news_count,jisdor,return_pct,armed_conflict_tfidf_intensity,armed_conflict_lm_positive,armed_conflict_lm_negative,armed_conflict_lm_tone,armed_conflict_lm_opinion_ratio,armed_conflict_count,sanctions_tfidf_intensity,sanctions_lm_positive,sanctions_lm_negative,sanctions_lm_tone,sanctions_lm_opinion_ratio,sanctions_count,trade_conflict_tfidf_intensity,trade_conflict_lm_positive,trade_conflict_lm_negative,trade_conflict_lm_tone,trade_conflict_lm_opinion_ratio,trade_conflict_count,energy_geopolitics_tfidf_intensity,energy_geopolitics_lm_positive,energy_geopolitics_lm_negative,energy_geopolitics_lm_tone,energy_geopolitics_lm_opinion_ratio,energy_geopolitics_count,political_instability_tfidf_intensity,political_instability_lm_positive,political_instability_lm_negative,political_instability_lm_tone,political_instability_lm_opinion_ratio,political_instability_count,monetary_geoeconomic_tfidf_intensity,monetary_geoeconomic_lm_positive,monetary_geoeconomic_lm_negative,monetary_geoeconomic_lm_tone,monetary_geoeconomic_lm_opinion_ratio,monetary_geoeconomic_count,direction,return_lag_1,jisdor_lag_1,return_lag_2,jisdor_lag_2,return_lag_3,jisdor_lag_3,return_lag_5,jisdor_lag_5,jisdor_ma_5,return_ma_5
2021-09-02,4,14281.0,-0.0210025203024377,3.051474877004497,0.0,1.0,-0.9999990000010001,0.07692307100591762,1.0,,,,,,,2.794783552186151,0.0,1.0,-0.9999990000010001,0.12499998437500197,1.0,,,,,,,,,,,,,2.983337512746383,0.0,0.5,-0.49999950000050003,0.062499992187500984,2.0,0,,14284.0,,,,,,,,
2021-09-03,1,14261.0,-0.1400462152510329,,,,,,,,,,,,,,,,,,,,,,,,,,,,,,,2.678179526013949,0.0,1.0,-0.9999990000010001,0.11111109876543349,1.0,0,-0.0210025203024377,14281.0,,14284.0,,,,,,
2021-09-06,2,14239.0,-0.1542668817053449,1.9592815784387208,0.0,0.0,0.0,0.0,1.0,,,,,,,,,,,,,,,,,,,,,,,,,1.9566662878262844,0.0,1.0,-0.9999990000010001,0.12499998437500197,1.0,0,-0.1400462152510329,14261.0,-0.0210025203024377,14281.0,,14284.0,,,,
2021-09-08,3,14266.0,0.5001761183515363,,,,,,,,,,,,,,,,,,,,,,,,,2.5767657798027255,0.0,0.0,0.0,0.0,1.0,2.391424653714625,0.0,0.5,-0.49999950000050003,0.12499996875000781,2.0,1,-0.1542668817053449,14239.0,-0.1400462152510329,14261.0,-0.0210025203024377,14281.0,,,14266.2,
2021-09-09,3,14272.0,0.0420580400953385,2.11982271162479,0.0,0.0,0.0,0.0,1.0,,,,,,,,,,,,,,,,,,,,,,,,,3.041401944783453,0.5,0.0,0.49999950000050003,0.049999995000000505,2.0,1,0.5001761183515363,14266.0,-0.1542668817053449,14239.0,-0.1400462152510329,14261.0,,14284.0,14263.8,0.045383708237611856
2021-09-10,4,14225.0,-0.3293161434977598,,,,,,,,,,,,,,,,,,,3.2563076003088725,0.0,0.0,0.0,0.0,1.0,,,,,,,3.222586614127152,0.0,1.0,-0.6666661666670833,0.16190473496599098,3.0,0,0.0420580400953385,14272.0,0.5001761183515363,14266.0,-0.1542668817053449,14239.0,-0.0210025203024377,14281.0,14252.6,-0.016279016401452556
2021-09-13,6,14260.0,0.2460456942003475,2.412985836218696,0.0,0.3333333333333333,-0.33333300000033333,0.05555554629629784,3.0,,,,,,,,,,,,,,,,,,,,,,,,,3.359029959375999,0.0,0.0,0.0,0.0,3.0,1,-0.3293161434977598,14225.0,0.0420580400953385,14272.0,0.5001761183515363,14266.0,-0.1400462152510329,14261.0,14252.4,0.060939365488823526
2021-09-14,4,14257.0,-0.0210378681626877,,,,,,,,,,,,,,,,,,,,,,,,,,,,,,,3.379827533342759,0.25,0.0,0.24999975000025002,0.031249996093750492,4.0,0,0.2460456942003475,14260.0,-0.3293161434977598,14225.0,0.0420580400953385,14272.0,-0.1542668817053449,14239.0,14256.0,0.08758516819735496
2021-09-15,7,14252.0,-0.0350704916882937,3.427285713798746,0.0,2.0,-0.99999950000025,0.24999996875000394,1.0,2.117419543808982,0.0,0.0,0.0,0.0,1.0,,,,,,,3.7708065354360567,0.0,0.0,0.0,0.0,1.0,,,,,,,3.5672961890946957,0.25,0.0,0.24999975000025002,0.031249996093750492,4.0,0,-0.0210378681626877,14257.0,0.2460456942003475,14260.0,-0.3293161434977598,14225.0,0.5001761183515363,14266.0,14253.2,-0.01946415381061105
2021-09-16,6,14238.0,-0.098231827111983,3.2098138232478384,0.0,0.0,0.0,0.0,2.0,,,,,,,,,,,,,3.6555365766867403,0.0,2.0,-0.99999950000025,0.19999998000000202,1.0,,,,,,,2.735568153853281,0.3333333333333333,0.0,0.33333300000033333,0.066666653333336,3.0,0,-0.0350704916882937,14252.0,-0.0210378681626877,14257.0,0.2460456942003475,14260.0,0.0420580400953385,14272.0,14246.4,-0.047522127252075344
2021-09-17,3,14233.0,-0.0351172917544606,,,,,,,1.9181879043304773,0.0,0.0,0.0,0.0,1.0,,,,,,,3.2588069443587715,0.0,0.0,0.0,0.0,1.0,,,,,,,2.4818154150364156,0.0,0.0,0.0,0.0,1.0,0,-0.098231827111983,14238.0,-0.0350704916882937,14252.0,-0.0210378681626877,14257.0,-0.3293161434977598,14225.0,14248.0,0.01131764309658449
2021-09-20,4,14251.0,0.126466661982727,,,,,,,,,,,,,,,,,,,,,,,,,,,,,,,3.3809886041003976,0.0,0.25,-0.24999975000025002,0.04166665972222338,4.0,1,-0.0351172917544606,14233.0,-0.098231827111983,14238.0,-0.0350704916882937,14252.0,0.2460456942003475,14260.0,14246.2,-0.012598163346939611
2021-09-21,2,14244.0,-0.0491193600449135,3.3934057614044897,0.0,0.5,-0.49999950000050003,0.045454541322314426,2.0,,,,,,,,,,,,,,,,,,,,,,,,,,,,,,,0,0.126466661982727,14251.0,-0.0351172917544606,14233.0,-0.098231827111983,14238.0,-0.0210378681626877,14257.0,14243.6,-0.018214461723384773
2021-09-22,3,14249.0,0.0351024992979454,2.548868404362437,0.0,2.0,-0.99999950000025,0.22222219753086697,1.0,2.572739064748413,0.0,1.0,-0.9999990000010001,0.09999999000000101,1.0,,,,,,,3.3406344479438275,0.0,0.0,0.0,0.0,1.0,,,,,,,,,,,,,1,-0.0491193600449135,14244.0,0.126466661982727,14251.0,-0.0351172917544606,14233.0,-0.0350704916882937,14252.0,14243.0,-0.00417986352613695
2021-09-23,8,14256.0,0.0491262544739967,,,,,,,2.935725455895548,0.0,0.0,0.0,0.0,1.0,2.7454767069527297,0.0,1.0,-0.9999990000010001,0.1428571224489825,1.0,,,,,,,,,,,,,3.19003295323672,0.16666666666666666,0.16666666666666666,0.0,0.04232803686906933,6.0,1,0.0351024992979454,14249.0,-0.0491193600449135,14244.0,0.126466661982727,14251.0,-0.098231827111983,14238.0,14246.6,0.025291752791058986
2021-09-24,3,14250.0,-0.0420875420875432,,,,,,,,,,,,,,,,,,,,,,,,,,,,,,,2.662059200173815,0.0,0.6666666666666666,-0.33333316666675,0.095238081632655,3.0,0,0.0491262544739967,14256.0,0.0351024992979454,14249.0,-0.0491193600449135,14244.0,-0.0351172917544606,14233.0,14250.0,0.023897702724442468
2021-09-27,4,14258.0,0.0561403508771984,,,,,,,2.3754627971856968,0.0,0.0,0.0,0.0,1.0,,,,,,,3.3635659108152063,0.0,2.0,-0.99999950000025,0.16666665277777895,1.0,,,,,,,2.948136036285259,0.0,0.5,-0.49999950000050003,0.049999995000000505,2.0,1,-0.0420875420875432,14250.0,0.0491262544739967,14256.0,0.0351024992979454,14249.0,0.126466661982727,14251.0,14251.4,0.00983244050333675
2021-09-28,5,14269.0,0.077149670360499,,,,,,,,,,,,,,,,,,,,,,,,,,,,,,,3.130762206196337,0.0,0.4,-0.3999996000004,0.04999999375000079,5.0,1,0.0561403508771984,14258.0,-0.0420875420875432,14250.0,0.0491262544739967,14256.0,-0.0491193600449135,14244.0,14256.4,0.03508624658441925
2021-09-29,2,14307.0,0.2663115845539243,,,,,,,,,,,,,,,,,,,,,,,,,,,,,,,3.3617155901132634,0.5,1.5,-3.3333288884662693e-07,0.24999996759259696,2.0,1,0.077149670360499,14269.0,0.0561403508771984,14258.0,-0.0420875420875432,14250.0,0.0351024992979454,14249.0,14268.0,0.08132806363561502
2021-09-30,10,14321.0,0.0978541972461055,3.1949425963992097,0.0,0.0,0.0,0.0,1.0,,,,,,,,,,,,,2.9061657032603034,0.0,1.3333333333333333,-0.6666662222225926,0.13852812346095636,3.0,,,,,,,2.7950095294887696,0.0,0.6666666666666666,-0.6666660000006667,0.11944442106481969,6.0,1,0.2663115845539243,14307.0,0.077149670360499,14269.0,0.0561403508771984,14258.0,0.0491262544739967,14256.0,14281.0,0.0910736521900368
2021-10-01,4,14315.0,-0.0418965156064543,,,,,,,,,,,,,,,,,,,,,,,,,,,,,,,3.301121506010548,0.25,0.75,-0.2499998750000625,0.13611109163580537,4.0,0,0.0978541972461055,14321.0,0.2663115845539243,14307.0,0.077149670360499,14269.0,-0.0420875420875432,14250.0,14294.0,0.09111185748625458
2021-10-04,5,14276.0,-0.2724414949353826,,,,,,,,,,,,,,,,,,,,,,,,,,,,,,,3.3693055162188004,0.2,0.6,-0.19999990000005,0.1499999708333392,5.0,0,-0.0418965156064543,14315.0,0.0978541972461055,14321.0,0.2663115845539243,14307.0,0.0561403508771984,14258.0,14297.6,0.02539548832373837
2021-10-05,2,14260.0,-0.1120762118240414,,,,,,,,,,,,,,,,,,,,,,,,,,,,,,,2.9710509440564263,0.0,0.0,0.0,0.0,2.0,0,-0.2724414949353826,14276.0,-0.0418965156064543,14315.0,0.0978541972461055,14321.0,0.077149670360499,14269.0,14295.8,-0.01244968811316971
2021-10-06,4,14245.0,-0.1051893408134607,,,,,,,,,,,,,,,,,,,2.7599319947908016,0.0,1.0,-0.9999990000010001,0.11111109876543349,1.0,,,,,,,3.077102111279489,0.0,0.3333333333333333,-0.33333300000033333,0.0476190408163275,3.0,0,-0.1120762118240414,14260.0,-0.2724414949353826,14276.0,-0.0418965156064543,14315.0,0.2663115845539243,14307.0,14283.4,-0.0867498731866467
2021-10-07,4,14238.0,-0.0491400491400506,3.1953306838088045,0.0,1.0,-0.9999990000010001,0.11111109876543349,1.0,,,,,,,3.1247976624964355,0.0,0.0,0.0,0.0,2.0,,,,,,,,,,,,,3.155313313157994,1.0,0.0,0.9999990000010001,0.199999960000008,1.0,0,-0.1051893408134607,14245.0,-0.1120762118240414,14260.0,-0.2724414949353826,14276.0,0.0978541972461055,14321.0,14266.8,-0.1161487224638779
2021-10-08,4,14225.0,-0.0913049585615999,,,,,,,,,,,,,,,,,,,,,,,,,,,,,,,3.1117455592681806,0.25,0.25,0.0,0.077380940334469,4.0,0,-0.0491400491400506,14238.0,-0.1051893408134607,14245.0,-0.1120762118240414,14260.0,-0.0418965156064543,14315.0,14248.8,-0.12603041105490703
2021-10-11,4,14210.0,-0.1054481546572949,2.719839866486417,1.0,1.5,-8.333326390053131e-08,0.43749991406251854,2.0,,,,,,,,,,,,,2.755788361880411,0.0,1.0,-0.9999990000010001,0.12499998437500197,1.0,,,,,,,3.6436328440740864,0.0,1.0,-0.9999990000010001,0.199999960000008,1.0,0,-0.0913049585615999,14225.0,-0.0491400491400506,14238.0,-0.1051893408134607,14245.0,-0.2724414949353826,14276.0,14235.6,-0.0926317429992895
2021-10-12,3,14217.0,0.0492610837438345,2.184178788909252,0.0,0.0,0.0,0.0,1.0,,,,,,,,,,,,,,,,,,,,,,,,,3.35058830039416,0.0,0.0,0.0,0.0,2.0,1,-0.1054481546572949,14210.0,-0.0913049585615999,14225.0,-0.0491400491400506,14238.0,-0.1120762118240414,14260.0,14227.0,-0.06036428388571432
2021-10-13,7,14221.0,0.0281353309418364,,,,,,,,,,,,,,,,,,,,,,,,,,,,,,,3.0189890990123627,0.0,0.2857142857142857,-0.14285707142860712,0.03174602821869528,7.0,1,0.0492610837438345,14217.0,-0.1054481546572949,14210.0,-0.0913049585615999,14225.0,-0.1051893408134607,14245.0,14222.2,-0.03369934953465491
2021-10-14,8,14155.0,-0.4641023837986036,,,,,,,,,,,,,,,,,,,3.3007341539247816,0.0,1.5,-0.999999250000625,0.19090906264463287,2.0,,,,,,,3.5235727263817442,0.0,0.5,-0.49999950000050003,0.051851846460905925,6.0,0,0.0281353309418364,14221.0,0.0492610837438345,14217.0,-0.1054481546572949,14210.0,-0.0491400491400506,14238.0,14205.6,-0.1166918164663655
2021-10-15,5,14084.0,-0.5015895443306273,3.218419943090983,0.0,0.0,0.0,0.0,1.0,,,,,,,,,,,,,3.405138653174693,1.0,1.0,0.0,0.399999920000016,1.0,,,,,,,3.59209619571534,0.3333333333333333,0.6666666666666666,-1.6666641663073042e-07,0.11428570081632816,3.0,0,-0.4641023837986036,14155.0,0.0281353309418364,14221.0,0.0492610837438345,14217.0,-0.0913049585615999,14225.0,14177.4,-0.19874873362017098
2021-10-18,2,14096.0,0.0852030673104131,,,,,,,,,,,,,,,,,,,,,,,,,,,,,,,2.8101341271299174,0.0,0.5,-0.49999950000050003,0.062499992187500984,2.0,1,-0.5015895443306273,14084.0,-0.4641023837986036,14155.0,0.0281353309418364,14221.0,-0.1054481546572949,14210.0,14154.6,-0.1606184892266294
2021-10-19,4,14080.0,-0.1135073779795714,2.4285113736037665,0.0,0.3333333333333333,-0.33333300000033333,0.05555554629629784,3.0,,,,,,,,,,,,,,,,,,,,,,,,,2.7047702977626145,0.0,2.0,-0.99999950000025,0.22222219753086697,1.0,0,0.0852030673104131,14096.0,-0.5015895443306273,14084.0,-0.4641023837986036,14155.0,0.0492610837438345,14217.0,14127.2,-0.19317218157131055
2021-10-21,10,14133.0,0.3764204545454452,,,,,,,,,,,,,,,,,,,3.498470001807302,1.0,0.0,0.9999990000010001,0.09999999000000101,1.0,,,,,,,3.322201487595486,0.3333333333333333,0.4444444444444444,-5.555547221024347e-08,0.10714284194696616,9.0,1,-0.1135073779795714,14080.0,0.0852030673104131,14096.0,-0.5015895443306273,14084.0,0.0281353309418364,14221.0,14109.6,-0.12351515685058878
2021-10-22,9,14162.0,0.2051935187150633,,,,,,,2.771109846738501,1.0,0.0,0.9999990000010001,0.08333332638888948,1.0,,,,,,,3.4735697869024986,0.5,1.5,-0.499999750000125,0.2111110887654345,2.0,,,,,,,3.02460071103676,0.0,0.6666666666666666,-0.4999995833337083,0.08333332291666798,6.0,1,0.3764204545454452,14133.0,-0.1135073779795714,14080.0,0.0852030673104131,14096.0,-0.4641023837986036,14155.0,14111.0,0.010344023652144574
2021-10-25,5,14183.0,0.1482841406581059,4.156006889866981,0.0,2.0,-0.99999950000025,0.14285713265306196,1.0,,,,,,,,,,,,,,,,,,,,,,,,,3.2871177335272157,0.0,0.25,-0.24999975000025002,0.031249996093750492,4.0,1,0.2051935187150633,14162.0,0.3764204545454452,14133.0,-0.1135073779795714,14080.0,-0.5015895443306273,14084.0,14130.8,0.1403187606498912
2021-10-26,3,14165.0,-0.1269125008813376,3.0640249576355085,0.0,1.0,-0.9999990000010001,0.12499998437500197,1.0,,,,,,,,,,,,,,,,,,,,,,,,,2.88291604722109,0.0,0.5,-0.49999950000050003,0.062499992187500984,2.0,0,0.1482841406581059,14183.0,0.2051935187150633,14162.0,0.3764204545454452,14133.0,0.0852030673104131,14096.0,14144.6,0.09789564701154109
2021-10-27,4,14184.0,0.1341334274620464,2.7835003084166097,0.0,1.0,-0.9999990000010001,0.12499998437500197,1.0,,,,,,,,,,,,,,,,,,,2.7835003084166097,0.0,1.0,-0.9999990000010001,0.12499998437500197,1.0,3.2958247830862426,0.0,0.3333333333333333,-0.33333300000033333,0.0476190408163275,3.0,1,-0.1269125008813376,14165.0,0.1482841406581059,14183.0,0.2051935187150633,14162.0,-0.1135073779795714,14080.0,14165.4,0.14742380809986463
2021-10-28,1,14199.0,0.1057529610829055,,,,,,,,,,,,,,,,,,,,,,,,,,,,,,,2.2759668530181107,0.0,0.0,0.0,0.0,1.0,1,0.1341334274620464,14184.0,-0.1269125008813376,14165.0,0.1482841406581059,14183.0,0.3764204545454452,14133.0,14178.6,0.09329030940735669
2021-10-29,3,14171.0,-0.1971969857032185,,,,,,,3.9048376291970155,0.0,0.0,0.0,0.0,1.0,,,,,,,,,,,,,,,,,,,2.862555824141178,0.0,0.0,0.0,0.0,2.0,0,0.1057529610829055,14199.0,0.1341334274620464,14184.0,-0.1269125008813376,14165.0,0.2051935187150633,14162.0,14180.4,0.01281220852370033
2021-11-01,11,14235.0,0.4516265612871439,,,,,,,2.4168304893093446,1.0,0.0,0.9999990000010001,0.16666663888889352,1.0,2.8613140158322845,0.0,1.0,-0.9999990000010001,0.09999999000000101,1.0,,,,,,,,,,,,,3.2632430942280384,0.1111111111111111,0.2222222222222222,-0.11111100000011112,0.04351851258487739,9.0,1,-0.1971969857032185,14171.0,0.1057529610829055,14199.0,0.1341334274620464,14184.0,0.1482841406581059,14183.0,14190.8,0.07348069264950793
2021-11-02,4,14261.0,0.1826484018264906,2.9245235066603175,0.0,0.0,0.0,0.0,1.0,,,,,,,,,,,,,,,,,,,,,,,,,3.1814446196951116,0.0,0.3333333333333333,-0.33333300000033333,0.02777777546296316,3.0,1,0.4516265612871439,14235.0,-0.1971969857032185,14171.0,0.1057529610829055,14199.0,-0.1269125008813376,14165.0,14210.0,0.13539287319107357
2021-11-03,8,14301.0,0.2804852394642676,,,,,,,,,,,,,,,,,,,,,,,,,,,,,,,3.128113102560655,0.0,0.5,-0.24999983333347223,0.07812498763021031,8.0,1,0.1826484018264906,14261.0,0.4516265612871439,14235.0,-0.1971969857032185,14171.0,0.1341334274620464,14184.0,14233.4,0.1646632355915178
2021-11-04,8,14327.0,0.1818054681490766,,,,,,,,,,,,,,,,,,,3.6753607192613256,1.0,1.0,0.0,0.16666665277777895,1.0,,,,,,,3.30052890805563,0.2857142857142857,0.0,0.14285707142860712,0.025974023612751102,7.0,1,0.2804852394642676,14301.0,0.1826484018264906,14261.0,0.4516265612871439,14235.0,0.1057529610829055,14199.0,14259.0,0.179873737004752
2021-11-05,9,14374.0,0.3280519299225348,2.508428711753657,0.0,0.0,0.0,0.0,2.0,,,,,,,,,,,,,3.1149503383597423,0.0,0.0,0.0,0.0,2.0,2.63287166786435,0.0,0.0,0.0,0.0,1.0,3.148449016892645,0.0,0.2,-0.1999998000002,0.0399999920000016,5.0,1,0.1818054681490766,14327.0,0.2804852394642676,14301.0,0.1826484018264906,14261.0,-0.1971969857032185,14171.0,14299.6,0.2849235201299027
2021-11-08,10,14268.0,-0.7374426047029314,2.5885783050558593,0.5,0.0,0.49999950000050003,0.08333331944444676,2.0,3.816825589184548,0.0,1.0,-0.9999990000010001,0.07142856632653098,1.0,,,,,,,3.2250701710652274,0.5,0.5,0.0,0.08391607682527324,2.0,,,,,,,2.773294883668597,0.2,0.2,0.0,0.057142848979593,5.0,0,0.3280519299225348,14374.0,0.1818054681490766,14327.0,0.2804852394642676,14301.0,0.4516265612871439,14235.0,14306.2,0.04710968693188762
2021-11-09,5,14233.0,-0.2453041771797059,,,,,,,,,,,,,,,,,,,,,,,,,,,,,,,3.5390423345406026,0.4,0.2,0.1999998000002,0.0735714193647971,5.0,0,-0.7374426047029314,14268.0,0.3280519299225348,14374.0,0.1818054681490766,14327.0,0.1826484018264906,14261.0,14300.6,-0.03848082886935167
2021-11-10,6,14253.0,0.1405185133141362,,,,,,,,,,,,,,,,,,,,,,,,,,,,,,,3.4369834364345717,0.3333333333333333,0.16666666666666666,0.16666650000016667,0.09722219849537721,6.0,1,-0.2453041771797059,14233.0,-0.7374426047029314,14268.0,0.3280519299225348,14374.0,0.2804852394642676,14301.0,14291.0,-0.06647417409937795
2021-11-11,22,14288.0,0.2455623377534577,,,,,,,,,,,,,,,,,,,,,,,,,2.7227940020149415,0.0,1.0,-0.9999990000010001,0.12499998437500197,1.0,3.217950901603663,0.23809523809523808,0.23809523809523808,0.09523795238111907,0.05467085177295167,21.0,1,0.1405185133141362,14253.0,-0.2453041771797059,14233.0,-0.7374426047029314,14268.0,0.1818054681490766,14327.0,14283.2,-0.05372280017850173
2021-11-12,14,14243.0,-0.314949608062709,2.571240276198776,0.0,0.6666666666666666,-0.6666660000006667,0.09999998333333633,3.0,,,,,,,,,,,,,3.042138428403155,1.0,1.0,0.0,0.22222219753086697,1.0,,,,,,,3.0169963537029485,0.2,0.2,0.0,0.0611111015432114,10.0,0,0.2455623377534577,14288.0,0.1405185133141362,14253.0,-0.2453041771797059,14233.0,0.3280519299225348,14374.0,14257.0,-0.1823231077755505
2021-11-15,11,14206.0,-0.2597767324299616,2.141554187963788,0.5,1.5,-0.499999750000125,0.309523761337876,2.0,,,,,,,,,,,,,,,,,,,,,,,,,2.8536407573518825,0.2222222222222222,0.3333333333333333,-5.555547221024347e-08,0.07000406024873386,9.0,0,-0.314949608062709,14243.0,0.2455623377534577,14288.0,0.1405185133141362,14253.0,-0.7374426047029314,14268.0,14244.6,-0.08678993332095652
2021-11-16,15,14211.0,0.0351963958890699,2.8835183254484598,0.0,0.0,0.0,0.0,2.0,2.7756883957898166,0.0,1.0,-0.9999990000010001,0.09999999000000101,1.0,3.520831053568234,0.0,0.0,0.0,0.0,1.0,2.72730920111122,0.0,0.0,0.0,0.0,1.0,,,,,,,3.270143231714234,0.1,0.4,-0.199999850000125,0.0710714179272976,10.0,1,-0.2597767324299616,14206.0,-0.314949608062709,14243.0,0.2455623377534577,14288.0,-0.2453041771797059,14233.0,14240.2,-0.030689818707201368
2021-11-17,13,14259.0,0.3377665188938117,3.003582827989394,0.0,0.5,-0.49999950000050003,0.04166666319444474,2.0,2.572240310060875,1.0,0.0,0.9999990000010001,0.09090908264462885,1.0,,,,,,,3.0939053839566117,0.0,0.0,0.0,0.0,1.0,,,,,,,3.4271701699492194,0.3333333333333333,0.2222222222222222,0.11111100000011112,0.0766754738172066,9.0,1,0.0351963958890699,14211.0,-0.2597767324299616,14206.0,-0.314949608062709,14243.0,0.1405185133141362,14253.0,14241.4,0.00875978240873374
2021-11-18,5,14231.0,-0.1963672066764843,,,,,,,,,,,,,,,,,,,2.5697195021254577,0.0,0.0,0.0,0.0,1.0,,,,,,,2.982884571369863,0.25,0.25,0.0,0.07291665581597387,4.0,0,0.3377665188938117,14259.0,0.0351963958890699,14211.0,-0.2597767324299616,14206.0,0.2455623377534577,14288.0,14230.0,-0.07962612647725467
2021-11-19,4,14237.0,0.0421614784625212,2.5199027902567512,0.0,2.0,-0.99999950000025,0.22222219753086697,1.0,,,,,,,,,,,,,,,,,,,,,,,,,3.076187327687441,0.3333333333333333,0.6666666666666666,-1.6666641663073042e-07,0.14444442259259602,3.0,1,-0.1963672066764843,14231.0,0.3377665188938117,14259.0,0.0351963958890699,14211.0,-0.314949608062709,14243.0,14228.8,-0.008203909172208628
2021-11-22,9,14255.0,0.1264311301538256,,,,,,,,,,,,,,,,,,,,,,,,,,,,,,,3.2985946297933566,0.2222222222222222,0.4444444444444444,-7.407397529925043e-08,0.08139729607316992,9.0,1,0.0421614784625212,14237.0,-0.1963672066764843,14231.0,0.3377665188938117,14259.0,-0.2597767324299616,14206.0,14238.6,0.0690376633445488
2021-11-23,7,14272.0,0.1192564012627128,,,,,,,,,,,,,,,,,,,,,,,,,2.2079541587880125,0.0,1.0,-0.9999990000010001,0.24999993750001562,1.0,3.4444258832961068,0.16666666666666666,0.0,0.16666650000016667,0.01851851646090558,6.0,1,0.1264311301538256,14255.0,0.0421614784625212,14237.0,-0.1963672066764843,14231.0,0.0351963958890699,14211.0,14250.8,0.08584966441927738
2021-11-24,5,14272.0,0.0,,,,,,,,,,,,,,,,,,,,,,,,,,,,,,,3.4418934411522466,0.4,0.4,0.0,0.11666664930555819,5.0,0,0.1192564012627128,14272.0,0.1264311301538256,14255.0,0.0421614784625212,14237.0,0.3377665188938117,14259.0,14253.4,0.018296360640515038
2021-11-25,10,14280.0,0.0560538116591846,2.642580359664518,0.0,0.6666666666666666,-0.6666660000006667,0.08928570227466148,3.0,,,,,,,,,,,,,,,,,,,,,,,,,3.4070740084061306,0.25,0.125,0.12499987500012501,0.062499988281252444,8.0,1,0.0,14272.0,0.1192564012627128,14272.0,0.1264311301538256,14255.0,-0.1963672066764843,14231.0,14263.2,0.06878056430764881
2021-11-26,1,14280.0,0.0,2.9538056824689027,1.0,0.0,0.9999990000010001,0.11111109876543349,1.0,,,,,,,,,,,,,,,,,,,,,,,,,,,,,,,0,0.0560538116591846,14280.0,0.0,14272.0,0.1192564012627128,14272.0,0.0421614784625212,14237.0,14271.8,0.060348268615144585
2021-11-29,3,14340.0,0.4201680672268892,,,,,,,,,,,,,,,,,,,,,,,,,,,,,,,3.0180051841637225,0.0,0.0,0.0,0.0,3.0,1,0.0,14280.0,0.0560538116591846,14280.0,0.0,14272.0,0.1264311301538256,14255.0,14288.8,0.11909565602975732
2021-11-30,5,14320.0,-0.1394700139469962,,,,,,,,,,,,,2.7959401224195277,0.0,1.0,-0.9999990000010001,0.09999999000000101,1.0,,,,,,,,,,,,,2.9975722504628655,0.0,0.6,-0.39999970000025,0.056363631057851735,5.0,0,0.4201680672268892,14340.0,0.0,14280.0,0.0560538116591846,14280.0,0.1192564012627128,14272.0,14298.4,0.0673503729878155
2021-12-01,4,14353.0,0.2304469273743059,,,,,,,,,,,,,,,,,,,2.954697742201215,0.0,1.0,-0.9999990000010001,0.1428571224489825,1.0,,,,,,,3.4225549247194347,0.0,0.3333333333333333,-0.33333300000033333,0.033333330000000334,3.0,1,-0.1394700139469962,14320.0,0.4201680672268892,14340.0,0.0,14280.0,0.0,14272.0,14314.6,0.11343975846267669
2021-12-02,9,14378.0,0.1741796140179774,,,,,,,,,,,,,2.778158018617343,0.0,0.0,0.0,0.0,1.0,3.220377233755994,0.0,0.0,0.0,0.0,1.0,,,,,,,3.007960639357571,0.0,0.5714285714285714,-0.5714280000005715,0.06944443598434849,7.0,1,0.2304469273743059,14353.0,-0.1394700139469962,14320.0,0.4201680672268892,14340.0,0.0560538116591846,14280.0,14334.2,0.13706491893443523
2021-12-03,3,14408.0,0.2086521073862757,,,,,,,,,,,,,2.117990200446982,0.0,0.0,0.0,0.0,1.0,3.0716454838641862,0.0,0.0,0.0,0.0,1.0,,,,,,,3.090708194853017,0.0,1.0,-0.9999990000010001,0.12499998437500197,1.0,1,0.1741796140179774,14378.0,0.2304469273743059,14353.0,-0.1394700139469962,14320.0,0.0,14280.0,14359.8,0.17879534041169037
2021-12-06,4,14441.0,0.2290394225430425,3.2409903895642542,0.0,1.0,-0.9999990000010001,0.12499998437500197,1.0,,,,,,,,,,,,,,,,,,,,,,,,,3.0698029726365768,0.0,0.3333333333333333,-0.33333300000033333,0.04166666145833399,3.0,1,0.2086521073862757,14408.0,0.1741796140179774,14378.0,0.2304469273743059,14353.0,0.4201680672268892,14340.0,14380.0,0.14056961147492103
2021-12-07,6,14408.0,-0.2285160307457956,,,,,,,2.7843530489378976,1.0,1.0,0.0,0.22222219753086697,1.0,,,,,,,2.7846091973129568,0.0,1.0,-0.9999990000010001,0.1428571224489825,1.0,3.543773597403442,0.0,2.0,-0.99999950000025,0.1818181652892577,1.0,3.519072069833555,0.6666666666666666,0.6666666666666666,0.3333328333339167,0.1578282628510511,3.0,0,0.2290394225430425,14441.0,0.2086521073862757,14408.0,0.1741796140179774,14378.0,-0.1394700139469962,14320.0,14397.6,0.12276040811516116
2021-12-08,3,14348.0,-0.4164353137146026,3.521408999046015,0.0,2.0,-0.99999950000025,0.22222219753086697,1.0,,,,,,,,,,,,,,,,,,,,,,,,,2.7960831786571827,0.0,0.5,-0.49999950000050003,0.062499992187500984,2.0,0,-0.2285160307457956,14408.0,0.2290394225430425,14441.0,0.2086521073862757,14408.0,0.2304469273743059,14353.0,14396.6,-0.0066160401026205354
2021-12-09,8,14351.0,0.0209088374686361,3.110813946687209,0.5,0.5,0.0,0.08333332638888948,2.0,,,,,,,,,,,,,,,,,,,,,,,,,3.1375513613335753,0.16666666666666666,1.3333333333333333,-0.8333326666672499,0.19498554378734753,6.0,1,-0.4164353137146026,14348.0,-0.2285160307457956,14408.0,0.2290394225430425,14441.0,0.1741796140179774,14378.0,14391.2,-0.03727019541248879
2021-12-10,6,14378.0,0.188140199289255,,,,,,,,,,,,,,,,,,,,,,,,,,,,,,,3.417747184603399,0.3333333333333333,0.16666666666666666,0.16666650000016667,0.0879629458590571,6.0,1,0.0209088374686361,14351.0,-0.4164353137146026,14348.0,-0.2285160307457956,14408.0,0.2086521073862757,14408.0,14385.2,-0.04137257703189294
2021-12-13,16,14346.0,-0.2225622478786992,,,,,,,,,,,,,,,,,,,,,,,,,,,,,,,2.9248826252228017,0.0625,0.1875,-0.06249996875001562,0.04444443523534161,16.0,0,0.188140199289255,14378.0,0.0209088374686361,14351.0,-0.4164353137146026,14348.0,0.2290394225430425,14441.0,14366.2,-0.1316929111162413
2021-12-14,10,14348.0,0.0139411682698931,2.5853836931268486,0.0,1.0,-0.9999990000010001,0.09999999000000101,1.0,,,,,,,,,,,,,,,,,,,,,,,,,3.1450664789304934,0.1111111111111111,0.2222222222222222,-0.11111100000011112,0.04999999208333466,9.0,1,-0.2225622478786992,14346.0,0.188140199289255,14378.0,0.0209088374686361,14351.0,-0.2285160307457956,14408.0,14354.2,-0.08320147131310354
2021-12-15,10,14337.0,-0.0766657373850066,,,,,,,,,,,,,,,,,,,2.8805696107344145,0.0,0.0,0.0,0.0,1.0,,,,,,,3.371047094554006,0.0,0.4444444444444444,-0.33333305555580556,0.06203702801697667,9.0,0,0.0139411682698931,14348.0,-0.2225622478786992,14346.0,0.188140199289255,14378.0,-0.4164353137146026,14348.0,14352.0,-0.015247556047184349
2021-12-16,10,14343.0,0.0418497593638766,2.729017604147472,0.0,0.0,0.0,0.0,1.0,,,,,,,,,,,,,3.4187976444581003,0.0,1.0,-0.9999990000010001,0.1428571224489825,1.0,,,,,,,3.154059756386724,0.0,0.25,-0.12499993750003124,0.03571428061224562,8.0,1,-0.0766657373850066,14337.0,0.0139411682698931,14348.0,-0.2225622478786992,14346.0,0.0209088374686361,14351.0,14350.4,-0.01105937166813625
2021-12-17,8,14343.0,0.0,3.2113437761874537,0.0,3.0,-0.9999996666667778,0.4285713673469475,1.0,3.4801956553087794,0.0,1.0,-0.9999990000010001,0.11111109876543349,1.0,,,,,,,,,,,,,,,,,,,3.0364616385902674,0.0,0.6666666666666666,-0.4999995833337083,0.13492060605631787,6.0,0,0.0418497593638766,14343.0,-0.0766657373850066,14337.0,0.0139411682698931,14348.0,0.188140199289255,14378.0,14343.4,-0.04868741152598725
2021-12-20,2,14384.0,0.2858537265565175,,,,,,,,,,,,,,,,,,,,,,,,,,,,,,,3.5563904738865406,0.5,1.0,-2.499996249460956e-07,0.18253965998992472,2.0,1,0.0,14343.0,0.0418497593638766,14343.0,-0.0766657373850066,14337.0,-0.2225622478786992,14346.0,14351.0,0.05299578336105608
2021-12-21,2,14349.0,-0.2433259176863211,3.0767131350930903,1.0,0.0,0.9999990000010001,0.09999999000000101,1.0,,,,,,,,,,,,,,,,,,,,,,,,,2.714235808739457,0.0,2.0,-0.99999950000025,0.399999920000016,1.0,0,0.2858537265565175,14384.0,0.0,14343.0,0.0418497593638766,14343.0,0.0139411682698931,14348.0,14351.2,0.0015423661698132473
2021-12-23,2,14251.0,-0.0911385305664591,3.063737146129176,0.0,0.0,0.0,0.0,1.0,,,,,,,,,,,,,,,,,,,,,,,,,2.6957199807048777,0.0,1.0,-0.9999990000010001,0.12499998437500197,1.0,0,-0.2433259176863211,14349.0,0.2858537265565175,14384.0,0.0,14343.0,-0.0766657373850066,14337.0,14334.0,-0.0013521924664772506
2021-12-28,1,14237.0,0.0843585237258359,,,,,,,,,,,,,,,,,,,,,,,,,,,,,,,3.2113102864315723,0.0,1.0,-0.9999990000010001,0.1428571224489825,1.0,1,-0.0911385305664591,14251.0,-0.2433259176863211,14349.0,0.2858537265565175,14384.0,0.0418497593638766,14343.0,14312.8,0.0071495604059146085
2021-12-30,3,14269.0,0.0280406589554749,2.7434880573402136,0.0,0.0,0.0,0.0,1.0,,,,,,,,,,,,,,,,,,,,,,,,,3.1483022250060904,0.0,1.0,-0.499999750000125,0.1428571224489825,2.0,1,0.0843585237258359,14237.0,-0.0911385305664591,14251.0,-0.2433259176863211,14349.0,0.0,14343.0,14298.0,0.012757692197009587
2021-12-31,2,14278.0,0.0630737963417171,,,,,,,2.7919498790748745,0.0,2.0,-0.99999950000025,0.285714244897965,1.0,,,,,,,,,,,,,,,,,,,3.081693179722842,0.0,0.0,0.0,0.0,1.0,1,0.0280406589554749,14269.0,0.0843585237258359,14237.0,-0.0911385305664591,14251.0,0.2858537265565175,14384.0,14276.8,-0.03179829384595049
2022-01-03,1,14270.0,-0.056030256338424,3.1612929776533605,0.0,0.0,0.0,0.0,1.0,,,,,,,,,,,,,,,,,,,,,,,,,,,,,,,0,0.0630737963417171,14278.0,0.0280406589554749,14269.0,0.0843585237258359,14237.0,-0.2433259176863211,14349.0,14261.0,0.005660838423628934
2022-01-04,3,14310.0,0.2803083391730965,,,,,,,,,,,,,,,,,,,,,,,,,,,,,,,3.138223755338867,0.6666666666666666,0.0,0.6666660000006667,0.08465607373813866,3.0,1,-0.056030256338424,14270.0,0.0630737963417171,14278.0,0.0280406589554749,14269.0,-0.0911385305664591,14251.0,14272.8,0.07995021237154006
2022-01-05,3,14365.0,0.3843466107616988,,,,,,,,,,,,,,,,,,,3.392036018980916,0.0,0.0,0.0,0.0,1.0,,,,,,,3.3484935164793854,0.0,0.0,0.0,0.0,2.0,1,0.2803083391730965,14310.0,-0.056030256338424,14270.0,0.0630737963417171,14278.0,0.0843585237258359,14237.0,14298.4,0.13994782977871262
2022-01-06,6,14396.0,0.2158022972502671,,,,,,,,,,,,,,,,,,,2.9167944646584445,0.0,1.0,-0.9999990000010001,0.09999999000000101,1.0,,,,,,,3.077595754687642,0.2,0.6,-1.3333315553865078e-07,0.09999998703703879,5.0,1,0.3843466107616988,14365.0,0.2803083391730965,14310.0,-0.056030256338424,14270.0,0.0280406589554749,14269.0,14323.8,0.17750015743767106
2022-01-07,7,14360.0,-0.2500694637399325,,,,,,,,,,,,,,,,,,,,,,,,,2.6363245013749728,0.0,2.0,-0.99999950000025,0.22222219753086697,1.0,3.4562231197679303,0.16666666666666666,1.0,-0.5555551203707515,0.12870368938014565,6.0,0,0.2158022972502671,14396.0,0.3843466107616988,14365.0,0.2803083391730965,14310.0,0.0630737963417171,14278.0,14340.2,0.11487150542134114
2022-01-10,7,14323.0,-0.2576601671309242,,,,,,,,,,,,,,,,,,,,,,,,,2.440303029163552,0.0,3.0,-0.9999996666667778,0.4285713673469475,1.0,3.25503668677047,0.16666666666666666,0.3333333333333333,-0.16666650000016667,0.06613755727723307,6.0,0,-0.2500694637399325,14360.0,0.2158022972502671,14396.0,0.3843466107616988,14365.0,-0.056030256338424,14270.0,14350.8,0.0745455232628411
2022-01-11,9,14299.0,-0.1675626614536018,3.138353221014503,2.0,1.0,0.33333322222225925,0.33333329629630043,1.0,,,,,,,,,,,,,,,,,,,,,,,,,3.3367780118999018,0.0,0.375,-0.37499962500037504,0.05451388039255543,8.0,0,-0.2576601671309242,14323.0,-0.2500694637399325,14360.0,0.2158022972502671,14396.0,0.2803083391730965,14310.0,14348.6,-0.015028676862498563
2022-01-12,10,14302.0,0.0209804881460273,2.5334442746207464,0.0,0.6666666666666666,-0.6666660000006667,0.08585857384450746,3.0,2.3345194803923666,0.0,1.0,-0.9999990000010001,0.09090908264462885,1.0,,,,,,,,,,,,,,,,,,,3.6745824909149154,0.14285714285714285,0.2857142857142857,-0.14285700000014287,0.06462584054097978,7.0,1,-0.1675626614536018,14299.0,-0.2576601671309242,14323.0,-0.2500694637399325,14360.0,0.3843466107616988,14365.0,14336.0,-0.08770190138563286
2022-01-13,13,14311.0,0.0629282617815585,2.7872493312979665,0.0,0.0,0.0,0.0,1.0,2.7872493312979665,0.0,0.0,0.0,0.0,1.0,,,,,,,3.3948024185106567,1.0,0.0,0.9999990000010001,0.11111109876543349,1.0,,,,,,,3.0903286150442493,0.2727272727272727,0.18181818181818182,0.09090900000009092,0.06818180681818396,11.0,1,0.0209804881460273,14302.0,-0.1675626614536018,14299.0,-0.2576601671309242,14323.0,0.2158022972502671,14396.0,14319.0,-0.11827670847937459
2022-01-14,9,14310.0,-0.0069876318915529,2.767105483713895,0.0,1.0,-0.9999990000010001,0.09999999000000101,1.0,,,,,,,,,,,,,,,,,,,,,,,,,3.190097109654629,0.0,0.25,-0.24999975000025002,0.033333328611111816,8.0,0,0.0629282617815585,14311.0,0.0209804881460273,14302.0,-0.1675626614536018,14299.0,-0.2500694637399325,14360.0,14309.0,-0.06966034210969865
2022-01-17,10,14323.0,0.0908455625436843,3.0880058871825304,0.0,1.3333333333333333,-0.6666662222225926,0.12121211019283847,3.0,2.944444168356606,0.0,3.0,-0.9999996666667778,0.2727272479338866,1.0,,,,,,,,,,,,,,,,,,,2.983215979411014,0.0,0.0,0.0,0.0,7.0,1,-0.0069876318915529,14310.0,0.0629282617815585,14311.0,0.0209804881460273,14302.0,-0.2576601671309242,14323.0,14309.0,4.0803825223051374e-05
2022-01-18,2,14325.0,0.0139635551211325,3.2942843991099533,0.0,2.5,-0.9999995833335138,0.2708333029513924,2.0,,,,,,,,,,,,,,,,,,,,,,,,,,,,,,,1,0.0908455625436843,14323.0,-0.0069876318915529,14310.0,0.0629282617815585,14311.0,-0.1675626614536018,14299.0,14314.2,0.03634604714016991
2022-01-19,10,14370.0,0.3141361256544517,3.1837619123787326,0.25,1.0,-0.24999991666669444,0.1515151314279184,4.0,,,,,,,,,,,,,3.249122768023781,0.0,2.0,-0.99999950000025,0.16666665277777895,1.0,,,,,,,3.5704759756793734,0.4,0.2,0.1999998000002,0.0857142734693895,5.0,1,0.0139635551211325,14325.0,0.0908455625436843,14323.0,-0.0069876318915529,14310.0,0.0209804881460273,14302.0,14327.8,0.0949771746418548
2022-01-20,6,14354.0,-0.1113430758524658,3.4522841351293065,0.0,1.0,-0.9999990000010001,0.11111109876543349,1.0,,,,,,,,,,,,,,,,,,,,,,,,,3.386784231737886,0.2,0.6,-0.3999996000004,0.09333332177777931,5.0,0,0.3141361256544517,14370.0,0.0139635551211325,14325.0,0.0908455625436843,14323.0,0.0629282617815585,14311.0,14336.4,0.06012290711504993
2022-01-21,4,14347.0,-0.048766894245511,2.355346362367257,0.0,2.0,-0.99999950000025,0.22222219753086697,1.0,2.355346362367257,0.0,2.0,-0.99999950000025,0.22222219753086697,1.0,,,,,,,,,,,,,,,,,,,2.8439543891085637,0.6666666666666666,0.6666666666666666,0.3333328333339167,0.16111108879629985,3.0,0,-0.1113430758524658,14354.0,0.3141361256544517,14370.0,0.0139635551211325,14325.0,-0.0069876318915529,14310.0,14343.8,0.05176705464425833
2022-01-24,6,14327.0,-0.1394019655677092,3.2427544074248345,0.0,1.0,-0.9999990000010001,0.11111109876543349,1.0,,,,,,,,,,,,,,,,,,,,,,,,,3.176978126354399,0.0,0.0,0.0,0.0,5.0,0,-0.048766894245511,14347.0,-0.1113430758524658,14354.0,0.3141361256544517,14370.0,0.0908455625436843,14323.0,14344.6,0.0057175490219796175
2022-01-25,7,14358.0,0.21637467718294,3.1465532189663854,0.0,1.3333333333333333,-0.9999991666674166,0.1994949138927223,3.0,,,,,,,,,,,,,,,,,,,,,,,,,3.3446917930614966,0.0,0.5,-0.49999950000050003,0.062499991319445745,4.0,1,-0.1394019655677092,14327.0,-0.048766894245511,14347.0,-0.1113430758524658,14354.0,0.0139635551211325,14325.0,14351.2,0.04619977343434112
2022-01-26,5,14346.0,-0.0835770998746321,3.1978508491416138,0.0,0.0,0.0,0.0,1.0,,,,,,,,,,,,,,,,,,,,,,,,,3.5836447280608406,0.25,0.25,0.0,0.050505045352515585,4.0,0,0.21637467718294,14358.0,-0.1394019655677092,14327.0,-0.048766894245511,14347.0,0.3141361256544517,14370.0,14346.4,-0.03334287167147564
2022-01-27,10,14385.0,0.2718527812630711,3.351695095202242,0.0,2.0,-0.99999950000025,0.16666665277777895,1.0,,,,,,,,,,,,,,,,,,,,,,,,,3.2032584468653975,0.2222222222222222,0.5555555555555556,-0.22222205555569444,0.09656083392384904,9.0,1,-0.0835770998746321,14346.0,0.21637467718294,14358.0,-0.1394019655677092,14327.0,-0.1113430758524658,14354.0,14352.6,0.04329629975163174
2022-01-28,7,14381.0,-0.0278067431352058,3.2096296536242295,0.0,0.0,0.0,0.0,1.0,,,,,,,,,,,,,,,,,,,,,,,,,2.8389449573492844,0.3333333333333333,0.16666666666666666,0.16666650000016667,0.09325394980631528,6.0,0,0.2718527812630711,14385.0,-0.0835770998746321,14346.0,0.21637467718294,14358.0,-0.048766894245511,14347.0,14359.4,0.047488329973692775
2022-01-31,10,14392.0,0.0764898129476332,3.151092504113975,0.5,0.0,0.49999950000050003,0.04166666319444474,2.0,,,,,,,,,,,,,,,,,,,,,,,,,2.804732981354361,0.0,0.375,-0.37499962500037504,0.08452378808390622,8.0,1,-0.0278067431352058,14381.0,0.2718527812630711,14385.0,-0.0835770998746321,14346.0,-0.1394019655677092,14327.0,14372.4,0.09066668567676126
2022-02-02,11,14347.0,-0.3126737076153407,2.8097348798867907,0.0,1.0,-0.79999930000065,0.14833331040278147,5.0,2.833444247045124,0.0,1.0,-0.9999990000010001,0.16666663888889352,1.0,,,,,,,,,,,,,,,,,,,3.2496596552048262,0.16666666666666666,0.16666666666666666,0.0,0.0476190408163275,6.0,0,0.0764898129476332,14392.0,-0.0278067431352058,14381.0,0.2718527812630711,14385.0,0.21637467718294,14358.0,14370.2,-0.015142991282894886
2022-02-03,6,14381.0,0.2369833414651134,2.7119232203574515,0.0,1.0,-0.499999750000125,0.16666663888889352,2.0,,,,,,,,,,,,,3.5124983615636025,0.0,0.0,0.0,0.0,2.0,,,,,,,3.550041849095398,0.0,0.0,0.0,0.0,2.0,1,-0.3126737076153407,14347.0,0.0764898129476332,14392.0,-0.0278067431352058,14381.0,-0.0835770998746321,14346.0,14377.2,0.048969096985054215
2022-02-04,4,14376.0,-0.0347680967943797,,,,,,,,,,,,,,,,,,,,,,,,,,,,,,,3.146530580317965,0.5,0.0,0.49999950000050003,0.07291665581597387,4.0,0,0.2369833414651134,14381.0,-0.3126737076153407,14347.0,0.0764898129476332,14392.0,0.2718527812630711,14385.0,14375.4,-0.012355078626435945
2022-02-07,11,14404.0,0.1947690595436757,3.1253498177034555,0.0,0.0,0.0,0.0,3.0,3.3066922608518396,0.0,0.0,0.0,0.0,1.0,2.3084721362933402,0.0,0.0,0.0,0.0,1.0,,,,,,,,,,,,,3.280010505553077,0.0,0.7142857142857143,-0.5714280714290357,0.08011233869695367,7.0,1,-0.0347680967943797,14376.0,0.2369833414651134,14381.0,-0.3126737076153407,14347.0,-0.0278067431352058,14381.0,14380.0,0.03216008190934035
2022-02-08,7,14385.0,-0.1319078033879428,2.7492392510446106,0.0,1.0,-0.6666661666670833,0.1111110987654335,3.0,,,,,,,,,,,,,,,,,,,,,,,,,3.753340581204784,0.0,0.0,0.0,0.0,4.0,0,0.1947690595436757,14404.0,-0.0347680967943797,14376.0,0.2369833414651134,14381.0,0.0764898129476332,14392.0,14378.6,-0.009519441357774841
2022-02-09,7,14366.0,-0.1320820298922442,,,,,,,,,,,,,,,,,,,3.190374058247364,1.0,1.0,0.0,0.24999996875000394,1.0,,,,,,,3.186033085610647,0.14285714285714285,0.2857142857142857,-0.14285700000014287,0.049999994107143564,7.0,0,-0.1319078033879428,14385.0,0.1947690595436757,14404.0,-0.0347680967943797,14376.0,-0.3126737076153407,14347.0,14382.4,0.026598894186844458
2022-02-10,13,14344.0,-0.1531393568147021,2.6879397127335434,0.0,0.0,0.0,0.0,1.0,,,,,,,,,,,,,,,,,,,2.6879397127335434,0.0,0.0,0.0,0.0,1.0,3.16597282575729,0.25,0.16666666666666666,0.08333325000008333,0.07569442765625435,12.0,0,-0.1320820298922442,14366.0,-0.1319078033879428,14385.0,0.1947690595436757,14404.0,0.2369833414651134,14381.0,14375.0,-0.05142564546911864
2022-02-11,24,14359.0,0.1045733407696536,3.028294062836302,0.5,0.5,0.0,0.09090908264462885,2.0,,,,,,,,,,,,,3.1876464587187714,0.0,2.0,-0.99999950000025,0.22222219753086697,1.0,,,,,,,3.1458745192961697,0.09090909090909091,0.22727272727272727,-0.09090902272732954,0.04707791443559884,22.0,1,-0.1531393568147021,14344.0,-0.1320820298922442,14366.0,-0.1319078033879428,14385.0,-0.0347680967943797,14376.0,14371.6,-0.023557357956311982
2022-02-14,13,14338.0,-0.1462497388397543,3.2065982031272138,0.0,1.0,-0.9999990000010001,0.12632273519647266,3.0,2.7687366802300333,1.0,0.0,0.9999990000010001,0.09999999000000101,1.0,,,,,,,,,,,,,,,,,,,3.300348003564097,0.1,0.1,0.0,0.020833331076389145,10.0,0,0.1045733407696536,14359.0,-0.1531393568147021,14344.0,-0.1320820298922442,14366.0,0.1947690595436757,14404.0,14358.4,-0.09176111763299799
2022-02-15,9,14292.0,-0.3208257776537881,2.6117407548332787,0.0,0.5,-0.49999950000050003,0.07142856122449125,2.0,,,,,,,,,,,,,,,,,,,,,,,,,3.096738411987512,0.14285714285714285,0.14285714285714285,0.0,0.028571425714286003,7.0,0,-0.1462497388397543,14338.0,0.1045733407696536,14359.0,-0.1531393568147021,14344.0,-0.1319078033879428,14385.0,14339.8,-0.12954471248616703
2022-02-16,7,14278.0,-0.0979568989644574,2.841678604205601,0.0,1.0,-0.9999990000010001,0.09999999000000101,1.0,,,,,,,,,,,,,3.5033993824060166,0.0,0.0,0.0,0.0,1.0,,,,,,,3.3953017363731655,0.2,0.2,0.0,0.05357142136479689,5.0,0,-0.3208257776537881,14292.0,-0.1462497388397543,14338.0,0.1045733407696536,14359.0,-0.1320820298922442,14366.0,14322.2,-0.12271968630060967
2022-02-17,9,14301.0,0.1610869869729692,2.9305373297860706,0.0,0.5,-0.49999950000050003,0.05555554938271674,2.0,,,,,,,,,,,,,,,,,,,,,,,,,3.011360196080972,0.0,0.125,-0.12499987500012501,0.013888887345679186,8.0,1,-0.0979568989644574,14278.0,-0.3208257776537881,14292.0,-0.1462497388397543,14338.0,-0.1531393568147021,14344.0,14313.6,-0.05987441754307542
2022-02-18,5,14339.0,0.2657156842178931,2.834342220717078,0.0,1.0,-0.9999990000010001,0.13392855341199222,2.0,,,,,,,,,,,,,,,,,,,,,,,,,3.0054644820520022,0.0,0.3333333333333333,-0.33333300000033333,0.0476190408163275,3.0,1,0.1610869869729692,14301.0,-0.0979568989644574,14278.0,-0.3208257776537881,14292.0,0.1045733407696536,14359.0,14309.6,-0.027645948853427527
2022-02-21,10,14329.0,-0.0697398702838358,2.9116602615522194,0.0,0.6666666666666666,-0.4999995833337083,0.10562768751560454,6.0,3.089149437491868,0.0,1.5,-0.999999250000625,0.24545450132232244,2.0,,,,,,,,,,,,,,,,,,,3.078894317670573,0.0,1.3333333333333333,-0.6666662222225926,0.1464646289409267,3.0,0,0.2657156842178931,14339.0,0.1610869869729692,14301.0,-0.0979568989644574,14278.0,-0.1462497388397543,14338.0,14307.8,-0.012343975142243824
2022-02-22,7,14362.0,0.2303021843813146,2.981308146758236,0.0,1.25,-0.7499994166671945,0.15029760078007123,4.0,3.267702393705057,0.0,0.5,-0.49999950000050003,0.07142856122449125,2.0,,,,,,,,,,,,,,,,,,,3.1327483122222395,0.0,0.0,0.0,0.0,1.0,1,-0.0697398702838358,14329.0,0.2657156842178931,14339.0,0.1610869869729692,14301.0,-0.3208257776537881,14292.0,14321.8,0.09788161726477672
2022-02-23,12,14355.0,-0.0487397298426395,3.186722596396328,0.0,0.375,-0.37499962500037504,0.047371025698677245,8.0,3.124903256898807,0.0,0.0,0.0,0.0,2.0,,,,,,,,,,,,,,,,,,,3.344286527073055,0.0,0.25,-0.24999975000025002,0.024999997500000253,4.0,0,0.2303021843813146,14362.0,-0.0697398702838358,14329.0,0.2657156842178931,14339.0,-0.0979568989644574,14278.0,14337.2,0.1077250510891403
2022-02-24,14,14371.0,0.1114594218042386,3.197049648543999,0.14285714285714285,0.14285714285714285,0.0,0.04166666046627078,7.0,3.1519550959097797,0.25,0.5,-0.24999975000025002,0.10069443050733225,4.0,,,,,,,3.6329085992124215,0.0,0.0,0.0,0.0,1.0,,,,,,,3.018386825509424,0.25,0.0,0.24999975000025002,0.02777777469135837,4.0,1,-0.0487397298426395,14355.0,0.2303021843813146,14362.0,-0.0697398702838358,14329.0,0.1610869869729692,14301.0,14351.2,0.09779953805539418
2022-02-25,25,14369.0,-0.0139169160114138,3.05427304522454,0.043478260869565216,0.6521739130434783,-0.43478226086986954,0.11973772807816718,23.0,3.2218539790391723,0.0,0.3333333333333333,-0.33333300000033333,0.03703703292181116,3.0,,,,,,,2.2146036226904484,1.0,0.0,0.9999990000010001,0.24999993750001562,1.0,,,,,,,3.1422570808781045,0.0,0.6666666666666666,-0.33333316666675,0.08333332291666798,3.0,0,0.1114594218042386,14371.0,-0.0487397298426395,14355.0,0.2303021843813146,14362.0,0.2657156842178931,14339.0,14357.2,0.04187301800953281
2022-03-01,60,14350.0,-0.1322291043218015,3.140301374739353,0.14583333333333334,0.6041666666666666,-0.3749996666669792,0.09101053988056086,48.0,3.180554290321114,0.0,0.35714285714285715,-0.3571425000003572,0.03784013192841667,14.0,,,,,,,3.0306009814507657,0.0,0.0,0.0,0.0,1.0,,,,,,,3.4026653179658153,0.18181818181818182,0.2727272727272727,-4.545447726292648e-08,0.061225886232105564,11.0,0,-0.0139169160114138,14369.0,0.1114594218042386,14371.0,-0.0487397298426395,14355.0,-0.0697398702838358,14329.0,14361.4,0.029375171201939672
2022-03-02,17,14373.0,0.1602787456445931,3.008044148879864,0.35714285714285715,0.6428571428571429,-0.21428551190496628,0.1275252332786321,14.0,2.93974319829127,0.25,0.25,0.0,0.063492055303604,4.0,,,,,,,3.63079950240283,2.0,0.0,0.99999950000025,0.16666665277777895,1.0,,,,,,,3.210054556645574,0.0,1.0,-0.33333322222225925,0.11111109876543347,3.0,1,-0.1322291043218015,14350.0,-0.0139169160114138,14369.0,0.1114594218042386,14371.0,0.2303021843813146,14362.0,14363.6,0.015370483454595369
2022-03-04,46,14383.0,0.0695748973770227,3.160366172228836,0.06060606060606061,0.696969696969697,-0.5555550370375382,0.10446126364682151,33.0,2.8253364808980628,0.16666666666666666,0.5,-0.166666583333375,0.08928570227466148,6.0,,,,,,,3.106077169671257,0.3333333333333333,0.3333333333333333,0.0,0.06363635754820995,3.0,,,,,,,3.373235320609174,0.08333333333333333,0.3333333333333333,-0.24999975000025002,0.06712961541924244,12.0,1,0.1602787456445931,14373.0,-0.1322291043218015,14350.0,-0.0139169160114138,14369.0,-0.0487397298426395,14355.0,14369.2,0.03903340889852781
2022-03-07,25,14411.0,0.1946742682333413,3.3174405799448583,0.08333333333333333,0.9583333333333334,-0.5833328458337829,0.11355714725181139,24.0,3.069612200639935,0.0,0.5,-0.49999950000050003,0.062499992187500984,2.0,,,,,,,,,,,,,,,,,,,3.714837114435147,0.0,1.25,-0.749999500000375,0.13680554047646776,4.0,1,0.0695748973770227,14383.0,0.1602787456445931,14373.0,-0.1322291043218015,14350.0,0.1114594218042386,14371.0,14377.2,0.05567637818434834
2022-03-08,22,14394.0,-0.1179654430643273,3.1927345944541754,0.125,0.8125,-0.5833327951394068,0.10582836075602667,16.0,,,,,,,,,,,,,3.573327713273469,0.3333333333333333,0.0,0.33333300000033333,0.05555554629629784,3.0,,,,,,,3.3006943437079963,0.0,0.5,-0.49999950000050003,0.07499998750000225,4.0,0,0.1946742682333413,14411.0,0.0695748973770227,14383.0,0.1602787456445931,14373.0,-0.0139169160114138,14369.0,14382.2,0.03486667277376565
2022-03-09,17,14371.0,-0.15978880088926,3.1622445537254347,0.0,0.5454545454545454,-0.4545450454549318,0.05482849818617074,11.0,,,,,,,,,,,,,,,,,,,,,,,,,2.6625678211205646,0.0,0.0,0.0,0.0,6.0,0,-0.1179654430643273,14394.0,0.1946742682333413,14411.0,0.0695748973770227,14383.0,-0.1322291043218015,14350.0,14386.4,0.02935473346027394
2022-03-10,12,14298.0,-0.5079674344165341,3.234882538549886,0.1111111111111111,0.7777777777777778,-0.5555550555560278,0.09462203416601819,9.0,3.218903190826635,0.0,2.0,-0.99999950000025,0.19999998000000202,1.0,,,,,,,,,,,,,,,,,,,3.3389317648355017,0.3333333333333333,0.0,0.33333300000033333,0.11111107407408642,3.0,0,-0.15978880088926,14371.0,-0.1179654430643273,14394.0,0.1946742682333413,14411.0,0.1602787456445931,14373.0,14371.4,-0.1042945025519515
2022-03-11,26,14306.0,0.0559518813820103,3.2222274014097585,0.08333333333333333,0.6666666666666666,-0.41666633333362496,0.11408728198224112,12.0,3.5379086643173374,0.0,0.0,0.0,0.0,1.0,,,,,,,,,,,,,,,,,,,3.329029633556655,0.07692307692307693,0.23076923076923078,-0.15384600000015386,0.03934953405753372,13.0,1,-0.5079674344165341,14298.0,-0.15978880088926,14371.0,-0.1179654430643273,14394.0,0.0695748973770227,14383.0,14356.0,-0.10701910575095397
2022-03-14,16,14328.0,0.1537816300852812,3.035390342974563,0.0,0.7272727272727273,-0.4545451363638863,0.08773447704362348,11.0,2.8086868891995325,0.25,0.75,-0.2499998750000625,0.11527776437885962,4.0,,,,,,,,,,,,,,,,,,,3.613661387843236,0.0,0.6,-0.39999970000025,0.06969696083563023,5.0,1,0.0559518813820103,14306.0,-0.5079674344165341,14298.0,-0.15978880088926,14371.0,0.1946742682333413,14411.0,14339.4,-0.11519763338056602
2022-03-15,21,14321.0,-0.048855388051372,3.290370988905994,0.13333333333333333,0.26666666666666666,-0.13333320000013335,0.03998316091459673,15.0,,,,,,,,,,,,,,,,,,,,,,,,,3.0843275497528033,0.14285714285714285,0.2857142857142857,-0.14285700000014287,0.06031745107583929,7.0,0,0.1537816300852812,14328.0,0.0559518813820103,14306.0,-0.5079674344165341,14298.0,-0.1179654430643273,14394.0,14324.8,-0.10137562237797496
2022-03-16,17,14311.0,-0.0698275260107572,2.7270268101526782,0.0,0.375,-0.24999981250015624,0.04285713780612306,8.0,3.3273344491732413,0.0,0.0,0.0,0.0,1.0,,,,,,,,,,,,,4.126732195852774,0.0,1.0,-0.9999990000010001,0.11111109876543349,1.0,3.3279874111585754,0.0,0.5,-0.37499968750028123,0.060470771730451914,8.0,0,-0.048855388051372,14321.0,0.1537816300852812,14328.0,0.0559518813820103,14306.0,-0.15978880088926,14371.0,14312.8,-0.08338336740227437
2022-03-17,25,14290.0,-0.1467402697225894,3.2827432955556515,0.25,0.75,-0.3333330972224051,0.09848483868993059,8.0,2.7450438204584766,0.0,0.6666666666666666,-0.6666660000006667,0.095238081632655,3.0,,,,,,,,,,,,,,,,,,,3.210400970693661,0.07142857142857142,0.2857142857142857,-0.142857035714375,0.039758847431511736,14.0,0,-0.0698275260107572,14311.0,-0.048855388051372,14321.0,0.1537816300852812,14328.0,-0.5079674344165341,14298.0,14311.2,-0.011137934463485422
2022-03-18,17,14340.0,0.3498950314905436,3.1963860420864365,0.18181818181818182,0.8181818181818182,-0.4545450909094091,0.12039549703195464,11.0,2.609255179189846,1.0,0.0,0.9999990000010001,0.16666663888889352,1.0,,,,,,,,,,,,,,,,,,,3.242701971800822,0.0,0.16666666666666666,-0.16666650000016667,0.016666665000000167,6.0,1,-0.1467402697225894,14290.0,-0.0698275260107572,14311.0,-0.048855388051372,14321.0,0.0559518813820103,14306.0,14318.0,0.04765069555822123
2022-03-21,11,14341.0,0.0069735006973603,3.3363223112570095,0.5,0.75,-0.24999975000025002,0.14114009282120055,4.0,2.77945135787483,0.0,0.0,0.0,0.0,1.0,,,,,,,,,,,,,,,,,,,3.4946807345833726,0.3333333333333333,0.0,0.33333300000033333,0.05714284707483175,6.0,1,0.3498950314905436,14340.0,-0.1467402697225894,14290.0,-0.0698275260107572,14311.0,0.1537816300852812,14328.0,14320.6,0.018289069680637055
2022-03-22,13,14358.0,0.1185412453803769,3.118636738022411,0.2,0.6,-0.19999990000005,0.08969695883563045,5.0,3.373189195568739,1.0,0.0,0.9999990000010001,0.11111109876543349,1.0,,,,,,,,,,,,,3.6891425542550786,0.0,2.0,-0.99999950000025,0.19999998000000202,1.0,3.3855700368638675,0.0,0.3333333333333333,-0.33333300000033333,0.0476190408163275,6.0,1,0.0069735006973603,14341.0,0.3498950314905436,14340.0,-0.1467402697225894,14290.0,-0.048855388051372,14321.0,14328.0,0.05176839636698684
2022-03-23,11,14351.0,-0.0487533082602076,3.3085951186743645,0.16666666666666666,0.16666666666666666,0.0,0.04166666145833399,6.0,3.3575956712934154,0.0,1.0,-0.9999990000010001,0.12499998437500197,1.0,,,,,,,3.3575956712934154,0.0,1.0,-0.9999990000010001,0.12499998437500197,1.0,,,,,,,3.05381806752456,0.16666666666666666,0.0,0.16666650000016667,0.02380952040816375,6.0,0,0.1185412453803769,14358.0,0.0069735006973603,14341.0,0.3498950314905436,14340.0,-0.0698275260107572,14311.0,14336.0,0.05598323991709675
2022-03-24,15,14361.0,0.0696815552923224,3.1751966982666406,0.3333333333333333,0.5555555555555556,-1.1111094442048694e-07,0.10030863050840326,9.0,3.3631341654395572,0.0,0.0,0.0,0.0,1.0,,,,,,,,,,,,,,,,,,,3.2312235119963555,0.0,0.2,-0.1999998000002,0.015384614201183524,5.0,1,-0.0487533082602076,14351.0,0.1185412453803769,14358.0,0.0069735006973603,14341.0,-0.1467402697225894,14290.0,14350.2,0.0992676049200791
2022-03-25,14,14341.0,-0.1392660678225743,3.188836574468569,0.2,0.4,-0.13333322222232594,0.06833332550463053,10.0,2.8235642626509043,0.0,0.0,0.0,0.0,4.0,,,,,,,,,,,,,,,,,,,3.6741153390218315,0.6666666666666666,1.0,-0.11111107407408642,0.1717171538618527,3.0,0,0.0696815552923224,14361.0,-0.0487533082602076,14351.0,0.1185412453803769,14358.0,0.3498950314905436,14340.0,14350.4,0.0014353850574555405
2022-03-28,12,14360.0,0.1324872742486604,3.229252755935548,0.0,0.16666666666666666,-0.16666650000016667,0.01851851646090558,6.0,3.1621298595914555,0.0,0.25,-0.24999975000025002,0.02777777469135837,4.0,,,,,,,,,,,,,,,,,,,3.4478646760028773,0.2,0.0,0.1999998000002,0.01818181652892577,5.0,1,-0.1392660678225743,14341.0,0.0696815552923224,14361.0,-0.0487533082602076,14351.0,0.0069735006973603,14341.0,14354.2,0.026538139767715564
2022-03-29,8,14364.0,0.0278551532033377,3.0016038406649654,0.0,0.4,-0.3999996000004,0.058333324652779094,5.0,2.9476861557211356,0.5,0.5,0.0,0.09999999000000101,2.0,,,,,,,3.231029289421658,0.5,0.0,0.49999950000050003,0.045454541322314426,2.0,,,,,,,4.204214399436741,0.0,3.0,-0.9999996666667778,0.2727272479338866,1.0,1,0.1324872742486604,14360.0,-0.1392660678225743,14341.0,0.0696815552923224,14361.0,0.1185412453803769,14358.0,14355.4,0.008400921332307723
2022-03-30,9,14349.0,-0.1044277360066847,2.989409183174686,0.0,1.0,-0.6666661666670833,0.13518516479424209,6.0,2.394748363407608,0.0,1.0,-0.9999990000010001,0.11111109876543349,1.0,,,,,,,,,,,,,,,,,,,3.0830806678213354,0.0,1.2,-0.7999994000005,0.1285714144897975,5.0,0,0.0278551532033377,14364.0,0.1324872742486604,14360.0,-0.1392660678225743,14341.0,-0.0487533082602076,14351.0,14355.0,-0.002733964216987697
2022-03-31,11,14357.0,0.0557530141473305,2.924154327367947,0.0,1.25,-0.7499994583337848,0.16320344110900592,8.0,,,,,,,,,,,,,2.7587275723235667,0.5,1.5,-3.3333288884662693e-07,0.2976190031179205,2.0,2.415930959822607,0.0,1.0,-0.9999990000010001,0.1428571224489825,1.0,2.795789517659368,0.0,1.0,-0.9999990000010001,0.18333329944445076,2.0,1,-0.1044277360066847,14349.0,0.0278551532033377,14364.0,0.1324872742486604,14360.0,0.0696815552923224,14361.0,14354.2,-0.005519672445986076
2022-04-01,12,14364.0,0.0487567040468039,3.0716195922822753,0.0,1.3333333333333333,-0.8333327500004583,0.14273687674931143,6.0,3.0923624624323325,0.0,1.3333333333333333,-0.9999991666674166,0.15079363255858133,3.0,,,,,,,3.5280101404384174,0.0,0.0,0.0,0.0,1.0,,,,,,,3.1378208995807846,0.25,0.0,0.24999975000025002,0.04166665972222338,4.0,1,0.0557530141473305,14357.0,-0.1044277360066847,14349.0,0.0278551532033377,14364.0,-0.1392660678225743,14341.0,14358.8,0.032084881927889566
2022-04-04,15,14362.0,-0.0139236981342216,3.326368425388905,0.18181818181818182,0.7272727272727273,-0.36363609090931814,0.09754688651526734,11.0,3.6501632367256662,0.0,1.0,-0.499999750000125,0.08333332638888948,2.0,,,,,,,3.273945191204642,0.0,0.0,0.0,0.0,1.0,,,,,,,3.473878230436713,0.6666666666666666,0.3333333333333333,0.33333300000033333,0.14999997625000397,3.0,0,0.0487567040468039,14364.0,0.0557530141473305,14357.0,-0.1044277360066847,14349.0,0.1324872742486604,14360.0,14359.2,0.002802687451313162
2022-04-05,6,14348.0,-0.097479459685279,3.102851763255481,0.0,0.6,-0.5999994000006,0.07301586399596989,5.0,3.189857179138842,0.0,0.5,-0.49999950000050003,0.07142856122449125,2.0,,,,,,,,,,,,,,,,,,,2.933672064862316,0.0,0.5,-0.49999950000050003,0.05555554938271674,2.0,0,-0.0139236981342216,14362.0,0.0487567040468039,14364.0,0.0557530141473305,14357.0,0.0278551532033377,14364.0,14356.0,-0.022264235126410178
2022-04-06,13,14364.0,0.1115137998327187,3.094866297222595,0.0,1.25,-0.7499994166671945,0.14425503363376707,4.0,3.6850406072873008,0.0,0.6666666666666666,-0.6666660000006667,0.06363635754820995,3.0,,,,,,,,,,,,,,,,,,,3.0751749451314376,0.0,0.42857142857142855,-0.42857100000042864,0.05413831508420257,7.0,1,-0.097479459685279,14348.0,-0.0139236981342216,14362.0,0.0487567040468039,14364.0,-0.1044277360066847,14349.0,14359.0,0.020924072041470503
2022-04-07,9,14359.0,-0.0348092453355652,2.7430578598098045,0.0,1.25,-0.9999991250008126,0.14236109485918397,4.0,2.4670680177839746,0.0,1.0,-0.9999990000010001,0.11111109876543349,2.0,,,,,,,,,,,,,,,,,,,3.2789953107027054,0.4,0.6,-0.1999998000002,0.13571426721939028,5.0,0,0.1115137998327187,14364.0,-0.097479459685279,14348.0,-0.0139236981342216,14362.0,0.0557530141473305,14357.0,14359.4,0.002811620144891361
2022-04-08,12,14365.0,0.0417856396685012,2.771665231053446,0.0,0.25,-0.24999975000025002,0.022727270661157213,4.0,,,,,,,,,,,,,,,,,,,,,,,,,3.3772651836395027,0.25,0.375,-0.12499987500012501,0.08645832040798819,8.0,1,-0.0348092453355652,14359.0,0.1115137998327187,14364.0,-0.097479459685279,14348.0,0.0487567040468039,14364.0,14359.6,0.0014174072692308207
2022-04-11,17,14370.0,0.0348068221371455,3.1536466930481284,0.18181818181818182,0.8181818181818182,-0.4545450909094091,0.12475073780156452,11.0,2.7533815544452285,0.0,2.0,-0.99999950000025,0.285714244897965,1.0,,,,,,,2.920109624790827,0.0,1.0,-0.9999990000010001,0.199999960000008,1.0,,,,,,,3.112930505394136,0.0,0.6666666666666666,-0.6666660000006667,0.08167988405914191,6.0,1,0.0417856396685012,14365.0,-0.0348092453355652,14359.0,0.1115137998327187,14364.0,-0.0139236981342216,14362.0,14361.2,0.011163511323504242
2022-04-12,12,14364.0,-0.041753653444676,3.027349148822691,0.25,0.0,0.24999975000025002,0.024999997500000253,4.0,,,,,,,,,,,,,,,,,,,,,,,,,3.3816185123472757,0.125,0.125,0.0,0.031746027651802,8.0,0,0.0348068221371455,14370.0,0.0417856396685012,14365.0,-0.0348092453355652,14359.0,-0.097479459685279,14348.0,14364.4,0.02230867257162484
2022-04-13,22,14359.0,-0.0348092453355652,3.4143355448128165,0.0,0.0,0.0,0.0,1.0,,,,,,,,,,,,,,,,,,,,,,,,,3.0634096112070237,0.0,0.19047619047619047,-0.1904760000001905,0.024848825144685734,21.0,0,-0.041753653444676,14364.0,0.0348068221371455,14370.0,0.0417856396685012,14365.0,0.1115137998327187,14364.0,14363.4,-0.006955936462031939
2022-04-14,18,14349.0,-0.0696427327808391,3.2294187002559824,0.0,0.8,-0.3999998000001,0.0971428449795934,5.0,3.204227698080355,0.0,0.0,0.0,0.0,1.0,,,,,,,,,,,,,,,,,,,3.3014207017899198,0.15384615384615385,0.15384615384615385,0.0,0.03507603097111372,13.0,0,-0.0348092453355652,14359.0,-0.041753653444676,14364.0,0.0348068221371455,14370.0,-0.0348092453355652,14359.0,14361.4,-0.013922633951086718
2022-04-18,20,14356.0,0.0487838873789003,3.0682145194936026,0.1111111111111111,0.7777777777777778,-0.5555550555560278,0.11234566377229305,9.0,3.1217701737129584,0.5,1.0,-0.49999950000050003,0.16111109376543398,2.0,,,,,,,2.9392995017070236,1.0,0.0,0.9999990000010001,0.11111109876543349,1.0,,,,,,,3.2609710511377314,0.36363636363636365,0.36363636363636365,-0.09090895454561365,0.11486289629263459,11.0,1,-0.0696427327808391,14349.0,-0.0348092453355652,14359.0,-0.041753653444676,14364.0,0.0417856396685012,14365.0,14359.6,-0.012522984409006899
2022-04-19,9,14347.0,-0.0626915575369202,3.3713974274398097,0.3333333333333333,0.0,0.33333300000033333,0.033333330000000334,3.0,2.9482280730417525,0.0,2.0,-0.99999950000025,0.22222219753086697,1.0,,,,,,,3.8594834235105417,1.0,0.0,0.9999990000010001,0.09999999000000101,1.0,,,,,,,3.2238884418352525,0.0,0.4,-0.3999996000004,0.0485714224897967,5.0,0,0.0487838873789003,14356.0,-0.0696427327808391,14349.0,-0.0348092453355652,14359.0,0.0348068221371455,14370.0,14355.0,-0.03202266034382004
2022-04-20,16,14351.0,0.027880393113544,3.174820439979994,0.0,0.4444444444444444,-0.33333305555580556,0.04672364047045175,9.0,3.4924163651126583,0.0,0.0,0.0,0.0,1.0,,,,,,,3.2968248975940373,0.5,0.5,0.0,0.18749996093750879,2.0,,,,,,,2.847160583741699,0.16666666666666666,0.3333333333333333,-0.16666650000016667,0.07103173480631332,6.0,1,-0.0626915575369202,14347.0,0.0487838873789003,14356.0,-0.0696427327808391,14349.0,-0.041753653444676,14364.0,14352.4,-0.01809585103217604
2022-04-21,8,14348.0,-0.02090446658769,3.026126224971361,0.0,0.5,-0.2499998750000625,0.07142856122449125,4.0,2.807702157791274,0.0,0.0,0.0,0.0,2.0,,,,,,,,,,,,,3.329557558627906,0.0,2.0,-0.99999950000025,0.285714244897965,1.0,3.284607957477019,0.0,0.8,-0.59999950000045,0.09936506673267989,5.0,0,0.027880393113544,14351.0,-0.0626915575369202,14347.0,0.0487838873789003,14356.0,-0.0348092453355652,14359.0,14350.2,-0.015314895282600998
2022-04-22,6,14361.0,0.0906049623640825,3.193340197217152,0.0,0.0,0.0,0.0,1.0,,,,,,,,,,,,,,,,,,,,,,,,,3.2897899925721346,0.2,0.2,0.0,0.0733333197777803,5.0,1,-0.02090446658769,14348.0,0.027880393113544,14351.0,-0.0626915575369202,14347.0,-0.0696427327808391,14349.0,14352.6,0.01673464374638332
2022-04-25,7,14452.0,0.6336606085927121,2.6217303911390397,0.0,1.0,-0.9999990000010001,0.13392855341199222,2.0,2.3946740652350047,0.0,1.0,-0.9999990000010001,0.1428571224489825,1.0,,,,,,,,,,,,,,,,,,,3.3944544804918118,0.0,0.4,-0.19999990000005,0.03333333055555579,5.0,1,0.0906049623640825,14361.0,-0.02090446658769,14348.0,0.027880393113544,14351.0,0.0487838873789003,14356.0,14371.8,0.13370998798914568
2022-04-26,8,14412.0,-0.2767783005812374,3.4609369609144993,0.0,0.5,-0.49999950000050003,0.049999995000000505,2.0,,,,,,,,,,,,,,,,,,,,,,,,,3.2123215317055696,0.3333333333333333,1.0,-0.16666669444433793,0.17724865295624767,6.0,0,0.6336606085927121,14452.0,0.0906049623640825,14361.0,-0.02090446658769,14348.0,-0.0626915575369202,14347.0,14384.8,0.09089263938028225
2022-04-27,7,14418.0,0.0416319733555381,3.410092175863425,0.0,0.5,-0.49999950000050003,0.05555554938271674,2.0,,,,,,,,,,,,,,,,,,,,,,,,,3.0858605008678945,0.2,0.2,0.0,0.04999999375000079,5.0,1,-0.2767783005812374,14412.0,0.6336606085927121,14452.0,0.0906049623640825,14361.0,0.027880393113544,14351.0,14398.2,0.09364295542868105
2022-04-28,6,14480.0,0.4300180330142789,3.163944671571558,0.0,1.25,-0.749999500000375,0.11507935415879422,4.0,,,,,,,,,,,,,,,,,,,,,,,,,2.589298475229701,0.0,0.5,-0.49999950000050003,0.08333331944444676,2.0,1,0.0416319733555381,14418.0,-0.2767783005812374,14412.0,0.6336606085927121,14452.0,-0.02090446658769,14348.0,14424.6,0.18382745534907483
2022-05-09,86,14534.0,0.3729281767955728,3.2967451081603767,0.11538461538461539,0.4230769230769231,-0.26923051923100966,0.06337119849354686,26.0,3.1470820752785222,0.0,1.0,-0.9999990000010001,0.12261903227466182,3.0,3.2195317299468504,0.0,2.0,-0.99999950000025,0.19999998000000202,1.0,3.257757862988573,0.25,0.5,-0.24999975000025002,0.08571427561224612,4.0,,,,,,,3.211298625729259,0.171875,0.40625,-0.171874859375125,0.07222954020592817,64.0,1,0.4300180330142789,14480.0,0.0416319733555381,14418.0,-0.2767783005812374,14412.0,0.0906049623640825,14361.0,14459.2,0.2402920982353729
2022-05-10,12,14546.0,0.0825650199532068,2.8956381668054076,0.0,0.0,0.0,0.0,2.0,3.2137731268339347,0.0,1.0,-0.9999990000010001,0.12499998437500197,1.0,,,,,,,3.2137731268339347,0.0,1.0,-0.9999990000010001,0.12499998437500197,1.0,3.3855643278734617,0.0,1.0,-0.9999990000010001,0.12499998437500197,1.0,3.3085340822400835,0.2222222222222222,0.2222222222222222,0.0,0.06388887885031033,9.0,1,0.3729281767955728,14534.0,0.4300180330142789,14480.0,0.0416319733555381,14418.0,0.6336606085927121,14452.0,14478.0,0.13007298050747182
2022-05-11,11,14546.0,0.0,3.224297009290284,0.0,0.25,-0.24999975000025002,0.022727270661157213,4.0,,,,,,,3.852738736566743,0.0,1.0,-0.9999990000010001,0.16666663888889352,1.0,,,,,,,,,,,,,3.497406469269888,0.2857142857142857,0.5714285714285714,-0.14285707142860712,0.11009068840761635,7.0,0,0.0825650199532068,14546.0,0.3729281767955728,14534.0,0.4300180330142789,14480.0,-0.2767783005812374,14412.0,14504.8,0.1854286406237193
2022-05-12,18,14585.0,0.2681149456895459,3.257953813056099,0.3333333333333333,0.3333333333333333,0.0,0.07539681627929067,3.0,,,,,,,,,,,,,3.214774920322518,0.0,0.0,0.0,0.0,1.0,,,,,,,3.2617750114247572,0.06666666666666667,0.3333333333333333,-0.2666664000002667,0.061616151111495696,15.0,1,0.0,14546.0,0.0825650199532068,14546.0,0.3729281767955728,14534.0,0.0416319733555381,14418.0,14538.2,0.2307252350905209
2022-05-13,9,14619.0,0.2331162152896748,3.095565046861659,0.0,2.0,-0.99999950000025,0.3111110587654415,2.0,,,,,,,,,,,,,,,,,,,,,,,,,3.016743212469413,0.0,0.0,0.0,0.0,7.0,1,0.2681149456895459,14585.0,0.0,14546.0,0.0825650199532068,14546.0,0.4300180330142789,14480.0,14566.0,0.19134487154560004
2022-05-17,23,14651.0,0.2188932211505623,2.8296207363090375,0.0,0.08333333333333333,-0.08333325000008333,0.011904760204081875,12.0,,,,,,,2.8867995876643846,0.0,1.0,-0.9999990000010001,0.1428571224489825,1.0,3.608746757376487,1.0,0.0,0.9999990000010001,0.11111109876543349,1.0,,,,,,,2.7648092511632694,0.0,0.6,-0.49999955000042495,0.09345236519628976,10.0,1,0.2331162152896748,14619.0,0.2681149456895459,14585.0,0.0,14546.0,0.3729281767955728,14534.0,14589.4,0.16053788041659794
2022-05-18,8,14682.0,0.2115896525834326,3.164350862543788,0.0,1.5,-0.999999250000625,0.26666661888889753,2.0,,,,,,,,,,,,,3.1072045860248343,0.0,0.0,0.0,0.0,1.0,,,,,,,3.2948648358063797,0.16666666666666666,0.5,-0.166666583333375,0.11111109259259568,6.0,1,0.2188932211505623,14651.0,0.2331162152896748,14619.0,0.2681149456895459,14585.0,0.0825650199532068,14546.0,14616.6,0.18634280694264313
2022-05-19,9,14731.0,0.3337419970031341,2.5145833404285627,0.0,0.0,0.0,0.0,2.0,,,,,,,,,,,,,,,,,,,,,,,,,3.194874016390414,0.14285714285714285,0.2857142857142857,-0.14285700000014287,0.05555554805996578,7.0,1,0.2115896525834326,14682.0,0.2188932211505623,14651.0,0.2331162152896748,14619.0,0.0,14546.0,14653.6,0.25309120634327
2022-05-20,7,14661.0,-0.4751883782499466,2.950944836059616,0.0,0.3333333333333333,-0.33333300000033333,0.04166666145833399,3.0,,,,,,,,,,,,,,,,,,,,,,,,,3.0834636974565823,0.0,0.75,-0.4999996250003125,0.10416665190972436,4.0,0,0.3337419970031341,14731.0,0.2115896525834326,14682.0,0.2188932211505623,14651.0,0.2681149456895459,14585.0,14668.8,0.10443054155537146
2022-05-23,8,14665.0,0.0272832685355606,3.0960292854191955,0.0,0.6666666666666666,-0.6666660000006667,0.08928570227466148,3.0,,,,,,,,,,,,,,,,,,,,,,,,,3.0072095998583883,0.0,0.0,0.0,0.0,5.0,1,-0.4751883782499466,14661.0,0.3337419970031341,14731.0,0.2115896525834326,14682.0,0.2331162152896748,14619.0,14678.0,0.06326395220454863
2022-05-24,10,14653.0,-0.0818274803955021,2.9339369000260773,0.16666666666666666,1.0,-0.666666083333875,0.11813971851238735,6.0,,,,,,,3.882695198358422,0.0,2.0,-0.99999950000025,0.16666665277777895,1.0,2.880929821283958,0.0,1.0,-0.9999990000010001,0.09999999000000101,1.0,,,,,,,3.1526473950994345,0.0,1.3333333333333333,-0.9999991666674166,0.17857140454932297,3.0,0,0.0272832685355606,14665.0,-0.4751883782499466,14661.0,0.3337419970031341,14731.0,0.2188932211505623,14651.0,14678.4,0.0031198118953357362
2022-05-25,10,14645.0,-0.0545963283969164,3.0564257867602507,0.0,1.0,-0.6666661666670833,0.10822509591274672,3.0,3.651908588310528,0.0,1.0,-0.9999990000010001,0.1428571224489825,1.0,,,,,,,3.651908588310528,0.0,1.0,-0.9999990000010001,0.1428571224489825,1.0,,,,,,,3.0120215510274284,0.0,0.5714285714285714,-0.42857107142889284,0.07738094171627134,7.0,0,-0.0818274803955021,14653.0,0.0272832685355606,14665.0,-0.4751883782499466,14661.0,0.2115896525834326,14682.0,14671.0,-0.05011738430073407
2022-05-27,17,14578.0,-0.4574940252645931,3.1928239500412623,0.2,1.4,-0.59999970000015,0.1688888710123476,5.0,,,,,,,,,,,,,3.409326090320703,1.0,0.0,0.9999990000010001,0.1428571224489825,1.0,,,,,,,3.138054221911958,0.16666666666666666,0.3333333333333333,-0.16666650000016667,0.05611771839531182,12.0,0,-0.0545963283969164,14645.0,-0.0818274803955021,14653.0,0.0272832685355606,14665.0,0.3337419970031341,14731.0,14640.4,-0.2083645887542795
2022-05-30,8,14544.0,-0.2332281520098789,,,,,,,,,,,,,,,,,,,2.809653838085975,0.0,2.0,-0.99999950000025,0.399999920000016,1.0,,,,,,,3.0381029481477624,0.42857142857142855,0.42857142857142855,0.0,0.16043080369066512,7.0,0,-0.4574940252645931,14578.0,-0.0545963283969164,14645.0,-0.0818274803955021,14653.0,-0.4751883782499466,14661.0,14617.0,-0.15997254350626594
2022-05-31,5,14592.0,0.3300330033003229,3.2243734093141168,0.0,1.0,-0.9999990000010001,0.12142855622449175,2.0,3.3893724870323947,0.0,1.0,-0.9999990000010001,0.09999999000000101,1.0,,,,,,,3.3893724870323947,0.0,1.0,-0.9999990000010001,0.09999999000000101,1.0,,,,,,,3.4101987545552093,0.0,0.25,-0.24999975000025002,0.03571428061224562,4.0,1,-0.2332281520098789,14544.0,-0.4574940252645931,14578.0,-0.0545963283969164,14645.0,0.0272832685355606,14665.0,14602.4,-0.09942259655331351
2022-06-02,24,14526.0,-0.4523026315789491,3.302763296733946,0.0,0.16666666666666666,-0.16666650000016667,0.02380952040816375,6.0,3.0201999965683632,0.0,0.3333333333333333,-0.33333300000033333,0.033333330000000334,3.0,,,,,,,3.2934492608501054,0.0,0.4,-0.3999996000004,0.0485714224897967,5.0,,,,,,,3.2704221485528975,0.14285714285714285,0.2857142857142857,-0.21428546428598216,0.06607141793154939,14.0,0,0.3300330033003229,14592.0,-0.2332281520098789,14544.0,-0.4574940252645931,14578.0,-0.0818274803955021,14653.0,14577.0,-0.1735176267900029
2022-06-03,8,14431.0,-0.6539997246316931,2.8337234670443916,0.0,0.25,-0.24999975000025002,0.04166665972222338,4.0,2.843799061934475,0.0,0.0,0.0,0.0,2.0,,,,,,,2.778934692763766,0.0,1.0,-0.9999990000010001,0.09999999000000101,1.0,,,,,,,2.9957820819529712,0.0,0.6666666666666666,-0.6666660000006667,0.095238081632655,3.0,0,-0.4523026315789491,14526.0,0.3300330033003229,14592.0,-0.2332281520098789,14544.0,-0.0545963283969164,14645.0,14534.2,-0.29339830603695827
2022-06-06,10,14462.0,0.2148153281130937,3.6382938985245676,0.0,1.0,-0.33333322222225925,0.08333332638888948,3.0,,,,,,,,,,,,,3.3826865373391954,0.0,2.5,-0.9999995833335138,0.22499997958333523,2.0,,,,,,,3.2389769405607645,0.0,0.16666666666666666,-0.16666650000016667,0.020833330729166995,6.0,1,-0.6539997246316931,14431.0,-0.4523026315789491,14526.0,0.3300330033003229,14592.0,-0.4574940252645931,14578.0,14511.0,-0.15893643536142088
2022-06-07,6,14464.0,0.0138293458719296,2.9356158278018643,0.0,0.0,0.0,0.0,1.0,,,,,,,2.901873535171439,0.0,1.0,-0.9999990000010001,0.1428571224489825,1.0,,,,,,,,,,,,,3.162736659274497,0.0,0.0,0.0,0.0,4.0,1,0.2148153281130937,14462.0,-0.6539997246316931,14431.0,-0.4523026315789491,14526.0,-0.2332281520098789,14544.0,14495.0,-0.1095249357850592
2022-06-08,8,14477.0,0.089878318584069,3.988373600505666,1.0,1.0,0.0,0.22222219753086697,1.0,,,,,,,,,,,,,,,,,,,,,,,,,3.3028568477764706,0.14285714285714285,0.2857142857142857,-0.14285700000014287,0.04897958606414064,7.0,1,0.0138293458719296,14464.0,0.2148153281130937,14462.0,-0.6539997246316931,14431.0,0.3300330033003229,14592.0,14472.0,-0.15755587272830998
2022-06-09,6,14555.0,0.5387856600124419,3.59376755386811,0.0,0.0,0.0,0.0,1.0,,,,,,,,,,,,,,,,,,,,,,,,,3.0719790667348628,0.0,0.6,-0.39999970000025,0.07936506873267969,5.0,1,0.089878318584069,14477.0,0.0138293458719296,14464.0,0.2148153281130937,14462.0,-0.4523026315789491,14526.0,14477.8,0.040661785589968226
2022-06-10,9,14569.0,0.0961868773617258,,,,,,,,,,,,,,,,,,,,,,,,,,,,,,,3.2313633506404775,0.1111111111111111,0.4444444444444444,-0.22222205555569444,0.0698853527043802,9.0,1,0.5387856600124419,14555.0,0.089878318584069,14477.0,0.0138293458719296,14464.0,-0.6539997246316931,14431.0,14505.4,0.190699105988652
2022-06-13,24,14672.0,0.706980575193894,2.707571989582272,0.0,1.1666666666666667,-0.49999963333367337,0.14047617207483257,6.0,,,,,,,,,,,,,,,,,,,,,,,,,2.967454719995358,0.21052631578947367,0.3157894736842105,-0.0526315526315921,0.11196738772490332,19.0,1,0.0961868773617258,14569.0,0.5387856600124419,14555.0,0.089878318584069,14477.0,0.2148153281130937,14462.0,14547.4,0.2891321554048121
2022-06-14,7,14729.0,0.3884950926935637,3.1984333145931663,0.0,1.0,-0.499999750000125,0.11111109876543349,2.0,,,,,,,,,,,,,3.0786644746804495,0.0,0.0,0.0,0.0,1.0,,,,,,,3.684104298628621,0.0,0.2,-0.1999998000002,0.016666665277777895,5.0,1,0.706980575193894,14672.0,0.0961868773617258,14569.0,0.5387856600124419,14555.0,0.0138293458719296,14464.0,14600.4,0.3640653047691389
2022-06-15,7,14746.0,0.1154185620205083,3.517012536998774,0.0,0.0,0.0,0.0,1.0,,,,,,,,,,,,,2.5976941230554886,0.0,1.0,-0.9999990000010001,0.11111109876543349,1.0,,,,,,,3.411285767458266,0.2,0.4,-9.999984997843825e-08,0.06944443638117379,5.0,1,0.3884950926935637,14729.0,0.706980575193894,14672.0,0.0961868773617258,14569.0,0.089878318584069,14477.0,14654.2,0.3691733534564267
2022-06-16,18,14741.0,-0.0339075003390698,3.112712515981299,0.0,0.0,0.0,0.0,3.0,4.026541269767391,0.0,0.0,0.0,0.0,1.0,,,,,,,,,,,,,,,,,,,3.3198543252524484,0.13333333333333333,0.5333333333333333,-0.33333303333361664,0.08368204706886771,15.0,0,0.1154185620205083,14746.0,0.3884950926935637,14729.0,0.706980575193894,14672.0,0.5387856600124419,14555.0,14691.4,0.2546347213861244
2022-06-17,15,14828.0,0.5901906247880007,3.1326852926303843,0.6666666666666666,0.3333333333333333,0.33333300000033333,0.1111110987654335,3.0,,,,,,,,,,,,,3.29952680155941,1.0,0.0,0.9999990000010001,0.11111109876543349,1.0,,,,,,,2.9997311188142732,0.08333333333333333,0.5833333333333334,-0.36111081018545915,0.0989447897346314,12.0,1,-0.0339075003390698,14741.0,0.1154185620205083,14746.0,0.3884950926935637,14729.0,0.0961868773617258,14569.0,14743.2,0.3534354708713794
2022-06-20,13,14836.0,0.0539519827353673,2.8314502138089894,0.0,0.75,-0.4999996250003125,0.08333332407407512,4.0,3.0493589525538924,0.0,1.0,-0.499999750000125,0.11111109876543349,2.0,,,,,,,,,,,,,,,,,,,2.6694281257654278,0.1111111111111111,1.0,-0.592592098765893,0.13298058114778727,9.0,1,0.5901906247880007,14828.0,-0.0339075003390698,14741.0,0.1154185620205083,14746.0,0.706980575193894,14672.0,14776.0,0.222829752379674
2022-06-21,7,14804.0,-0.2156915610676768,2.9316633904935685,0.0,2.0,-0.99999950000025,0.24999996875000394,1.0,,,,,,,3.1007128218520736,0.0,0.0,0.0,0.0,1.0,,,,,,,,,,,,,3.1240740330087076,0.0,0.16666666666666666,-0.16666650000016667,0.016666665000000167,6.0,0,0.0539519827353673,14836.0,0.5901906247880007,14828.0,-0.0339075003390698,14741.0,0.3884950926935637,14729.0,14791.0,0.1019924216274259
2022-06-22,4,14860.0,0.3782761415833668,3.8846367952792544,0.0,0.0,0.0,0.0,1.0,,,,,,,,,,,,,,,,,,,,,,,,,3.892012009966535,0.0,0.6666666666666666,-0.6666660000006667,0.095238081632655,3.0,1,-0.2156915610676768,14804.0,0.0539519827353673,14836.0,0.5901906247880007,14828.0,0.1154185620205083,14746.0,14813.8,0.15456393753999761
2022-06-23,8,14835.0,-0.1682368775235532,2.81132452652893,0.0,0.3333333333333333,-0.33333300000033333,0.0476190408163275,3.0,2.7634489664858792,2.0,0.0,0.99999950000025,0.24999996875000394,1.0,,,,,,,,,,,,,,,,,,,2.978046405754045,0.0,1.25,-0.749999500000375,0.12499998750000127,4.0,0,0.3782761415833668,14860.0,-0.2156915610676768,14804.0,0.0539519827353673,14836.0,-0.0339075003390698,14741.0,14832.6,0.12769806210310095
2022-06-24,7,14846.0,0.0741489720256227,,,,,,,,,,,,,,,,,,,3.1259539543196833,0.0,1.0,-0.9999990000010001,0.1428571224489825,1.0,,,,,,,3.2526617223295426,0.2857142857142857,0.5714285714285714,-0.28571400000028574,0.12970519463269256,7.0,1,-0.1682368775235532,14835.0,0.3782761415833668,14860.0,-0.2156915610676768,14804.0,0.5901906247880007,14828.0,14836.2,0.02448973155062536
2022-06-27,6,14802.0,-0.296376128250031,3.1573273399804376,0.0,0.75,-0.4999996250003125,0.08680554547646724,4.0,2.9484123845581536,0.0,1.0,-0.9999990000010001,0.12499998437500197,1.0,,,,,,,,,,,,,,,,,,,3.528756610031502,0.0,1.0,-0.9999990000010001,0.08846153050295932,2.0,0,0.0741489720256227,14846.0,-0.1682368775235532,14835.0,0.3782761415833668,14860.0,0.0539519827353673,14836.0,14829.4,-0.0455758906464543
2022-06-28,6,14837.0,0.236454533171182,3.330204285429419,0.0,1.0,-0.9999990000010001,0.1428571224489825,2.0,,,,,,,,,,,,,,,,,,,,,,,,,3.4372373897133954,0.5,0.25,0.24999975000025002,0.10606059010560398,4.0,1,-0.296376128250031,14802.0,0.0741489720256227,14846.0,-0.1682368775235532,14835.0,-0.2156915610676768,14804.0,14836.0,0.04485332820131746
2022-06-29,11,14848.0,0.0741389768821099,2.985458599406562,0.0,0.25,-0.24999975000025002,0.02777777469135837,4.0,3.4695117249393688,0.0,0.0,0.0,0.0,1.0,,,,,,,,,,,,,,,,,,,3.2599525761595136,0.0,0.2857142857142857,-0.28571400000028574,0.03469387320699764,7.0,1,0.236454533171182,14837.0,-0.296376128250031,14802.0,0.0741489720256227,14846.0,0.3782761415833668,14860.0,14833.6,-0.015974104738933924
2022-06-30,13,14882.0,0.2289870689655249,3.318103560766229,0.6,0.6,-0.19999970000035003,0.15079363174288477,5.0,2.8713520150999767,0.0,1.0,-0.9999990000010001,0.11111109876543349,1.0,,,,,,,,,,,,,,,,,,,3.371834977952335,0.0,0.5,-0.37499968750028123,0.06423610259934531,8.0,1,0.0741389768821099,14848.0,0.236454533171182,14837.0,-0.296376128250031,14802.0,-0.1682368775235532,14835.0,14843.0,0.06347068455888169
2022-07-01,7,14956.0,0.4972449939524281,,,,,,,,,,,,,,,,,,,3.510669553978312,0.0,1.5,-0.999999250000625,0.2916666006944604,2.0,,,,,,,2.846856205588747,0.0,0.6,-0.5999994000006,0.08722220862808869,5.0,1,0.2289870689655249,14882.0,0.0741389768821099,14848.0,0.236454533171182,14837.0,0.0741489720256227,14846.0,14865.0,0.14808988894424277
2022-07-04,9,14960.0,0.0267451190157697,3.3499387818768214,0.3333333333333333,0.6666666666666666,-0.33333300000033333,0.08888888092592666,3.0,,,,,,,,,,,,,,,,,,,,,,,,,2.8154737632865032,0.0,0.6666666666666666,-0.4999995833337083,0.0793650697908805,6.0,1,0.4972449939524281,14956.0,0.2289870689655249,14882.0,0.0741389768821099,14848.0,-0.296376128250031,14802.0,14896.6,0.21271413839740294
2022-07-05,3,14990.0,0.200534759358284,3.3292148587215737,0.0,2.0,-0.99999950000025,0.1818181652892577,1.0,,,,,,,,,,,,,,,,,,,,,,,,,3.263869015156306,0.5,1.0,-2.499996249460956e-07,0.2111110787654375,2.0,1,0.0267451190157697,14960.0,0.4972449939524281,14956.0,0.2289870689655249,14882.0,0.236454533171182,14837.0,14927.2,0.20553018363482328
2022-07-06,5,15015.0,0.1667778519012674,2.979556418735061,0.0,0.0,0.0,0.0,1.0,,,,,,,3.4290054095299407,0.0,0.0,0.0,0.0,1.0,2.2041104546500243,0.0,0.0,0.0,0.0,1.0,,,,,,,2.9445288582794746,0.0,1.0,-0.6666661666670833,0.17499996812500598,3.0,1,0.200534759358284,14990.0,0.0267451190157697,14960.0,0.4972449939524281,14956.0,0.0741389768821099,14848.0,14960.6,0.2240579586386548
2022-07-07,9,14986.0,-0.1931401931401954,2.8117232975479896,0.0,1.5,-0.4999998333333889,0.1249999895833342,2.0,2.6093043207360145,0.0,0.0,0.0,0.0,1.0,,,,,,,2.7661896950326685,0.0,0.0,0.0,0.0,1.0,,,,,,,2.8325135170010394,0.0,0.3333333333333333,-0.33333300000033333,0.04232803686906933,6.0,0,0.1667778519012674,15015.0,0.200534759358284,14990.0,0.0267451190157697,14960.0,0.2289870689655249,14882.0,14981.4,0.13963250621751075
2022-07-08,5,14981.0,-0.0333644735086124,2.7218358885001415,0.0,1.0,-0.9999990000010001,0.09999999000000101,1.0,,,,,,,,,,,,,,,,,,,,,,,,,2.9529204382016765,0.0,0.25,-0.24999975000025002,0.049999990000002,4.0,0,-0.1931401931401954,14986.0,0.1667778519012674,15015.0,0.200534759358284,14990.0,0.4972449939524281,14956.0,14986.4,0.03351061272530266
2022-07-11,14,14969.0,-0.0801014618516782,3.193223926468663,0.0,0.6,-0.39999970000025,0.0666666592592601,5.0,,,,,,,,,,,,,,,,,,,,,,,,,3.181306621135018,0.3333333333333333,0.3333333333333333,0.0,0.09104936841992717,9.0,0,-0.0333644735086124,14981.0,-0.1931401931401954,14986.0,0.1667778519012674,15015.0,0.0267451190157697,14960.0,14988.2,0.01214129655181308
2022-07-12,8,14993.0,0.1603313514596749,3.2948534072862525,1.0,0.5,0.16666661111112963,0.1249999895833342,2.0,,,,,,,,,,,,,,,,,,,,,,,,,3.766534587872099,0.0,0.6666666666666666,-0.6666660000006667,0.09861109554398408,6.0,1,-0.0801014618516782,14969.0,-0.0333644735086124,14981.0,-0.1931401931401954,14986.0,0.200534759358284,14990.0,14988.8,0.00410061497209126
2022-07-13,8,14985.0,-0.0533582338424598,2.815601375782795,0.0,0.0,0.0,0.0,2.0,,,,,,,,,,,,,,,,,,,,,,,,,3.3019907580905445,0.16666666666666666,0.5,-0.166666583333375,0.08465607373813866,6.0,0,0.1603313514596749,14993.0,-0.0801014618516782,14969.0,-0.0333644735086124,14981.0,0.1667778519012674,15015.0,14982.8,-0.03992660217665418
2022-07-14,23,14999.0,0.0934267600934291,2.571356063664694,0.0,1.3333333333333333,-0.6666662222225926,0.14166665145833499,3.0,,,,,,,,,,,,,,,,,,,,,,,,,3.178913042343457,0.2,0.3,-0.0999999000001,0.0633730076258357,20.0,1,-0.0533582338424598,14985.0,0.1603313514596749,14993.0,-0.0801014618516782,14969.0,-0.1931401931401954,14986.0,14985.4,0.01738678847007072
2022-07-15,14,14999.0,0.0,3.0628317182285287,0.0,0.6666666666666666,-0.33333316666675,0.11111109259259568,3.0,,,,,,,,,,,,,,,,,,,2.798068436312974,0.0,3.0,-0.9999996666667778,0.4285713673469475,1.0,3.1535139046171943,0.0,0.6153846153846154,-0.3846151153848269,0.08391607152822117,13.0,0,0.0934267600934291,14999.0,-0.0533582338424598,14985.0,0.1603313514596749,14993.0,-0.0333644735086124,14981.0,14989.0,0.0240596831717932
2022-07-18,12,14986.0,-0.0866724448296607,3.016657926298504,0.0,1.5,-0.4999998333333889,0.1499999850000015,2.0,,,,,,,,,,,,,,,,,,,3.3020809571549345,0.0,1.0,-0.9999990000010001,0.09090908264462885,1.0,3.04995536507322,0.2,0.1,0.0999999000001,0.042063486010330955,10.0,0,0.0,14999.0,0.0934267600934291,14999.0,-0.0533582338424598,14985.0,-0.0801014618516782,14969.0,14992.4,0.022745486576196697
2022-07-19,7,14992.0,0.0400373682103216,,,,,,,,,,,,,,,,,,,,,,,,,,,,,,,3.150562240996759,0.14285714285714285,0.2857142857142857,-0.14285700000014287,0.0674603050044118,7.0,1,-0.0866724448296607,14986.0,0.0,14999.0,0.0934267600934291,14999.0,0.1603313514596749,14993.0,14992.2,-0.0013133100736739622
2022-07-20,6,14984.0,-0.0533617929562413,3.017176061213347,0.0,1.0,-0.6666661666670833,0.1285714116326553,3.0,,,,,,,,,,,,,,,,,,,,,,,,,3.5918351931079187,0.3333333333333333,1.0,-0.33333316666675,0.18282825472605305,3.0,0,0.0400373682103216,14992.0,-0.0866724448296607,14986.0,0.0,14999.0,-0.0533582338424598,14985.0,14992.0,-0.001314021896430262
2022-07-21,8,15017.0,0.2202349172450546,,,,,,,,,,,,,,,,,,,,,,,,,,,,,,,3.172227782217684,0.0,0.5,-0.49999950000050003,0.061259913044356434,8.0,1,-0.0533617929562413,14984.0,0.0400373682103216,14992.0,-0.0866724448296607,14986.0,0.0934267600934291,14999.0,14995.6,0.024047609533894836
2022-07-22,7,15024.0,0.0466138376506553,3.0795773886762947,0.0,0.0,0.0,0.0,1.0,,,,,,,,,,,,,,,,,,,,,,,,,3.2170217306373328,0.0,0.0,0.0,0.0,6.0,1,0.2202349172450546,15017.0,-0.0533617929562413,14984.0,0.0400373682103216,14992.0,0.0,14999.0,15000.6,0.033370377064025895
2022-07-25,7,14992.0,-0.2129925452609149,3.08525797668303,0.0,0.5,-0.49999950000050003,0.07142856122449125,2.0,,,,,,,,,,,,,,,,,,,,,,,,,3.1134737013742395,0.0,0.6666666666666666,-0.6666660000006667,0.08928570227466148,6.0,0,0.0466138376506553,15024.0,0.2202349172450546,15017.0,-0.0533617929562413,14984.0,-0.0866724448296607,14986.0,15001.8,0.00810635697777506
2022-07-26,7,14984.0,-0.0533617929562413,3.4267649157343447,0.0,1.0,-0.499999750000125,0.09090908264462885,2.0,,,,,,,,,,,,,,,,,,,,,,,,,3.2486979201365536,0.6,1.2,-0.33333308888910373,0.20380950023885389,5.0,0,-0.2129925452609149,14992.0,0.0466138376506553,15024.0,0.2202349172450546,15017.0,0.0400373682103216,14992.0,15000.2,-0.010573475255537524
2022-07-27,13,15020.0,0.2402562733582414,,,,,,,,,,,,,,,,,,,3.6672720858559344,0.5,0.5,0.0,0.12499998437500197,2.0,,,,,,,3.225765773586265,0.36363636363636365,0.18181818181818182,0.18181800000018183,0.06302308039681204,11.0,1,-0.0533617929562413,14984.0,-0.2129925452609149,14992.0,0.0466138376506553,15024.0,-0.0533617929562413,14984.0,15007.4,0.04815013800735902
2022-07-28,11,14958.0,-0.4127829560585883,2.9159606222517116,0.0,1.0,-0.9999990000010001,0.09090908264462885,1.0,,,,,,,,,,,,,,,,,,,,,,,,,3.429180494002072,0.2,0.3,-0.0999999000001,0.05270201457850663,10.0,0,0.2402562733582414,15020.0,-0.0533617929562413,14984.0,-0.2129925452609149,14992.0,0.2202349172450546,15017.0,14995.6,-0.07845343665336955
2022-07-29,9,14860.0,-0.6551678031822439,,,,,,,,,,,,,,,,,,,,,,,,,,,,,,,3.2661563464570684,0.2222222222222222,0.5555555555555556,-0.22222205555569444,0.11626704649972416,9.0,0,-0.4127829560585883,14958.0,0.2402562733582414,15020.0,-0.0533617929562413,14984.0,0.0466138376506553,15024.0,14962.8,-0.2188097648199494
2022-08-01,7,14874.0,0.0942126514131835,3.642076170213799,0.5,0.5,0.0,0.09401708488567556,2.0,,,,,,,,,,,,,,,,,,,,,,,,,3.3072544601933416,0.4,0.4,0.0,0.10238093874716739,5.0,1,-0.6551678031822439,14860.0,-0.4127829560585883,14958.0,0.2402562733582414,15020.0,-0.2129925452609149,14992.0,14939.2,-0.15736872548512973
2022-08-02,7,14888.0,0.0941239747209943,3.407596942157747,0.0,0.0,0.0,0.0,1.0,3.407596942157747,0.0,0.0,0.0,0.0,1.0,3.4732438975770465,0.0,1.0,-0.9999990000010001,0.09999999000000101,1.0,2.6105426963199054,0.0,1.0,-0.9999990000010001,0.1428571224489825,1.0,,,,,,,2.92570798294102,0.0,0.75,-0.4999996250003125,0.13571426061224962,4.0,1,0.0942126514131835,14874.0,-0.6551678031822439,14860.0,-0.4127829560585883,14958.0,-0.0533617929562413,14984.0,14920.0,-0.12787157194968263
2022-08-03,13,14917.0,0.194787748522307,3.1333457996012637,0.0,0.3333333333333333,-0.33333300000033333,0.0476190408163275,3.0,,,,,,,,,,,,,,,,,,,,,,,,,3.1007645382525917,0.3,0.4,-0.0999999000001,0.09384919356772979,10.0,1,0.0941239747209943,14888.0,0.0942126514131835,14874.0,-0.6551678031822439,14860.0,0.2402562733582414,15020.0,14899.4,-0.1369652769168695
2022-08-04,8,14929.0,0.0804451297177655,2.7676608829508975,0.0,1.5,-0.4999998333333889,0.11538460650887643,2.0,,,,,,,,,,,,,,,,,,,,,,,,,2.8962916690216907,0.0,0.3333333333333333,-0.33333300000033333,0.03703703292181116,6.0,1,0.194787748522307,14917.0,0.0941239747209943,14888.0,0.0942126514131835,14874.0,-0.4127829560585883,14958.0,14893.6,-0.03831965976159872
2022-08-05,6,14904.0,-0.1674593073883068,3.4015662126467854,0.0,0.5,-0.49999950000050003,0.07142856122449125,2.0,,,,,,,,,,,,,,,,,,,2.620726762711858,1.0,1.0,0.0,0.399999920000016,1.0,3.3955765601122856,0.0,1.6666666666666667,-0.999999222222926,0.18019478491929034,3.0,0,0.0804451297177655,14929.0,0.194787748522307,14917.0,0.0941239747209943,14888.0,-0.6551678031822439,14860.0,14902.4,0.05922203939718869
2022-08-08,11,14915.0,0.0738056897477079,2.8560489735328387,0.0,1.5,-0.999999250000625,0.1499999850000015,2.0,2.718485032120464,0.0,1.0,-0.9999990000010001,0.12142855622449175,2.0,,,,,,,,,,,,,,,,,,,3.3084215306105627,0.125,0.25,-0.12499987500012501,0.029513886369116747,8.0,1,-0.1674593073883068,14904.0,0.0804451297177655,14929.0,0.194787748522307,14917.0,0.0942126514131835,14874.0,14910.6,0.055140647064093565
2022-08-09,16,14862.0,-0.3553469661414676,3.170479111528564,0.3333333333333333,0.0,0.33333300000033333,0.030303027548209616,3.0,,,,,,,,,,,,,,,,,,,,,,,,,3.2806719491447276,0.15384615384615385,0.38461538461538464,-0.17948701709417378,0.06181317929912445,13.0,0,0.0738056897477079,14915.0,-0.1674593073883068,14904.0,0.0804451297177655,14929.0,0.0941239747209943,14888.0,14905.4,-0.03475354110839881
2022-08-10,15,14875.0,0.0874714035796087,3.045766908239271,0.0,0.3333333333333333,-0.33333300000033333,0.033333330000000334,3.0,,,,,,,,,,,,,,,,,,,,,,,,,3.355961662749376,0.08333333333333333,0.5833333333333334,-0.33333308333354167,0.08312982219120175,12.0,1,-0.3553469661414676,14862.0,0.0738056897477079,14915.0,-0.1674593073883068,14904.0,0.194787748522307,14917.0,14897.0,-0.05621681009693848
2022-08-11,16,14799.0,-0.5109243697479005,2.9825295814571735,0.0,0.5,-0.49999950000050003,0.062499992187500984,2.0,,,,,,,,,,,,,,,,,,,,,,,,,3.346076525420241,0.2857142857142857,0.2857142857142857,-0.0714284642858393,0.07477838585255626,14.0,0,0.0874714035796087,14875.0,-0.3553469661414676,14862.0,0.0738056897477079,14915.0,0.0804451297177655,14929.0,14871.0,-0.17449070999007166
2022-08-12,11,14688.0,-0.750050679099934,,,,,,,,,,,,,,,,,,,,,,,,,,,,,,,3.4593091614149434,0.0,0.36363636363636365,-0.36363600000036367,0.056060596035355556,11.0,0,-0.5109243697479005,14799.0,0.0874714035796087,14875.0,-0.3553469661414676,14862.0,-0.1674593073883068,14904.0,14827.8,-0.2910089843323971
2022-08-15,9,14727.0,0.2655228758170036,3.214590808608869,0.0,1.0,-0.9999990000010001,0.14583331163194774,2.0,,,,,,,,,,,,,,,,,,,,,,,,,2.966072941827972,0.14285714285714285,0.42857142857142855,-0.28571400000028574,0.11111108553792569,7.0,1,-0.750050679099934,14688.0,-0.5109243697479005,14799.0,0.0874714035796087,14875.0,0.0738056897477079,14915.0,14790.2,-0.25266554711853795
2022-08-16,7,14767.0,0.2716099680858397,3.5389829261333627,0.0,0.0,0.0,0.0,1.0,2.1278587055105134,0.0,0.0,0.0,0.0,1.0,,,,,,,,,,,,,,,,,,,3.2171147923309937,0.2,0.8,-0.19999993333335556,0.1246031585002541,5.0,1,0.2655228758170036,14727.0,-0.750050679099934,14688.0,-0.5109243697479005,14799.0,-0.3553469661414676,14862.0,14771.2,-0.12727416027307648
2022-08-18,18,14822.0,0.3724520891176253,3.2337029844206278,0.16666666666666666,1.3333333333333333,-0.666666194444838,0.15033668523501156,6.0,3.0744932305118726,0.0,0.0,0.0,0.0,1.0,,,,,,,3.552193917547131,0.0,0.0,0.0,0.0,1.0,,,,,,,3.5312232629293825,0.0,0.3076923076923077,-0.3076920000003077,0.037762232511126065,13.0,1,0.2716099680858397,14767.0,0.2655228758170036,14727.0,-0.750050679099934,14688.0,0.0874714035796087,14875.0,14760.6,-0.07027802316547316
2022-08-19,9,14858.0,0.2428822021319554,3.2341006049902923,0.0,4.0,-0.9999997500000625,0.4999999375000079,1.0,,,,,,,,,,,,,,,,,,,,,,,,,3.04196495683746,0.125,0.5,-0.2916664027780324,0.08531744857017043,8.0,1,0.3724520891176253,14822.0,0.2716099680858397,14767.0,0.2655228758170036,14727.0,-0.5109243697479005,14799.0,14772.4,0.08048329121049802
2022-08-22,10,14882.0,0.1615291425494769,2.9202474531085705,0.0,1.0,-0.6666661666670833,0.0976430880182304,3.0,,,,,,,,,,,,,,,,,,,,,,,,,3.1129631979584893,0.0,0.2857142857142857,-0.28571400000028574,0.029761901537698778,7.0,1,0.2428822021319554,14858.0,0.3724520891176253,14822.0,0.2716099680858397,14767.0,-0.750050679099934,14688.0,14811.2,0.2627992555403802
2022-08-23,3,14893.0,0.0739147963983333,,,,,,,,,,,,,,,,,,,,,,,,,,,,,,,3.7027071986062334,0.0,1.0,-0.6666661666670833,0.12962961213992016,3.0,1,0.1615291425494769,14882.0,0.2428822021319554,14858.0,0.3724520891176253,14822.0,0.2655228758170036,14727.0,14844.4,0.22447763965664613
2022-08-24,5,14851.0,-0.2820116833411656,3.405727540854688,0.0,0.0,0.0,0.0,2.0,3.630089540747749,0.0,0.0,0.0,0.0,1.0,,,,,,,3.086948873182376,0.0,0.0,0.0,0.0,1.0,,,,,,,3.3918934405742207,0.0,0.5,-0.49999950000050003,0.04166666319444474,2.0,0,0.0739147963983333,14893.0,0.1615291425494769,14882.0,0.2428822021319554,14858.0,0.2716099680858397,14767.0,14861.2,0.11375330937124506
2022-08-25,7,14827.0,-0.1616052791057809,3.426380768045715,0.0,0.0,0.0,0.0,2.0,,,,,,,,,,,,,,,,,,,,,,,,,3.331487427213493,0.2,0.2,0.0,0.0507936442428832,5.0,0,-0.2820116833411656,14851.0,0.0739147963983333,14893.0,0.1615291425494769,14882.0,0.3724520891176253,14822.0,14862.2,0.006941835726563822
2022-08-26,4,14814.0,-0.0876778849396409,3.769288511732079,0.0,0.0,0.0,0.0,1.0,,,,,,,,,,,,,,,,,,,,,,,,,3.6309412608687825,0.0,0.3333333333333333,-0.33333300000033333,0.04166666145833399,3.0,0,-0.1616052791057809,14827.0,-0.2820116833411656,14851.0,0.0739147963983333,14893.0,0.2428822021319554,14858.0,14853.4,-0.05917018168775544
2022-08-29,12,14887.0,0.4927771027406491,2.5207282731975176,0.6666666666666666,1.3333333333333333,-0.44444407407441977,0.23611108159722613,3.0,2.388858658432139,1.0,2.0,-0.33333322222225925,0.3749999531250059,1.0,,,,,,,,,,,,,,,,,,,3.3450652135184678,0.0,0.3333333333333333,-0.3333330000003334,0.05092591801697656,9.0,1,-0.0876778849396409,14814.0,-0.1616052791057809,14827.0,-0.2820116833411656,14851.0,0.1615291425494769,14882.0,14854.4,0.00707941035047901
2022-08-30,8,14875.0,-0.0806072412171676,3.4711688429450835,0.0,0.5,-0.49999950000050003,0.04166666319444474,2.0,,,,,,,,,,,,,,,,,,,,,,,,,3.62199536599998,0.16666666666666666,0.8333333333333334,-0.4999995833337083,0.12030421800640041,6.0,0,0.4927771027406491,14887.0,-0.0876778849396409,14814.0,-0.1616052791057809,14827.0,0.0739147963983333,14893.0,14850.8,-0.023824997172621175
2022-08-31,7,14853.0,-0.1478991596638668,3.23912555100501,0.0,0.5,-0.49999950000050003,0.03846153550295881,2.0,,,,,,,,,,,,,,,,,,,,,,,,,3.3081229457805925,0.0,0.6,-0.5999994000006,0.08722220862808869,5.0,0,-0.0806072412171676,14875.0,0.4927771027406491,14887.0,-0.0876778849396409,14814.0,-0.2820116833411656,14851.0,14851.2,0.002997507562838586
2022-09-01,5,14884.0,0.2087120447047841,3.099905505168782,0.0,1.0,-0.9999990000010001,0.12499998437500197,1.0,,,,,,,,,,,,,3.341731647695513,0.0,0.0,0.0,0.0,1.0,,,,,,,3.360724067013143,0.0,0.6666666666666666,-0.6666660000006667,0.10317458711262534,3.0,1,-0.1478991596638668,14853.0,-0.0806072412171676,14875.0,0.4927771027406491,14887.0,-0.1616052791057809,14827.0,14862.6,0.0770609723249516
2022-09-02,3,14900.0,0.1074979844127854,3.507371845896333,0.0,1.0,-0.9999990000010001,0.1428571224489825,1.0,,,,,,,,,,,,,,,,,,,,,,,,,2.791644568877174,0.0,0.5,-0.49999950000050003,0.08333331944444676,2.0,1,0.2087120447047841,14884.0,-0.1478991596638668,14853.0,-0.0806072412171676,14875.0,-0.0876778849396409,14814.0,14879.8,0.11609614619543684
2022-09-05,5,14920.0,0.1342281879194606,3.6142844206863582,0.0,0.0,0.0,0.0,1.0,,,,,,,,,,,,,2.6420658488478828,1.0,0.0,0.9999990000010001,0.12499998437500197,1.0,,,,,,,2.919131622425688,0.0,1.3333333333333333,-0.9999991666674166,0.1583333143750023,3.0,1,0.1074979844127854,14900.0,0.2087120447047841,14884.0,-0.1478991596638668,14853.0,0.4927771027406491,14887.0,14886.4,0.04438636323119914
2022-09-06,4,14885.0,-0.2345844504021421,3.3251050642541276,0.0,1.0,-0.9999990000010001,0.11111109876543349,2.0,,,,,,,,,,,,,3.1533069103111355,0.0,1.5,-0.999999250000625,0.13888887577160622,2.0,,,,,,,2.3858025744770814,0.0,1.0,-0.499999750000125,0.08333332638888948,2.0,0,0.1342281879194606,14920.0,0.1074979844127854,14900.0,0.2087120447047841,14884.0,-0.0806072412171676,14875.0,14888.4,0.013590921394204248
2022-09-07,9,14927.0,0.2821632515955574,3.3061787385901,0.0,1.0,-0.9999990000010001,0.10569984382750026,3.0,3.469038664838218,0.0,1.0,-0.9999990000010001,0.09090908264462885,1.0,,,,,,,3.2560010356780498,0.0,1.3333333333333333,-0.9999991666674166,0.13518517130658583,3.0,,,,,,,3.8174751591960563,0.0,0.5,-0.49999950000050003,0.05902777078510886,4.0,1,-0.2345844504021421,14885.0,0.1342281879194606,14920.0,0.1074979844127854,14900.0,-0.1478991596638668,14853.0,14903.2,0.09960340364608908
2022-09-08,5,14905.0,-0.1473839351510686,,,,,,,,,,,,,,,,,,,,,,,,,,,,,,,3.4420892193642794,0.0,0.2,-0.1999998000002,0.0285714244897965,5.0,0,0.2821632515955574,14927.0,-0.2345844504021421,14885.0,0.1342281879194606,14920.0,0.2087120447047841,14884.0,14907.4,0.028384207674918543
2022-09-09,11,14846.0,-0.3958403220395867,2.582827913041747,0.0,1.0,-0.9999990000010001,0.12499998437500197,1.0,2.57530435899111,0.0,0.0,0.0,0.0,1.0,,,,,,,,,,,,,,,,,,,3.6012316428678437,0.1111111111111111,0.1111111111111111,0.0,0.027777774305555992,9.0,0,-0.1473839351510686,14905.0,0.2821632515955574,14927.0,-0.2345844504021421,14885.0,0.1074979844127854,14900.0,14896.6,-0.07228345361555587
2022-09-12,9,14839.0,-0.047150747676139,2.8640641053337577,1.0,0.0,0.9999990000010001,0.09090908264462885,1.0,,,,,,,,,,,,,,,,,,,,,,,,,3.4955748720383033,0.25,0.25,0.0,0.06696427670599611,8.0,0,-0.3958403220395867,14846.0,-0.1473839351510686,14905.0,0.2821632515955574,14927.0,0.1342281879194606,14920.0,14880.4,-0.1085592407346758
2022-09-13,10,14861.0,0.148257968865817,2.5714149082124322,0.0,1.0,-0.9999990000010001,0.09999999000000101,1.0,,,,,,,,,,,,,,,,,,,,,,,,,3.680156149886729,0.1111111111111111,0.4444444444444444,-0.3333330000003334,0.07372133028358811,9.0,1,-0.047150747676139,14839.0,-0.3958403220395867,14846.0,-0.1473839351510686,14905.0,-0.2345844504021421,14885.0,14875.6,-0.031990756881083965
2022-09-14,20,14923.0,0.4171993809299446,2.754400654532982,0.5,0.0,0.49999950000050003,0.05555554938271674,2.0,,,,,,,,,,,,,,,,,,,,,,,,,3.0017593252205823,0.05263157894736842,0.3157894736842105,-0.1578946315790263,0.05816623784266651,19.0,1,0.148257968865817,14861.0,-0.047150747676139,14839.0,-0.3958403220395867,14846.0,0.2821632515955574,14927.0,14874.8,-0.004983531014206543
2022-09-15,6,14899.0,-0.1608255712658324,2.706788553139565,0.0,2.0,-0.99999950000025,0.24999996875000394,1.0,2.124383285537794,1.0,0.0,0.9999990000010001,0.199999960000008,1.0,,,,,,,,,,,,,,,,,,,3.1012368331517752,0.0,0.25,-0.24999975000025002,0.022727270661157213,4.0,0,0.4171993809299446,14923.0,0.148257968865817,14861.0,-0.047150747676139,14839.0,-0.1473839351510686,14905.0,14873.6,-0.007671858237159307
2022-09-16,7,14939.0,0.2684743942546586,2.657421462804817,1.0,0.0,0.9999990000010001,0.11111109876543349,1.0,,,,,,,,,,,,,,,,,,,2.7436338696553406,0.0,0.0,0.0,0.0,1.0,2.968097525009734,0.16666666666666666,0.3333333333333333,-0.16666650000016667,0.06613755727723308,6.0,1,-0.1608255712658324,14899.0,0.4171993809299446,14923.0,0.148257968865817,14861.0,-0.3958403220395867,14846.0,14892.2,0.12519108502168974
2022-09-19,8,14980.0,0.2744494276725406,3.4734391746558972,0.3333333333333333,1.3333333333333333,-0.6666661666670833,0.15502644006130997,3.0,,,,,,,3.563183590862955,1.0,1.0,0.0,0.24999996875000394,1.0,,,,,,,,,,,,,3.253116954542697,0.25,0.25,0.0,0.07499998750000225,4.0,1,0.2684743942546586,14939.0,-0.1608255712658324,14899.0,0.4171993809299446,14923.0,-0.047150747676139,14839.0,14920.4,0.18951112009142568
2022-09-20,7,14975.0,-0.0333778371161552,,,,,,,,,,,,,,,,,,,,,,,,,,,,,,,3.0999585906938703,0.0,0.2857142857142857,-0.28571400000028574,0.05952379662698702,7.0,0,0.2744494276725406,14980.0,0.2684743942546586,14939.0,-0.1608255712658324,14899.0,0.148257968865817,14861.0,14943.2,0.15318395889503122
2022-09-21,13,15011.0,0.2404006677796388,2.8281144788296735,0.0,1.6666666666666667,-0.9999993333338333,0.20357140309098964,3.0,2.521604661948152,0.0,2.0,-0.99999950000025,0.285714244897965,1.0,,,,,,,4.0370241990697275,0.0,0.0,0.0,0.0,1.0,,,,,,,3.504331247774691,0.2,0.0,0.1999998000002,0.0222222197530867,10.0,1,-0.0333778371161552,14975.0,0.2744494276725406,14980.0,0.2684743942546586,14939.0,0.4171993809299446,14923.0,14960.8,0.11782421626497008
2022-09-22,20,15033.0,0.1465591899273866,2.9814779889903713,0.0,1.4,-0.7999995000003499,0.12929291714621075,5.0,,,,,,,,,,,,,,,,,,,,,,,,,3.3459670744794696,0.13333333333333333,0.4,-0.2222220148150173,0.06521403677578899,15.0,1,0.2404006677796388,15011.0,-0.0333778371161552,14975.0,0.2744494276725406,14980.0,-0.1608255712658324,14899.0,14987.6,0.17930116850361388
2022-09-23,10,15035.0,0.0133040643916615,2.9424030842104933,1.0,3.0,-0.49999987500003124,0.39999996000000404,1.0,,,,,,,,,,,,,3.124459696931591,0.0,2.0,-0.99999950000025,0.19999998000000202,1.0,,,,,,,3.2298380913805307,0.125,0.625,-0.37499968750028123,0.09631408870634259,8.0,1,0.1465591899273866,15033.0,0.2404006677796388,15011.0,-0.0333778371161552,14975.0,0.2684743942546586,14939.0,15006.8,0.12826710253101445
2022-09-26,13,15119.0,0.558696375124712,2.9340708712117154,0.0,0.5,-0.49999950000050003,0.045454541322314426,2.0,,,,,,,,,,,,,,,,,,,3.0940365254869246,0.0,2.0,-0.99999950000025,0.16666665277777895,1.0,3.156681709115932,0.2,1.0,-0.4333330388891287,0.13325756037326097,10.0,1,0.0133040643916615,15035.0,0.1465591899273866,15033.0,0.2404006677796388,15011.0,0.2744494276725406,14980.0,15034.6,0.18511649202144875
2022-09-27,8,15155.0,0.238110986176343,2.916702401179128,0.0,1.0,-0.6666661666670833,0.0976430880182304,3.0,,,,,,,,,,,,,,,,,,,,,,,,,3.057129299142326,0.4,0.6,-0.1999998000002,0.1355555355308674,5.0,1,0.558696375124712,15119.0,0.0133040643916615,15035.0,0.1465591899273866,15033.0,-0.0333778371161552,14975.0,15070.6,0.23941425667994837
2022-09-28,4,15243.0,0.5806664467172595,3.750033911047536,0.0,2.0,-0.99999950000025,0.285714244897965,1.0,,,,,,,,,,,,,,,,,,,,,,,,,3.221061396087213,0.0,0.6666666666666666,-0.33333316666675,0.07407406584362232,3.0,1,0.238110986176343,15155.0,0.558696375124712,15119.0,0.0133040643916615,15035.0,0.2404006677796388,15011.0,15117.0,0.30746741246747256
2022-09-29,4,15247.0,0.0262415534999727,3.61863283184297,0.0,0.0,0.0,0.0,1.0,,,,,,,,,,,,,,,,,,,,,,,,,3.011366625454761,0.0,0.3333333333333333,-0.33333300000033333,0.03703703292181116,3.0,1,0.5806664467172595,15243.0,0.238110986176343,15155.0,0.558696375124712,15119.0,0.1465591899273866,15033.0,15159.8,0.2834038851819897
2022-09-30,6,15232.0,-0.0983800091821307,3.1756520667899335,0.0,0.0,0.0,0.0,1.0,,,,,,,,,,,,,,,,,,,,,,,,,3.124051285789439,0.6,1.0,-0.06666674444430183,0.19444441925617637,5.0,0,0.0262415534999727,15247.0,0.5806664467172595,15243.0,0.238110986176343,15155.0,0.0133040643916615,15035.0,15199.2,0.2610670704672313
2022-10-03,10,15293.0,0.4004726890756371,3.2164704912801416,0.0,1.0,-0.7499993750005625,0.07994504841474515,4.0,3.067106356677897,0.0,0.5,-0.49999950000050003,0.03846153550295881,2.0,,,,,,,,,,,,,,,,,,,3.2015473420821827,0.0,0.5,-0.33333308333354167,0.06547618186649774,6.0,1,-0.0983800091821307,15232.0,0.0262415534999727,15247.0,0.5806664467172595,15243.0,0.558696375124712,15119.0,15234.0,0.22942233325741634
2022-10-04,11,15276.0,-0.1111619695285393,3.153868211852207,0.0,0.5,-0.2499998750000625,0.099999980000004,4.0,,,,,,,,,,,,,3.381370253719853,0.0,1.0,-0.9999990000010001,0.11666665291666832,3.0,,,,,,,3.5017308677078294,0.0,0.25,-0.24999975000025002,0.02777777469135837,4.0,0,0.4004726890756371,15293.0,-0.0983800091821307,15232.0,0.0262415534999727,15247.0,0.238110986176343,15155.0,15258.2,0.15956774211643987
2022-10-05,7,15196.0,-0.523697302958892,3.2080090198991003,0.3333333333333333,1.0,-0.16666662500001042,0.12121211019283847,3.0,,,,,,,,,,,,,3.5300231825775468,0.0,1.0,-0.9999990000010001,0.11111109876543349,1.0,,,,,,,3.321688933291832,0.0,0.3333333333333333,-0.33333300000033333,0.0476190408163275,3.0,0,-0.1111619695285393,15276.0,0.4004726890756371,15293.0,-0.0983800091821307,15232.0,0.5806664467172595,15243.0,15248.8,-0.06130500781879045
2022-10-06,16,15197.0,0.0065806791260891,2.7937518846884086,0.0,0.5,-0.49999950000050003,0.09821426498724953,4.0,,,,,,,,,,,,,3.199817940548636,0.0,1.125,-0.8749992083340973,0.15500989828741438,8.0,,,,,,,2.6189673175420003,0.0,0.4,-0.19999990000005,0.03076922840236705,5.0,1,-0.523697302958892,15196.0,-0.1111619695285393,15276.0,0.4004726890756371,15293.0,0.0262415534999727,15247.0,15238.8,-0.06523718269356717
2022-10-07,11,15246.0,0.3224320589590101,2.715440245593251,0.0,1.0,-0.9999990000010001,0.08333332638888948,1.0,1.9799959681789558,0.0,0.0,0.0,0.0,1.0,,,,,,,3.370701648267981,0.0,0.5,-0.49999950000050003,0.05208332769097286,4.0,,,,,,,3.217008852451076,0.2,1.2,-0.49999967500025627,0.12803029104396352,5.0,1,0.0065806791260891,15197.0,-0.523697302958892,15196.0,-0.1111619695285393,15276.0,-0.0983800091821307,15232.0,15241.6,0.018925230934660996
2022-10-10,9,15299.0,0.3476321658139936,2.759443046268017,0.0,0.5,-0.49999950000050003,0.03846153550295881,2.0,,,,,,,,,,,,,3.1162871432592922,0.0,1.0,-0.9999990000010001,0.11111109876543349,1.0,,,,,,,3.0875367474403155,0.0,0.16666666666666666,-0.16666650000016667,0.02380952040816375,6.0,1,0.3224320589590101,15246.0,0.0065806791260891,15197.0,-0.523697302958892,15196.0,0.4004726890756371,15293.0,15242.8,0.008357126282332294
2022-10-11,12,15362.0,0.4117916203673522,3.6313662489808385,0.0,0.5,-0.49999950000050003,0.03846153550295881,2.0,,,,,,,,,,,,,3.397254921710635,0.0,1.0,-0.9999990000010001,0.09401708488567556,2.0,,,,,,,3.178008085604588,0.0,0.3333333333333333,-0.3333330000003334,0.04012345194615971,9.0,1,0.3476321658139936,15299.0,0.3224320589590101,15246.0,0.0065806791260891,15197.0,-0.1111619695285393,15276.0,15260.0,0.11294784426151058
2022-10-12,14,15373.0,0.0716052597317995,3.139100257732593,0.0,0.5,-0.49999950000050003,0.047222217731481914,6.0,2.917770762867562,0.0,2.0,-0.99999950000025,0.19999998000000202,1.0,,,,,,,,,,,,,2.7622470355405557,0.0,1.0,-0.9999990000010001,0.12499998437500197,1.0,3.307765323721018,0.0,0.3333333333333333,-0.33333300000033333,0.04047618540816392,6.0,1,0.4117916203673522,15362.0,0.3476321658139936,15299.0,0.3224320589590101,15246.0,-0.523697302958892,15196.0,15295.4,0.23200835679964893
2022-10-13,14,15357.0,-0.1040785793273935,3.1969188320992266,0.0,0.0,0.0,0.0,1.0,,,,,,,,,,,,,3.26196516923577,0.0,3.0,-0.9999996666667778,0.33333329629630043,1.0,,,,,,,3.3602175642195156,0.25,0.16666666666666666,0.08333325000008333,0.06696427410183042,12.0,0,0.0716052597317995,15373.0,0.4117916203673522,15362.0,0.3476321658139936,15299.0,0.0065806791260891,15197.0,15327.4,0.2098765051089524
2022-10-14,17,15390.0,0.2148857198671638,2.769432878408144,0.0,0.3333333333333333,-0.33333300000033333,0.03703703292181116,3.0,,,,,,,,,,,,,3.4011508373809525,0.0,1.0,-0.9999990000010001,0.09999999000000101,1.0,,,,,,,2.9512262422541986,0.15384615384615385,0.6923076923076923,-0.3461535673079447,0.12179485274216852,13.0,1,-0.1040785793273935,15357.0,0.0716052597317995,15373.0,0.4117916203673522,15362.0,0.3224320589590101,15246.0,15356.2,0.1883672372905831
2022-10-17,12,15480.0,0.5847953216374213,2.85975229450969,0.0,0.3333333333333333,-0.33333300000033333,0.04166666145833399,3.0,,,,,,,,,,,,,,,,,,,,,,,,,2.804572285100709,0.1111111111111111,0.4444444444444444,-0.14814808024694548,0.054994382829417064,9.0,1,0.2148857198671638,15390.0,-0.1040785793273935,15357.0,0.0716052597317995,15373.0,0.3476321658139936,15299.0,15392.4,0.23579986845526868
2022-10-18,6,15469.0,-0.0710594315245449,2.5432264588890874,0.0,0.8,-0.59999950000045,0.11818179777892968,5.0,,,,,,,,,,,,,,,,,,,,,,,,,2.6469374952588267,0.0,1.0,-0.9999990000010001,0.19642852997449906,2.0,0,0.5847953216374213,15480.0,0.2148857198671638,15390.0,-0.1040785793273935,15357.0,0.4117916203673522,15362.0,15413.8,0.13922965807688925
2022-10-19,7,15491.0,0.1422199237184118,3.3629810907015965,0.0,0.6666666666666666,-0.6666660000006667,0.0611111054629635,3.0,3.620376413739235,0.0,1.0,-0.9999990000010001,0.09999999000000101,1.0,,,,,,,,,,,,,,,,,,,3.2260978610895243,0.25,0.5,-0.24999975000025002,0.11904760005669238,4.0,1,-0.0710594315245449,15469.0,0.5847953216374213,15480.0,0.2148857198671638,15390.0,0.0716052597317995,15373.0,15437.4,0.15335259087421169
2022-10-20,5,15579.0,0.5680717836162863,2.765104522000756,0.0,1.0,-0.499999750000125,0.12499998437500197,2.0,,,,,,,,,,,,,,,,,,,,,,,,,3.054834538606689,0.0,0.3333333333333333,-0.33333300000033333,0.04166666145833399,3.0,1,0.1422199237184118,15491.0,-0.0710594315245449,15469.0,0.5847953216374213,15480.0,-0.1040785793273935,15357.0,15481.8,0.2877826634629477
2022-10-21,7,15610.0,0.1989858142371181,2.1070460354334224,0.0,0.0,0.0,0.0,1.0,3.222295871522093,1.0,0.0,0.9999990000010001,0.11111109876543349,1.0,,,,,,,,,,,,,2.959071011559316,0.0,2.0,-0.99999950000025,0.19999998000000202,1.0,3.4703540903279784,0.75,0.25,0.49999950000050003,0.10389609259571726,4.0,1,0.5680717836162863,15579.0,0.1422199237184118,15491.0,-0.0710594315245449,15469.0,0.2148857198671638,15390.0,15525.8,0.2846026823369385
2022-10-24,5,15590.0,-0.1281229980781506,3.1307646033362024,0.0,1.5,-0.999999250000625,0.15555553938271777,2.0,,,,,,,,,,,,,,,,,,,,,,,,,3.4665029743121827,0.3333333333333333,0.6666666666666666,-0.33333300000033333,0.09722221238426032,3.0,0,0.1989858142371181,15610.0,0.5680717836162863,15579.0,0.1422199237184118,15491.0,0.5847953216374213,15480.0,15547.8,0.14201901839382414
2022-10-25,6,15616.0,0.1667735728030805,,,,,,,,,,,,,,,,,,,3.408604895409643,0.0,1.0,-0.9999990000010001,0.11111109876543349,1.0,,,,,,,2.87621622594773,0.0,0.4,-0.3999996000004,0.064999988875002,5.0,1,-0.1281229980781506,15590.0,0.1989858142371181,15610.0,0.5680717836162863,15579.0,-0.0710594315245449,15469.0,15577.2,0.1895856192593492
2022-10-26,7,15596.0,-0.1280737704917989,4.011971153810583,0.0,1.0,-0.9999990000010001,0.07692307100591762,1.0,,,,,,,,,,,,,2.543924803142332,0.0,1.0,-0.9999990000010001,0.16666663888889352,1.0,,,,,,,3.43984182266297,0.6,0.6,0.0,0.1501587109755631,5.0,0,0.1667735728030805,15616.0,-0.1281229980781506,15590.0,0.1989858142371181,15610.0,0.1422199237184118,15491.0,15598.2,0.13552688041730707
2022-10-27,3,15573.0,-0.1474737112080015,2.7597955169263506,0.0,0.5,-0.49999950000050003,0.05555554938271674,2.0,3.122716884054673,0.0,1.0,-0.9999990000010001,0.05882352595155729,1.0,,,,,,,,,,,,,,,,,,,,,,,,,0,-0.1280737704917989,15596.0,0.1667735728030805,15616.0,-0.1281229980781506,15590.0,0.5680717836162863,15579.0,15597.0,-0.007582218547550484
2022-10-28,6,15542.0,-0.1990624799332208,3.590300030762618,0.0,1.0,-0.9999990000010001,0.07692307100591762,1.0,,,,,,,,,,,,,,,,,,,,,,,,,3.4780089181315836,0.0,0.2,-0.1999998000002,0.0285714244897965,5.0,0,-0.1474737112080015,15573.0,-0.1280737704917989,15596.0,0.1667735728030805,15616.0,0.1989858142371181,15610.0,15583.4,-0.08719187738161827
2022-10-31,10,15596.0,0.3474456311928886,3.0386181868488027,0.0,1.0,-0.6666661666670833,0.10317459174225381,3.0,,,,,,,,,,,,,,,,,,,,,,,,,3.262842562663635,0.5714285714285714,0.2857142857142857,0.14285707142860712,0.09995360583760658,7.0,1,-0.1990624799332208,15542.0,-0.1474737112080015,15573.0,-0.1280737704917989,15596.0,-0.1281229980781506,15590.0,15584.6,0.007921848472589588
2022-11-01,6,15647.0,0.3270069248525242,3.4282273419504543,0.0,1.0,-0.499999750000125,0.1428571224489825,2.0,,,,,,,,,,,,,2.591477094318689,0.0,2.0,-0.99999950000025,0.285714244897965,1.0,2.591477094318689,0.0,2.0,-0.99999950000025,0.285714244897965,1.0,3.055058228904128,0.0,1.0,-0.5999996000003,0.1342856959591862,5.0,1,0.3474456311928886,15596.0,-0.1990624799332208,15542.0,-0.1474737112080015,15573.0,0.1667735728030805,15616.0,15590.8,0.03996851888247832
2022-11-02,9,15652.0,0.0319550073496488,2.648090574792363,0.0,2.0,-0.99999950000025,0.22222219753086697,1.0,,,,,,,,,,,,,3.6982022602462328,0.0,0.0,0.0,0.0,1.0,,,,,,,3.1455821185583743,0.0,0.42857142857142855,-0.42857100000042864,0.05833332439484278,7.0,1,0.3270069248525242,15647.0,0.3474456311928886,15596.0,-0.1990624799332208,15542.0,-0.1280737704917989,15596.0,15602.0,0.07197427445076786
2022-11-03,8,15681.0,0.1852798364426311,3.0671608599842592,0.0,0.0,0.0,0.0,1.0,,,,,,,,,,,,,,,,,,,,,,,,,3.6597782895252746,0.14285714285714285,0.0,0.14285700000014287,0.014285712857143001,7.0,1,0.0319550073496488,15652.0,0.3270069248525242,15647.0,0.3474456311928886,15596.0,-0.1474737112080015,15573.0,15623.6,0.13852498398089438
2022-11-04,7,15736.0,0.3507429373126758,3.85939288934491,0.0,2.0,-0.99999950000025,0.16666665277777895,1.0,,,,,,,,,,,,,,,,,,,,,,,,,3.246255301694224,0.14285714285714285,0.7142857142857143,-0.42857107142889284,0.08696659551932596,7.0,1,0.1852798364426311,15681.0,0.0319550073496488,15652.0,0.3270069248525242,15647.0,-0.1990624799332208,15542.0,15662.4,0.24848606743007373
2022-11-07,6,15692.0,-0.2796136248093495,3.0213938211314213,0.0,0.5,-0.49999950000050003,0.049999995000000505,2.0,,,,,,,,,,,,,,,,,,,,,,,,,3.2587054639251685,0.25,0.25,0.0,0.062499992187500984,4.0,0,0.3507429373126758,15736.0,0.1852798364426311,15681.0,0.0319550073496488,15652.0,0.3474456311928886,15596.0,15681.6,0.12307421622962608
2022-11-08,2,15684.0,-0.0509813917919932,,,,,,,,,,,,,,,,,,,,,,,,,,,,,,,2.960046423922842,0.0,1.0,-0.499999750000125,0.11111109876543349,2.0,0,-0.2796136248093495,15692.0,0.3507429373126758,15736.0,0.1852798364426311,15681.0,0.3270069248525242,15647.0,15689.0,0.047476552900722606
2022-11-09,8,15654.0,-0.191277735271611,3.2887421511861437,0.0,1.0,-0.499999750000125,0.09090908264462885,2.0,,,,,,,,,,,,,,,,,,,,,,,,,2.968275095570823,0.0,0.8333333333333334,-0.8333325000008335,0.12427246741305324,6.0,0,-0.0509813917919932,15684.0,-0.2796136248093495,15692.0,0.3507429373126758,15736.0,0.0319550073496488,15652.0,15689.4,0.0028300043764706516
2022-11-10,11,15701.0,0.3002427494570137,2.9189811913611505,0.0,0.0,0.0,0.0,1.0,,,,,,,,,,,,,,,,,,,,,,,,,3.399116179468565,0.2,0.5,-0.199999850000125,0.08916665507639043,10.0,1,-0.191277735271611,15654.0,-0.0509813917919932,15684.0,-0.2796136248093495,15692.0,0.1852798364426311,15681.0,15693.4,0.025822586979347167
2022-11-11,19,15493.0,-1.3247563849436372,3.1820856127142623,0.5,0.0,0.49999950000050003,0.05555554938271674,2.0,2.335232764226068,0.0,2.0,-0.99999950000025,0.33333327777778704,1.0,,,,,,,,,,,,,,,,,,,3.0502654422797515,0.0625,0.5,-0.37499965625032816,0.10448906628365395,16.0,0,0.3002427494570137,15701.0,-0.191277735271611,15654.0,-0.0509813917919932,15684.0,0.3507429373126758,15736.0,15644.8,-0.3092772774719154
2022-11-14,7,15499.0,0.0387271671077327,3.0888377580461874,0.0,4.0,-0.9999997500000625,0.3333333055555579,1.0,,,,,,,,,,,,,3.0526314212408803,1.0,1.0,0.0,0.22222219753086697,1.0,2.58725612013348,0.0,2.0,-0.99999950000025,0.285714244897965,1.0,3.1330944886718757,0.0,1.0,-0.49999966666694445,0.14374997828125347,4.0,1,-1.3247563849436372,15493.0,0.3002427494570137,15701.0,-0.191277735271611,15654.0,-0.2796136248093495,15692.0,15606.2,-0.24560911908849897
2022-11-15,7,15564.0,0.4193818956061745,3.3392849480439613,0.0,0.0,0.0,0.0,1.0,,,,,,,,,,,,,,,,,,,,,,,,,3.3155846458407225,0.16666666666666666,0.0,0.16666650000016667,0.01388888773148158,6.0,1,0.0387271671077327,15499.0,-1.3247563849436372,15493.0,0.3002427494570137,15701.0,-0.0509813917919932,15684.0,15582.2,-0.1515364616088654
2022-11-16,12,15610.0,0.295553842199947,3.3776698742525593,0.16666666666666666,0.8333333333333334,-0.6666660000006667,0.1111832477933808,6.0,3.3996560690953372,0.0,0.0,0.0,0.0,1.0,,,,,,,,,,,,,,,,,,,3.4516326762871183,0.3333333333333333,0.3333333333333333,-0.16666641666695836,0.12103172295446418,6.0,1,0.4193818956061745,15564.0,0.0387271671077327,15499.0,-1.3247563849436372,15493.0,-0.191277735271611,15654.0,15573.4,-0.05417014611455384
2022-11-17,12,15687.0,0.4932735426008916,3.228694218923458,0.16666666666666666,1.1666666666666667,-0.6666661666670833,0.13863634900654428,6.0,,,,,,,,,,,,,,,,,,,,,,,,,3.1911148215911864,0.3333333333333333,0.16666666666666666,0.16666650000016667,0.05370369792181132,6.0,1,0.295553842199947,15610.0,0.4193818956061745,15564.0,0.0387271671077327,15499.0,0.3002427494570137,15701.0,15570.6,-0.015563987485778252
2022-11-18,7,15692.0,0.0318735258494351,3.4241073470886563,0.0,2.0,-0.99999950000025,0.22222219753086697,1.0,,,,,,,,,,,,,,,,,,,2.387241843207248,0.0,3.0,-0.9999996666667778,0.4285713673469475,1.0,3.303126253056609,0.4,0.2,0.1999998000002,0.10666664044445225,5.0,1,0.4932735426008916,15687.0,0.295553842199947,15610.0,0.4193818956061745,15564.0,-1.3247563849436372,15493.0,15610.4,0.2557619946728362
2022-11-21,8,15707.0,0.0955901096099998,3.3737571768838475,0.0,0.0,0.0,0.0,2.0,,,,,,,,,,,,,,,,,,,,,,,,,2.5485839725795825,0.3333333333333333,0.3333333333333333,0.0,0.08749998739583532,6.0,1,0.0318735258494351,15692.0,0.4932735426008916,15687.0,0.295553842199947,15610.0,0.0387271671077327,15499.0,15652.0,0.26713458317328964
2022-11-22,7,15716.0,0.0572992933087102,,,,,,,4.003068933152335,0.0,1.0,-0.9999990000010001,0.11111109876543349,1.0,,,,,,,,,,,,,,,,,,,3.388165429926565,0.16666666666666666,0.5,-0.33333300000033333,0.07077921295637353,6.0,1,0.0955901096099998,15707.0,0.0318735258494351,15692.0,0.4932735426008916,15687.0,0.4193818956061745,15564.0,15682.4,0.19471806271379677
2022-11-23,6,15700.0,-0.1018070755917532,3.2932944839989,0.0,1.0,-0.499999750000125,0.12499998437500197,2.0,,,,,,,,,,,,,,,,,,,2.716954806972479,0.0,2.0,-0.99999950000025,0.22222219753086697,1.0,3.2178995343103622,0.0,0.3333333333333333,-0.33333300000033333,0.05555554629629784,3.0,0,0.0572992933087102,15716.0,0.0955901096099998,15707.0,0.0318735258494351,15692.0,0.295553842199947,15610.0,15700.4,0.11524587915545673
2022-11-24,6,15647.0,-0.3375796178343937,2.485931867050138,0.0,1.0,-0.9999990000010001,0.11805554157021772,2.0,,,,,,,,,,,,,,,,,,,,,,,,,3.0822500227989504,0.0,0.5,-0.2499998750000625,0.062499992187500984,4.0,0,-0.1018070755917532,15700.0,0.0572992933087102,15716.0,0.0955901096099998,15707.0,0.4932735426008916,15687.0,15692.4,-0.05092475293160035
2022-11-25,3,15668.0,0.1342110308685473,3.1132638241737056,0.5,0.0,0.49999950000050003,0.07142856122449125,2.0,,,,,,,,,,,,,,,,,,,,,,,,,3.817184326067685,1.0,0.0,0.9999990000010001,0.199999960000008,1.0,1,-0.3375796178343937,15647.0,-0.1018070755917532,15700.0,0.0572992933087102,15716.0,0.0318735258494351,15692.0,15687.6,-0.030457251927777908
2022-11-28,12,15729.0,0.3893285677814662,3.2767111286414683,0.0,0.0,0.0,0.0,3.0,,,,,,,,,,,,,,,,,,,3.036386942941468,0.5,1.5,-0.6666661111116297,0.37499992708334806,2.0,3.0447639743923327,0.14285714285714285,0.7142857142857143,-0.285714095238254,0.11547617441468484,7.0,1,0.1342110308685473,15668.0,-0.3375796178343937,15647.0,-0.1018070755917532,15700.0,0.0955901096099998,15707.0,15692.0,0.028290439706515368
2022-11-29,2,15737.0,0.050861466081753,,,,,,,,,,,,,,,,,,,,,,,,,3.5250024681313756,0.0,1.0,-0.9999990000010001,0.09999999000000101,1.0,3.500488062461396,0.0,1.0,-0.9999990000010001,0.09999999000000101,1.0,1,0.3893285677814662,15729.0,0.1342110308685473,15668.0,-0.3375796178343937,15647.0,0.0572992933087102,15716.0,15696.2,0.02700287426112393
2022-11-30,6,15742.0,0.0317722564656453,2.733417981358817,0.0,2.0,-0.99999950000025,0.22222219753086697,1.0,2.3539846504102284,0.0,2.0,-0.99999950000025,0.22222219753086697,1.0,,,,,,,3.7480439187851475,0.0,1.0,-0.9999990000010001,0.16666663888889352,1.0,3.111007949020541,0.0,0.0,0.0,0.0,1.0,3.6189207729156347,0.0,0.0,0.0,0.0,2.0,1,0.050861466081753,15737.0,0.3893285677814662,15729.0,0.1342110308685473,15668.0,-0.1018070755917532,15700.0,15704.6,0.053718740672603627
2022-12-01,9,15617.0,-0.7940541227290043,3.290397534763718,0.0,1.5,-0.4999998333333889,0.1363636239669433,2.0,,,,,,,,,,,,,,,,,,,2.382610725928857,0.0,1.0,-0.9999990000010001,0.199999960000008,1.0,3.5755991416101374,0.16666666666666666,0.5,-0.166666583333375,0.07870369438014514,6.0,0,0.0317722564656453,15742.0,0.050861466081753,15737.0,0.3893285677814662,15729.0,-0.3375796178343937,15647.0,15698.6,-0.037576160306318496
2022-12-02,8,15429.0,-1.2038163539732305,2.7872493312979665,0.0,0.0,0.0,0.0,1.0,2.9123362527455066,0.0,0.5,-0.49999950000050003,0.07142856122449125,2.0,,,,,,,,,,,,,2.42502534410394,0.0,2.0,-0.99999950000025,0.285714244897965,1.0,3.425854999340772,0.0,0.0,0.0,0.0,5.0,0,-0.7940541227290043,15617.0,0.0317722564656453,15742.0,0.050861466081753,15737.0,0.1342110308685473,15668.0,15650.8,-0.30518163727467407
2022-12-05,4,15409.0,-0.1296260289066042,,,,,,,3.668454388118999,0.0,0.5,-0.49999950000050003,0.049999995000000505,2.0,,,,,,,3.668454388118999,0.0,0.5,-0.49999950000050003,0.049999995000000505,2.0,,,,,,,3.2717957003253515,0.0,0.0,0.0,0.0,2.0,0,-1.2038163539732305,15429.0,-0.7940541227290043,15617.0,0.0317722564656453,15742.0,0.3893285677814662,15729.0,15586.8,-0.40897255661228815
2022-12-06,5,15576.0,1.083782205204753,2.517284679907202,0.0,0.0,0.0,0.0,2.0,,,,,,,,,,,,,3.4911129863952457,0.0,1.0,-0.9999990000010001,0.11111109876543349,1.0,3.1159043695449578,0.0,1.0,-0.9999990000010001,0.11111109876543349,1.0,3.583524394589234,0.0,1.0,-0.9999990000010001,0.11111109876543349,1.0,1,-0.1296260289066042,15409.0,-1.2038163539732305,15429.0,-0.7940541227290043,15617.0,0.050861466081753,15737.0,15554.6,-0.20238840878768816
2022-12-07,9,15619.0,0.2760657421674306,3.6557477101682485,0.0,0.5,-0.49999950000050003,0.045454541322314426,2.0,,,,,,,,,,,,,,,,,,,,,,,,,2.9175262427254767,0.0,0.42857142857142855,-0.28571407142875,0.06428570410714456,7.0,1,1.083782205204753,15576.0,-0.1296260289066042,15409.0,-1.2038163539732305,15429.0,0.0317722564656453,15742.0,15530.0,-0.1535297116473311
2022-12-08,6,15624.0,0.0320122927204069,3.540995312314623,0.0,0.0,0.0,0.0,3.0,3.9974707604704394,0.0,0.5,-0.49999950000050003,0.049999995000000505,2.0,,,,,,,3.2387298862493945,0.0,1.0,-0.9999990000010001,0.08333332638888948,1.0,,,,,,,3.5162361900694767,0.0,1.0,-0.9999990000010001,0.199999960000008,1.0,1,0.2760657421674306,15619.0,1.083782205204753,15576.0,-0.1296260289066042,15409.0,-0.7940541227290043,15617.0,15531.4,0.011683571442551144
2022-12-09,8,15587.0,-0.2368151561699893,3.517960201087017,0.0,1.25,-0.9999991250008126,0.13749998468750174,4.0,3.60914098302099,0.0,2.0,-0.99999950000025,0.19999998000000202,1.0,,,,,,,,,,,,,,,,,,,3.3892276307816727,0.0,0.75,-0.7499992500007501,0.08969154736715333,4.0,0,0.0320122927204069,15624.0,0.2760657421674306,15619.0,1.083782205204753,15576.0,-1.2038163539732305,15429.0,15563.0,0.2050838110031994
2022-12-12,17,15642.0,0.3528581510232831,3.872751287635639,0.0,2.0,-0.99999950000025,0.1818181652892577,1.0,2.7757236212525025,0.0,1.0,-0.9999990000010001,0.08333332638888948,1.0,,,,,,,,,,,,,,,,,,,3.4553354336405895,0.06666666666666667,0.5333333333333333,-0.33333304444471856,0.0817460194286995,15.0,1,-0.2368151561699893,15587.0,0.0320122927204069,15624.0,0.2760657421674306,15619.0,-0.1296260289066042,15409.0,15609.6,0.30158064698917686
2022-12-13,10,15661.0,0.1214678429868332,3.04766668020046,0.0,0.5,-0.49999950000050003,0.099999980000004,2.0,2.550030964561423,0.0,1.0,-0.9999990000010001,0.12499998437500197,1.0,,,,,,,,,,,,,2.550030964561423,0.0,1.0,-0.9999990000010001,0.12499998437500197,1.0,3.7215791770705478,0.14285714285714285,0.14285714285714285,0.0,0.03339517215623019,7.0,1,0.3528581510232831,15642.0,-0.2368151561699893,15587.0,0.0320122927204069,15624.0,1.083782205204753,15576.0,15626.6,0.10911777454559293
2022-12-14,25,15619.0,-0.2681821084221991,3.3259827881203803,0.0,0.0,0.0,0.0,2.0,,,,,,,,,,,,,3.2647525214385085,0.0,1.0,-0.9999990000010001,0.09999999000000101,1.0,,,,,,,3.2871237880756428,0.045454545454545456,0.4090909090909091,-0.27272704545474996,0.07256492274640762,22.0,0,0.1214678429868332,15661.0,0.3528581510232831,15642.0,-0.2368151561699893,15587.0,0.2760657421674306,15619.0,15626.6,0.0002682044276669959
2022-12-15,15,15630.0,0.0704270439848997,,,,,,,,,,,,,,,,,,,,,,,,,,,,,,,3.273087891312221,0.2,0.2,0.0,0.053547371067455586,15.0,1,-0.2681821084221991,15619.0,0.1214678429868332,15661.0,0.3528581510232831,15642.0,0.0320122927204069,15624.0,15627.8,0.007951154680565556
2022-12-16,11,15617.0,-0.0831733845169546,3.53578129099681,0.25,0.0,0.24999975000025002,0.031249996093750492,4.0,3.5893835083860552,0.0,0.0,0.0,0.0,1.0,3.501939047476306,1.0,0.0,0.9999990000010001,0.12499998437500197,1.0,,,,,,,,,,,,,2.8846381991833545,0.14285714285714285,0.2857142857142857,-0.14285700000014287,0.076190462539685,7.0,0,0.0704270439848997,15630.0,-0.2681821084221991,15619.0,0.1214678429868332,15661.0,-0.2368151561699893,15587.0,15633.8,0.038679509011172494
2022-12-19,3,15621.0,0.0256131139143134,,,,,,,2.603897443961932,0.0,2.0,-0.99999950000025,0.22222219753086697,1.0,,,,,,,,,,,,,,,,,,,3.7365879181632184,0.0,0.5,-0.49999950000050003,0.062499992187500984,2.0,1,-0.0831733845169546,15617.0,0.0704270439848997,15630.0,-0.2681821084221991,15619.0,0.3528581510232831,15642.0,15629.6,-0.02676949841062144
2022-12-20,5,15608.0,-0.0832213046539909,4.018513318034623,0.0,0.0,0.0,0.0,1.0,,,,,,,,,,,,,3.658252119457391,0.0,2.0,-0.99999950000025,0.19999998000000202,1.0,,,,,,,3.29219054647227,0.3333333333333333,0.3333333333333333,0.0,0.12222219962963383,3.0,0,0.0256131139143134,15621.0,-0.0831733845169546,15617.0,0.0704270439848997,15630.0,0.1214678429868332,15661.0,15619.0,-0.06770732793878627
2022-12-21,3,15601.0,-0.0448487954894938,3.575210319525421,0.0,0.0,0.0,0.0,2.0,,,,,,,,,,,,,,,,,,,,,,,,,2.999302215771818,0.0,0.0,0.0,0.0,1.0,0,-0.0832213046539909,15608.0,0.0256131139143134,15621.0,-0.0831733845169546,15617.0,-0.2681821084221991,15619.0,15615.4,-0.02304066535224521
2022-12-22,2,15594.0,-0.0448689186590578,,,,,,,,,,,,,,,,,,,,,,,,,,,,,,,3.1496311309708105,0.0,1.0,-0.499999750000125,0.199999960000008,2.0,0,-0.0448487954894938,15601.0,-0.0832213046539909,15608.0,0.0256131139143134,15621.0,0.0704270439848997,15630.0,15608.2,-0.04609985788103671
2022-12-23,5,15605.0,0.0705399512633153,2.968412422190693,1.0,0.0,0.9999990000010001,0.09090908264462885,1.0,,,,,,,,,,,,,,,,,,,,,,,,,3.5436898955380194,0.25,0.25,0.0,0.10416664409722728,4.0,1,-0.0448689186590578,15594.0,-0.0448487954894938,15601.0,-0.0832213046539909,15608.0,-0.0831733845169546,15617.0,15605.8,-0.01535719072498273
2022-12-26,3,15636.0,0.1986542774751631,,,,,,,,,,,,,,,,,,,4.336044649625965,0.0,0.0,0.0,0.0,1.0,,,,,,,3.0287109205303437,0.0,0.3333333333333333,-0.33333300000033333,0.05555554629629784,3.0,1,0.0705399512633153,15605.0,-0.0448689186590578,15594.0,-0.0448487954894938,15601.0,0.0256131139143134,15621.0,15608.8,0.01925104198718721
2022-12-27,1,15659.0,0.1470964441033562,,,,,,,2.794927737898412,0.0,2.0,-0.99999950000025,0.33333327777778704,1.0,,,,,,,,,,,,,,,,,,,,,,,,,1,0.1986542774751631,15636.0,0.0705399512633153,15605.0,-0.0448689186590578,15594.0,-0.0832213046539909,15608.0,15619.0,0.06531459173865664
2022-12-28,2,15703.0,0.2809885688741298,3.365123400465357,0.0,1.0,-0.9999990000010001,0.12499998437500197,1.0,3.365123400465357,0.0,1.0,-0.9999990000010001,0.12499998437500197,1.0,,,,,,,,,,,,,,,,,,,2.6911235826424535,2.0,0.0,0.99999950000025,0.399999920000016,1.0,1,0.1470964441033562,15659.0,0.1986542774751631,15636.0,0.0705399512633153,15605.0,-0.0448487954894938,15601.0,15639.4,0.13048206461138137
2022-12-29,1,15731.0,0.178309877093552,,,,,,,,,,,,,,,,,,,,,,,,,,,,,,,4.098237596340291,0.0,0.0,0.0,0.0,1.0,1,0.2809885688741298,15703.0,0.1470964441033562,15659.0,0.1986542774751631,15636.0,-0.0448689186590578,15594.0,15666.8,0.17511782376190332
2022-12-30,5,15592.0,-0.8836056194774677,3.1624839950491843,0.0,0.75,-0.4999996250003125,0.09374998828125147,4.0,,,,,,,,,,,,,3.348492299235542,0.0,0.0,0.0,0.0,1.0,3.217770003302073,0.0,2.0,-0.99999950000025,0.24999996875000394,1.0,3.883626725427627,0.0,0.0,0.0,0.0,1.0,0,0.178309877093552,15731.0,0.2809885688741298,15703.0,0.1470964441033562,15659.0,0.0705399512633153,15605.0,15664.2,-0.015711290386253275
2023-01-02,1,15572.0,-0.1282709081580346,,,,,,,,,,,,,,,,,,,,,,,,,,,,,,,3.0107722153547156,0.0,0.0,0.0,0.0,1.0,0,-0.8836056194774677,15592.0,0.178309877093552,15731.0,0.2809885688741298,15703.0,0.1986542774751631,15636.0,15651.4,-0.08109632751289282
2023-01-03,2,15590.0,0.1155920883637362,3.292195323843615,0.0,0.0,0.0,0.0,1.0,,,,,,,,,,,,,,,,,,,,,,,,,3.951504650951246,1.0,0.0,0.9999990000010001,0.1428571224489825,1.0,1,-0.1282709081580346,15572.0,-0.8836056194774677,15592.0,0.178309877093552,15731.0,0.1470964441033562,15659.0,15637.6,-0.08739719866081683
2023-01-04,6,15615.0,0.1603592046183433,3.212094624272291,0.0,0.0,0.0,0.0,1.0,,,,,,,,,,,,,3.7446711945730797,1.0,0.0,0.9999990000010001,0.12499998437500197,1.0,,,,,,,3.4023969475591214,0.25,0.0,0.24999975000025002,0.03571428061224562,4.0,1,0.1155920883637362,15590.0,-0.1282709081580346,15572.0,-0.8836056194774677,15592.0,0.2809885688741298,15703.0,15620.0,-0.11152307151197412
2023-01-05,4,15610.0,-0.032020493115592,3.883323980105311,0.0,3.0,-0.9999996666667778,0.21428569897959293,1.0,,,,,,,,,,,,,,,,,,,,,,,,,3.322471627517935,0.0,0.0,0.0,0.0,3.0,0,0.1603592046183433,15615.0,0.1155920883637362,15590.0,-0.1282709081580346,15572.0,0.178309877093552,15731.0,15595.8,-0.15358914555380293
2023-01-06,4,15635.0,0.1601537475977021,,,,,,,,,,,,,,,,,,,,,,,,,,,,,,,3.047368568678948,0.0,0.25,-0.24999975000025002,0.04166665972222338,4.0,1,-0.032020493115592,15610.0,0.1603592046183433,15615.0,0.1155920883637362,15590.0,-0.8836056194774677,15592.0,15604.4,0.05516272786123104
2023-01-09,7,15574.0,-0.3901503038055698,3.1041327608146356,0.0,0.0,0.0,0.0,2.0,3.289947873843748,0.0,0.0,0.0,0.0,1.0,,,,,,,,,,,,,,,,,,,3.5621856672067893,0.2,0.2,0.0,0.055555547530865404,5.0,0,0.1601537475977021,15635.0,-0.032020493115592,15610.0,0.1603592046183433,15615.0,-0.1282709081580346,15572.0,15604.8,0.002786848731724001
2023-01-10,7,15589.0,0.0963143701040225,4.208328406311563,0.0,0.0,0.0,0.0,1.0,,,,,,,,,,,,,,,,,,,,,,,,,3.5012735892768254,0.5,0.0,0.49999950000050003,0.05787036365097816,6.0,1,-0.3901503038055698,15574.0,0.1601537475977021,15635.0,-0.032020493115592,15610.0,0.1155920883637362,15590.0,15604.6,-0.0010686949202187406
2023-01-11,8,15527.0,-0.3977163384437765,3.647648181027781,1.0,1.0,0.0,0.16666665277777895,1.0,,,,,,,,,,,,,,,,,,,,,,,,,3.465642455338519,0.14285714285714285,0.14285714285714285,0.0,0.047619039682541005,7.0,0,0.0963143701040225,15589.0,-0.3901503038055698,15574.0,0.1601537475977021,15635.0,0.1603592046183433,15615.0,15587.0,-0.11268380353264269
2023-01-12,13,15366.0,-1.036903458491656,3.150825954008422,0.0,0.0,0.0,0.0,3.0,,,,,,,,,,,,,,,,,,,,,,,,,3.2996542387846377,0.2,0.7,-0.15999993800002738,0.11878786110009473,10.0,0,-0.3977163384437765,15527.0,0.0963143701040225,15589.0,-0.3901503038055698,15574.0,-0.032020493115592,15610.0,15538.2,-0.3136603966078555
2023-01-13,16,15177.0,-1.2299882858258449,,,,,,,,,,,,,,,,,,,3.123790698797309,1.0,0.0,0.9999990000010001,0.1428571224489825,1.0,,,,,,,3.047051855244976,0.06666666666666667,0.3333333333333333,-0.2666664000002667,0.06499998856944661,15.0,0,-1.036903458491656,15366.0,-0.3977163384437765,15527.0,0.0963143701040225,15589.0,0.1601537475977021,15635.0,15446.6,-0.591688803292565
2023-01-16,9,15019.0,-1.0410489556565872,2.881935263378147,0.0,1.0,-0.499999750000125,0.09090908264462885,2.0,,,,,,,,,,,,,,,,,,,,,,,,,3.071754252642864,0.42857142857142855,0.2857142857142857,0.14285700000014287,0.09092097158482823,7.0,0,-1.2299882858258449,15177.0,-1.036903458491656,15366.0,-0.3977163384437765,15527.0,-0.3901503038055698,15574.0,15335.6,-0.7218685336627685
2023-01-17,5,15154.0,0.8988614421732377,3.2039337973095434,0.0,1.0,-0.499999750000125,0.12499998437500197,2.0,,,,,,,,,,,,,,,,,,,,,,,,,3.3573858014063336,0.6666666666666666,0.3333333333333333,0.33333300000033333,0.09259258384773748,3.0,1,-1.0410489556565872,15019.0,-1.2299882858258449,15177.0,-1.036903458491656,15366.0,0.0963143701040225,15589.0,15248.6,-0.5613591192489255
2023-01-18,11,15137.0,-0.1121816022172317,3.3035733435139383,0.5,0.5,0.0,0.11111109876543349,4.0,3.0439703108839358,0.0,1.0,-0.9999990000010001,0.12499998437500197,1.0,,,,,,,,,,,,,,,,,,,3.5750960482928336,0.0,0.0,0.0,0.0,6.0,0,0.8988614421732377,15154.0,-1.0410489556565872,15019.0,-1.2299882858258449,15177.0,-0.3977163384437765,15527.0,15170.6,-0.5042521720036164
2023-01-19,11,15113.0,-0.1585518927132212,2.818400816929097,0.0,0.8,-0.59999950000045,0.1099999837500026,5.0,,,,,,,2.132735294844473,0.0,1.0,-0.9999990000010001,0.199999960000008,1.0,3.5279567255378073,0.0,2.0,-0.99999950000025,0.19999998000000202,1.0,,,,,,,3.4717603010977394,0.4,0.6,-0.1999998000002,0.1404761705073725,5.0,0,-0.1121816022172317,15137.0,0.8988614421732377,15154.0,-1.0410489556565872,15019.0,-1.036903458491656,15366.0,15120.0,-0.3285818588479294
2023-01-20,6,15121.0,0.0529345596506303,3.4364655330043776,0.0,1.0,-0.9999990000010001,0.09090908264462885,1.0,,,,,,,,,,,,,2.9481979115977373,1.0,0.0,0.9999990000010001,0.07692307100591762,1.0,,,,,,,3.3234296887354344,0.5,0.0,0.49999950000050003,0.06696427670599611,4.0,1,-0.1585518927132212,15113.0,-0.1121816022172317,15137.0,0.8988614421732377,15154.0,-1.2299882858258449,15177.0,15108.8,-0.07199728975263436
2023-01-24,13,14930.0,-1.263143971959524,2.9157145762781966,0.0,1.0,-0.499999750000125,0.09999999000000101,2.0,2.679423368636227,0.0,1.0,-0.9999990000010001,0.14583331163194774,2.0,,,,,,,3.5177770041670633,0.0,0.0,0.0,0.0,1.0,,,,,,,3.3888498499449593,0.25,0.5,-0.24999975000025002,0.08919551551975008,8.0,0,0.0529345596506303,15121.0,-0.1585518927132212,15113.0,-0.1121816022172317,15137.0,-1.0410489556565872,15019.0,15091.0,-0.11641629301322176
2023-01-25,7,14958.0,0.1875418620227664,2.894166183619983,0.0,0.0,0.0,0.0,3.0,3.3695928713393615,0.0,2.0,-0.99999950000025,0.285714244897965,1.0,,,,,,,,,,,,,,,,,,,2.460252803562381,0.0,0.3333333333333333,-0.33333300000033333,0.0476190408163275,3.0,1,-1.263143971959524,14930.0,0.0529345596506303,15121.0,-0.1585518927132212,15113.0,0.8988614421732377,15154.0,15051.8,-0.258680209043316
2023-01-26,6,14964.0,0.0401123144805559,2.9192811565771857,0.25,0.5,-0.24999975000025002,0.09722220910494012,4.0,3.5114583917566615,0.0,0.0,0.0,0.0,1.0,,,,,,,,,,,,,,,,,,,2.9369851487619285,0.0,0.0,0.0,0.0,2.0,1,0.1875418620227664,14958.0,-1.263143971959524,14930.0,0.0529345596506303,15121.0,-0.1121816022172317,15137.0,15017.2,-0.22822142570375853
2023-01-27,4,14978.0,0.0935578722266683,3.250205059321431,1.0,0.0,0.9999990000010001,0.08333332638888948,1.0,,,,,,,,,,,,,,,,,,,,,,,,,3.3537660000645055,0.0,0.6666666666666666,-0.6666660000006667,0.0611111054629635,3.0,1,0.0401123144805559,14964.0,0.1875418620227664,14958.0,-1.263143971959524,14930.0,-0.1585518927132212,15113.0,14990.2,-0.17779947271578062
2023-01-30,8,14979.0,0.006676458806254,3.237805020482357,0.0,0.6666666666666666,-0.6666660000006667,0.092592579218109,3.0,3.6393052861750403,0.0,0.0,0.0,0.0,1.0,,,,,,,,,,,,,,,,,,,3.3951506050662013,0.0,0.6,-0.39999970000025,0.08214284585459339,5.0,1,0.0935578722266683,14978.0,0.0401123144805559,14964.0,0.1875418620227664,14958.0,0.0529345596506303,15121.0,14961.8,-0.18705109288465588
2023-01-31,6,14992.0,0.0867881701048123,2.9495459579119983,0.5,1.0,-0.16666661111112963,0.11538460650887643,2.0,,,,,,,,,,,,,,,,,,,,,,,,,3.0421269448961628,0.25,0.0,0.24999975000025002,0.03571428061224562,4.0,1,0.006676458806254,14979.0,0.0935578722266683,14978.0,0.0401123144805559,14964.0,-1.263143971959524,14930.0,14974.2,0.08293533552821142
2023-02-01,10,14991.0,-0.0066702241195315,,,,,,,2.7123475025325776,0.0,2.0,-0.99999950000025,0.19999998000000202,1.0,,,,,,,,,,,,,,,,,,,3.494051983617983,0.0,0.4444444444444444,-0.4444440000004445,0.060493818504802385,9.0,0,0.0867881701048123,14992.0,0.006676458806254,14979.0,0.0935578722266683,14978.0,0.1875418620227664,14958.0,14980.8,0.04409291829975184
2023-02-02,14,14868.0,-0.8204922953772287,3.2049009618583204,0.0,0.5,-0.49999950000050003,0.08571427061224762,4.0,,,,,,,,,,,,,2.7659410231719086,0.0,0.0,0.0,0.0,1.0,,,,,,,3.368553734695952,0.2222222222222222,0.3333333333333333,-0.11111100000011112,0.05892255216304544,9.0,0,-0.0066702241195315,14991.0,0.0867881701048123,14992.0,0.006676458806254,14979.0,0.0401123144805559,14964.0,14961.6,-0.12802800367180506
2023-02-03,4,14898.0,0.20177562550443,2.9482647621409717,0.0,1.0,-0.9999990000010001,0.14583331163194774,2.0,3.0538686601265983,0.0,1.0,-0.9999990000010001,0.09999999000000101,1.0,,,,,,,,,,,,,,,,,,,3.946849257657745,0.0,0.0,0.0,0.0,1.0,1,-0.8204922953772287,14868.0,-0.0066702241195315,14991.0,0.0867881701048123,14992.0,0.0935578722266683,14978.0,14945.6,-0.10638445301625273
2023-02-06,3,15055.0,1.0538327292253902,1.9407483986777083,0.0,1.0,-0.9999990000010001,0.1428571224489825,1.0,,,,,,,,,,,,,,,,,,,,,,,,,3.226695970337881,0.0,0.0,0.0,0.0,2.0,1,0.20177562550443,14898.0,-0.8204922953772287,14868.0,-0.0066702241195315,14991.0,0.006676458806254,14979.0,14960.8,0.10304680106757451
2023-02-07,8,15139.0,0.5579541680504896,2.890858849885466,0.3333333333333333,0.3333333333333333,0.0,0.08465607373813866,3.0,2.33717488897202,0.0,1.0,-0.9999990000010001,0.1428571224489825,1.0,,,,,,,,,,,,,,,,,,,3.471837576924722,0.5,0.5,0.0,0.12510820849562648,4.0,1,1.0538327292253902,15055.0,0.20177562550443,14898.0,-0.8204922953772287,14868.0,0.0867881701048123,14992.0,14990.2,0.19728000065670998
2023-02-08,10,15122.0,-0.1122927538146467,3.516273809090641,0.0,0.0,0.0,0.0,1.0,,,,,,,,,,,,,,,,,,,,,,,,,3.657269410387558,0.1111111111111111,0.3333333333333333,-0.22222200000022224,0.050841744614836044,9.0,0,0.5579541680504896,15139.0,1.0538327292253902,15055.0,0.20177562550443,14898.0,-0.0066702241195315,14991.0,15016.4,0.17615549471768693
2023-02-09,5,15120.0,-0.0132257637878607,2.4089737313142896,0.0,1.0,-0.9999990000010001,0.1428571224489825,1.0,,,,,,,,,,,,,,,,,,,,,,,,,3.393363639072552,0.0,0.25,-0.24999975000025002,0.03571428061224562,4.0,0,-0.1122927538146467,15122.0,0.5579541680504896,15139.0,1.0538327292253902,15055.0,-0.8204922953772287,14868.0,15066.8,0.33760880103556057
2023-02-10,6,15140.0,0.1322751322751392,3.346262370834731,0.5,0.5,0.0,0.11458331749132188,2.0,3.773993635753013,0.0,1.0,-0.9999990000010001,0.06249999609375024,1.0,,,,,,,,,,,,,,,,,,,3.184267710736135,0.0,0.25,-0.24999975000025002,0.049999990000002,4.0,1,-0.0132257637878607,15120.0,-0.1122927538146467,15122.0,0.5579541680504896,15139.0,0.20177562550443,14898.0,15115.2,0.3237087023897024
2023-02-13,10,15216.0,0.5019815059445154,2.9336590968217897,0.0,0.3333333333333333,-0.33333300000033333,0.033333330000000334,3.0,2.4032336774409293,0.0,0.0,0.0,0.0,1.0,,,,,,,,,,,,,,,,,,,3.3070784055181974,0.0,0.0,0.0,0.0,6.0,1,0.1322751322751392,15140.0,-0.0132257637878607,15120.0,-0.1122927538146467,15122.0,1.0538327292253902,15055.0,15147.4,0.21333845773352741
2023-02-14,11,15168.0,-0.3154574132492094,3.4305363828927677,0.0,0.3333333333333333,-0.33333300000033333,0.0476190408163275,3.0,,,,,,,,,,,,,,,,,,,,,,,,,3.272545785257982,0.0,0.375,-0.37499962500037504,0.05357142091836843,8.0,0,0.5019815059445154,15216.0,0.1322751322751392,15140.0,-0.0132257637878607,15120.0,0.5579541680504896,15139.0,15153.2,0.038656141473587605
2023-02-15,17,15194.0,0.1714135021096963,3.6039317568601277,0.0,1.0,-0.9999990000010001,0.10555554438271725,2.0,,,,,,,,,,,,,,,,,,,,,,,,,3.3537392081102637,0.13333333333333333,0.2,-0.06666660000006668,0.04113996543216732,15.0,1,-0.3154574132492094,15168.0,0.5019815059445154,15216.0,0.1322751322751392,15140.0,-0.1122927538146467,15122.0,15167.6,0.0953973926584562
2023-02-16,10,15176.0,-0.1184678162432506,2.5132456407297608,0.0,0.6666666666666666,-0.6666660000006667,0.14814810699589756,3.0,3.9611731555369,0.0,0.0,0.0,0.0,1.0,,,,,,,,,,,,,,,,,,,3.9844979273184182,0.42857142857142855,0.42857142857142855,0.1428569285716786,0.0905380235848022,7.0,0,0.1714135021096963,15194.0,-0.3154574132492094,15168.0,0.5019815059445154,15216.0,-0.0132257637878607,15120.0,15178.8,0.07434898216737823
2023-02-17,7,15199.0,0.1515550869794379,,,,,,,3.025422950138126,1.0,0.0,0.9999990000010001,0.12499998437500197,1.0,,,,,,,,,,,,,,,,,,,3.6254547164068254,0.0,0.5,-0.49999950000050003,0.05833332645833416,6.0,1,-0.1184678162432506,15176.0,0.1714135021096963,15194.0,-0.3154574132492094,15168.0,0.1322751322751392,15140.0,15190.6,0.07820497310823796
2023-02-20,10,15168.0,-0.2039607868938753,3.220508914784567,0.3333333333333333,0.6666666666666666,-0.166666583333375,0.13095236373299549,6.0,,,,,,,,,,,,,,,,,,,,,,,,,3.201060776139568,0.25,0.0,0.24999975000025002,0.031249996093750492,4.0,0,0.1515550869794379,15199.0,-0.1184678162432506,15176.0,0.1714135021096963,15194.0,0.5019815059445154,15216.0,15181.0,-0.06298348545944019
2023-02-21,5,15179.0,0.0725210970464074,3.6653138432834087,0.0,0.25,-0.24999975000025002,0.022727270661157213,4.0,,,,,,,,,,,,,,,,,,,,,,,,,3.0889300598502047,0.0,0.0,0.0,0.0,3.0,1,-0.2039607868938753,15168.0,0.1515550869794379,15199.0,-0.1184678162432506,15176.0,-0.3154574132492094,15168.0,15183.2,0.014612216599683172
2023-02-22,10,15218.0,0.2569339218657429,3.164076163804808,0.25,0.75,-0.2499998750000625,0.11647725894240869,4.0,,,,,,,,,,,,,,,,,,,,,,,,,3.2483035219347727,0.3333333333333333,0.16666666666666666,0.16666650000016667,0.07103173480631332,6.0,1,0.0725210970464074,15179.0,-0.2039607868938753,15168.0,0.1515550869794379,15199.0,0.1714135021096963,15194.0,15188.0,0.03171630055089249
2023-02-23,11,15187.0,-0.2037061374687843,3.017619128112412,0.0,0.75,-0.4999996250003125,0.08571427561224612,4.0,,,,,,,,,,,,,,,,,,,,,,,,,3.539745915554503,0.14285714285714285,0.14285714285714285,0.0,0.042857135714287,7.0,0,0.2569339218657429,15218.0,0.0725210970464074,15179.0,-0.2039607868938753,15168.0,-0.1184678162432506,15176.0,15190.2,0.014668636305785743
2023-02-24,9,15216.0,0.1909527885691764,2.922790143948223,0.0,1.3333333333333333,-0.6666663333335,0.24444439925926767,3.0,,,,,,,,,,,,,,,,,,,,,,,,,3.575169117517959,0.16666666666666666,0.6666666666666666,-0.49999950000050003,0.10277776460648325,6.0,1,-0.2037061374687843,15187.0,0.2569339218657429,15218.0,0.0725210970464074,15179.0,0.1515550869794379,15199.0,15193.6,0.02254817662373345
2023-02-27,19,15274.0,0.3811777076761391,2.758225795366175,0.0,0.6,-0.39999970000025,0.07222221350308748,5.0,2.7187618753318192,0.5,0.5,0.0,0.18055551813272455,2.0,,,,,,,,,,,,,,,,,,,3.3982472278627656,0.07692307692307693,0.15384615384615385,-0.07692300000007693,0.029670325761381997,13.0,1,0.1909527885691764,15216.0,-0.2037061374687843,15187.0,0.2569339218657429,15218.0,-0.2039607868938753,15168.0,15214.8,0.13957587553773634
2023-02-28,2,15240.0,-0.2226004975775852,3.1899541117274444,0.0,2.0,-0.99999950000025,0.15384614201183525,1.0,,,,,,,,,,,,,,,,,,,,,,,,,4.540818486964385,0.0,0.0,0.0,0.0,1.0,0,0.3811777076761391,15274.0,0.1909527885691764,15216.0,-0.2037061374687843,15187.0,0.0725210970464074,15179.0,15227.0,0.08055155661293781
2023-03-01,3,15250.0,0.0656167979002697,2.379729807665231,0.0,1.0,-0.9999990000010001,0.11111109876543349,1.0,,,,,,,,,,,,,,,,,,,,,,,,,3.0844999317173674,0.0,0.0,0.0,0.0,2.0,1,-0.2226004975775852,15240.0,0.3811777076761391,15274.0,0.1909527885691764,15216.0,0.2569339218657429,15218.0,15233.4,0.04228813181984318
2023-03-02,9,15273.0,0.1508196721311527,2.8291647609031143,0.0,0.0,0.0,0.0,2.0,,,,,,,,,,,,,,,,,,,,,,,,,3.2318465500965696,0.0,0.2857142857142857,-0.14285707142860712,0.04081632069970929,7.0,1,0.0656167979002697,15250.0,-0.2226004975775852,15240.0,0.3811777076761391,15274.0,-0.2037061374687843,15187.0,15250.6,0.11319329373983059
2023-03-03,9,15306.0,0.2160675702219672,2.9594621076686516,0.5,0.5,0.0,0.11111109876543349,2.0,2.429774545790429,1.0,1.0,0.0,0.16666665277777895,1.0,,,,,,,,,,,,,,,,,,,3.4615828669270647,0.16666666666666666,0.0,0.16666650000016667,0.016666665000000167,6.0,1,0.1508196721311527,15273.0,0.0656167979002697,15250.0,-0.2226004975775852,15240.0,0.1909527885691764,15216.0,15268.6,0.11821625007038875
2023-03-06,8,15301.0,-0.0326669280020897,3.0127108851937274,0.0,0.25,-0.24999975000025002,0.022727270661157213,4.0,,,,,,,,,,,,,3.381458977235431,1.0,0.0,0.9999990000010001,0.09999999000000101,1.0,,,,,,,3.47533480696583,0.0,0.0,0.0,0.0,3.0,0,0.2160675702219672,15306.0,0.1508196721311527,15273.0,0.0656167979002697,15250.0,0.3811777076761391,15274.0,15274.0,0.03544732293474297
2023-03-07,7,15359.0,0.3790601921443093,2.959218258293104,0.0,1.5,-0.4999998333333889,0.1363636239669433,2.0,,,,,,,,,,,,,3.389318819053891,1.0,0.0,0.9999990000010001,0.11111109876543349,1.0,,,,,,,3.602684023795713,0.25,0.0,0.24999975000025002,0.02777777469135837,4.0,1,-0.0326669280020897,15301.0,0.2160675702219672,15306.0,0.1508196721311527,15273.0,-0.2226004975775852,15240.0,15297.8,0.15577946087912187
2023-03-08,7,15451.0,0.5989973305553731,3.069554990219901,0.0,3.0,-0.9999996666667778,0.3030302721150935,2.0,,,,,,,,,,,,,,,,,,,,,,,,,3.2619658782137337,0.0,0.0,0.0,0.0,5.0,1,0.3790601921443093,15359.0,-0.0326669280020897,15301.0,0.2160675702219672,15306.0,0.0656167979002697,15250.0,15338.0,0.26245556741014253
2023-03-09,9,15438.0,-0.0841369490647836,3.044657841081943,0.3333333333333333,1.0,-0.33333316666675,0.10822509931410655,3.0,,,,,,,,,,,,,,,,,,,,,,,,,3.440864429576156,0.0,0.8333333333333334,-0.499999611111463,0.11574072209362492,6.0,0,0.5989973305553731,15451.0,0.3790601921443093,15359.0,-0.0326669280020897,15301.0,0.1508196721311527,15273.0,15371.0,0.2154642431709553
2023-03-10,2,15468.0,0.1943256898562007,,,,,,,,,,,,,,,,,,,,,,,,,,,,,,,3.0491736829008915,0.0,0.0,0.0,0.0,2.0,1,-0.0841369490647836,15438.0,0.5989973305553731,15451.0,0.3790601921443093,15359.0,0.2160675702219672,15306.0,15403.4,0.211115867097802
2023-03-13,6,15374.0,-0.6077062322213611,2.9198575842058685,0.0,0.0,0.0,0.0,2.0,,,,,,,,,,,,,,,,,,,,,,,,,3.0075390283341576,0.0,0.5,-0.49999950000050003,0.06944443441358175,4.0,0,0.1943256898562007,15468.0,-0.0841369490647836,15438.0,0.5989973305553731,15451.0,-0.0326669280020897,15301.0,15418.0,0.0961080062539477
2023-03-14,7,15380.0,0.0390269285807098,3.0787003251693816,0.0,2.0,-0.99999950000025,0.22222219753086697,1.0,,,,,,,,,,,,,,,,,,,,,,,,,3.2220042159070683,0.16666666666666666,0.3333333333333333,-0.16666650000016667,0.05555554938271675,6.0,1,-0.6077062322213611,15374.0,0.1943256898562007,15468.0,-0.0841369490647836,15438.0,0.3790601921443093,15359.0,15422.2,0.02810135354122782
2023-03-15,9,15365.0,-0.0975292587776288,2.9174012293920724,0.0,0.5,-0.49999950000050003,0.062499992187500984,2.0,,,,,,,,,,,,,,,,,,,,,,,,,3.3302624837975268,0.2857142857142857,0.42857142857142855,-0.14285700000014287,0.11479589846028072,7.0,0,0.0390269285807098,15380.0,-0.6077062322213611,15374.0,0.1943256898562007,15468.0,0.5989973305553731,15451.0,15405.0,-0.11120396432537256
2023-03-16,7,15418.0,0.3449397982427493,3.650341419753435,0.0,0.0,0.0,0.0,1.0,,,,,,,,,,,,,,,,,,,,,,,,,3.3406174038245964,0.0,0.3333333333333333,-0.33333300000033333,0.04047618540816392,6.0,1,-0.0975292587776288,15365.0,0.0390269285807098,15380.0,-0.6077062322213611,15374.0,-0.0841369490647836,15438.0,15401.0,-0.025388614863865976
2023-03-17,6,15364.0,-0.3502399792450372,3.0699913137452377,0.0,0.0,0.0,0.0,2.0,,,,,,,,,,,,,,,,,,,,,,,,,3.2321276887859547,0.25,0.25,0.0,0.07777776469136037,4.0,0,0.3449397982427493,15418.0,-0.0975292587776288,15365.0,0.0390269285807098,15380.0,0.1943256898562007,15468.0,15380.2,-0.13430174868411354
2023-03-20,7,15372.0,0.052069773496477,3.335955038406467,0.0,2.3333333333333335,-0.66666647222228,0.16666665476190562,3.0,,,,,,,,,,,,,,,,,,,,,,,,,3.431837972809845,0.25,0.5,-0.24999975000025002,0.10555553938271875,4.0,1,-0.3502399792450372,15364.0,0.3449397982427493,15418.0,-0.0975292587776288,15365.0,-0.6077062322213611,15374.0,15379.8,-0.002346547540545932
2023-03-21,4,15349.0,-0.1496226906062991,2.744668817380127,0.0,0.0,0.0,0.0,2.0,,,,,,,,,,,,,,,,,,,,,,,,,3.32169307072385,0.0,0.5,-0.49999950000050003,0.07142856122449125,2.0,0,0.052069773496477,15372.0,-0.3502399792450372,15364.0,0.3449397982427493,15418.0,0.0390269285807098,15380.0,15373.6,-0.04007647137794771
2023-03-24,30,15189.0,-1.0424131865268138,3.2071733994484304,0.16666666666666666,0.5,-0.166666583333375,0.07943721959043247,6.0,,,,,,,,,,,,,3.2830196635405677,0.0,1.0,-0.9999990000010001,0.12499998437500197,1.0,,,,,,,3.3988730270426815,0.043478260869565216,0.43478260869565216,-0.30434756521763046,0.05271189574962748,23.0,0,-0.1496226906062991,15349.0,0.052069773496477,15372.0,-0.3502399792450372,15364.0,-0.0975292587776288,15365.0,15338.4,-0.2290532569277847
2023-03-27,7,15174.0,-0.098755678451512,3.1531113685177266,0.0,0.75,-0.4999996250003125,0.09126982999496236,4.0,,,,,,,,,,,,,3.046376060654046,0.0,1.0,-0.9999990000010001,0.1428571224489825,1.0,,,,,,,3.4418707002131694,0.0,1.0,-0.499999750000125,0.199999960000008,2.0,0,-1.0424131865268138,15189.0,-0.1496226906062991,15349.0,0.052069773496477,15372.0,0.3449397982427493,15418.0,15289.6,-0.31779235226663693
2023-03-28,3,15088.0,-0.5667589297482567,3.219276330918415,0.0,1.0,-0.9999990000010001,0.12499998437500197,1.0,2.8942473133569826,1.0,0.0,0.9999990000010001,0.09090908264462885,1.0,,,,,,,,,,,,,,,,,,,3.479977263420752,0.0,1.0,-0.9999990000010001,0.16666663888889352,1.0,0,-0.098755678451512,15174.0,-1.0424131865268138,15189.0,-0.1496226906062991,15349.0,-0.3502399792450372,15364.0,15234.4,-0.3610961423672808
2023-03-29,6,15094.0,0.0397667020148428,3.046552750755387,0.0,0.0,0.0,0.0,1.0,2.1293670716400652,0.0,2.0,-0.99999950000025,0.1818181652892577,1.0,,,,,,,,,,,,,,,,,,,3.317693056020889,0.0,0.75,-0.24999991666669444,0.07499999250000075,4.0,1,-0.5667589297482567,15088.0,-0.098755678451512,15174.0,-1.0424131865268138,15189.0,0.052069773496477,15372.0,15178.8,-0.36355675666360765
2023-03-30,3,15062.0,-0.2120047701073324,2.850134091000822,0.0,1.0,-0.499999750000125,0.11111109876543349,2.0,,,,,,,,,,,,,,,,,,,,,,,,,3.4818527719277776,0.0,1.0,-0.9999990000010001,0.09999999000000101,1.0,0,0.0397667020148428,15094.0,-0.5667589297482567,15088.0,-0.098755678451512,15174.0,-0.1496226906062991,15349.0,15121.4,-0.3760331725638143
2023-03-31,1,14977.0,-0.5643340857787837,2.9366716999409253,0.0,1.0,-0.9999990000010001,0.16666663888889352,1.0,,,,,,,,,,,,,,,,,,,,,,,,,,,,,,,0,-0.2120047701073324,15062.0,0.0397667020148428,15094.0,-0.5667589297482567,15088.0,-1.0424131865268138,15189.0,15079.0,-0.2804173524142083
2023-04-03,14,14990.0,0.0867997596314396,2.953445447350262,0.0,1.0,-0.499999750000125,0.09090908264462885,2.0,2.893121656368494,1.0,1.0,0.0,0.17424240903351834,2.0,,,,,,,3.86763742204021,0.25,0.75,-0.49999950000050003,0.10894659662591842,4.0,,,,,,,3.1150022529149966,0.0,0.16666666666666666,-0.16666650000016667,0.033333326666668,6.0,1,-0.5643340857787837,14977.0,-0.2120047701073324,15062.0,0.0397667020148428,15094.0,-0.098755678451512,15174.0,15042.2,-0.243306264797618
2023-04-04,11,14913.0,-0.5136757838559047,2.6821920366579506,0.3333333333333333,1.0,-0.33333316666675,0.17222219805555916,3.0,,,,,,,,,,,,,3.318032109488466,0.0,0.8,-0.7999992000008,0.1190476012471682,5.0,,,,,,,3.2215952509042496,0.3333333333333333,0.0,0.33333300000033333,0.066666653333336,3.0,0,0.0867997596314396,14990.0,-0.5643340857787837,14977.0,-0.2120047701073324,15062.0,-0.5667589297482567,15088.0,15007.2,-0.2326896356191476
2023-04-05,4,14933.0,0.134111178166707,2.91617846406019,1.0,0.0,0.9999990000010001,0.1428571224489825,1.0,,,,,,,,,,,,,3.0967063088071276,0.0,0.0,0.0,0.0,1.0,,,,,,,3.425916497845854,0.0,0.0,0.0,0.0,3.0,1,-0.5136757838559047,14913.0,0.0867997596314396,14990.0,-0.5643340857787837,14977.0,0.0397667020148428,15094.0,14975.0,-0.21382074038877477
2023-04-06,3,14943.0,0.0669657804861723,2.6099976760460457,0.0,0.5,-0.49999950000050003,0.045454541322314426,2.0,,,,,,,,,,,,,,,,,,,,,,,,,3.3446840615651983,0.0,1.0,-0.9999990000010001,0.07692307100591762,1.0,1,0.134111178166707,14933.0,-0.5136757838559047,14913.0,0.0867997596314396,14990.0,-0.2120047701073324,15062.0,14951.2,-0.15802663027007383
2023-04-10,6,14905.0,-0.2542996720872659,2.5185146811982784,0.0,0.3333333333333333,-0.33333300000033333,0.08333331250000521,3.0,,,,,,,,,,,,,,,,,,,,,,,,,3.0165654213129254,0.0,0.3333333333333333,-0.33333300000033333,0.02777777546296316,3.0,0,0.0669657804861723,14943.0,0.134111178166707,14933.0,-0.5136757838559047,14913.0,-0.5643340857787837,14977.0,14936.8,-0.09601974753177026
2023-04-11,5,14888.0,-0.114055686011405,,,,,,,,,,,,,,,,,,,3.113618130783522,0.0,0.0,0.0,0.0,1.0,,,,,,,4.125021219176702,0.0,0.0,0.0,0.0,4.0,0,-0.2542996720872659,14905.0,0.0669657804861723,14943.0,0.134111178166707,14933.0,0.0867997596314396,14990.0,14916.4,-0.13619083666033918
2023-04-12,8,14866.0,-0.1477700161203632,2.8369528592120146,0.0,0.0,0.0,0.0,1.0,,,,,,,,,,,,,,,,,,,,,,,,,3.43169797160716,0.0,0.5714285714285714,-0.42857107142889284,0.06746030946869584,7.0,0,-0.114055686011405,14888.0,-0.2542996720872659,14905.0,0.0669657804861723,14943.0,-0.5136757838559047,14913.0,14907.0,-0.06300968311323087
2023-04-13,13,14792.0,-0.497780169514328,3.1039161159017854,0.0,0.0,0.0,0.0,1.0,3.1039161159017854,0.0,0.0,0.0,0.0,1.0,,,,,,,2.557530439037052,1.0,1.0,0.0,0.22222219753086697,1.0,,,,,,,2.99104016497747,0.3333333333333333,0.4166666666666667,-4.1666604157682606e-08,0.12496690839106389,12.0,0,-0.1477700161203632,14866.0,-0.114055686011405,14888.0,-0.2542996720872659,14905.0,0.134111178166707,14933.0,14878.8,-0.18938795264943786
2023-04-14,9,14666.0,-0.8518117901568423,3.4363672061462434,0.0,1.0,-0.9999990000010001,0.09090908264462885,1.0,3.4363672061462434,0.0,1.0,-0.9999990000010001,0.09090908264462885,1.0,,,,,,,,,,,,,,,,,,,3.3968288720103277,0.0,0.25,-0.24999975000025002,0.04513887953318114,8.0,0,-0.497780169514328,14792.0,-0.1477700161203632,14866.0,-0.114055686011405,14888.0,0.0669657804861723,14943.0,14823.4,-0.3731434667780408
2023-04-17,9,14773.0,0.7295786172098806,3.6404287354614975,0.0,5.0,-0.99999980000004,0.3333333111111126,1.0,,,,,,,,,,,,,3.655922988910793,0.0,2.0,-0.99999950000025,0.1818181652892577,1.0,,,,,,,3.2337556270035166,0.2857142857142857,0.5714285714285714,-0.28571400000028574,0.11123478127895203,7.0,1,-0.8518117901568423,14666.0,-0.497780169514328,14792.0,-0.1477700161203632,14866.0,-0.2542996720872659,14905.0,14797.0,-0.1763678089186115
2023-04-18,4,14855.0,0.5550666756921396,2.784305569273464,0.0,0.3333333333333333,-0.33333300000033333,0.02564102366863921,3.0,,,,,,,,,,,,,,,,,,,,,,,,,2.392240941322528,0.0,0.0,0.0,0.0,1.0,1,0.7295786172098806,14773.0,-0.8518117901568423,14666.0,-0.497780169514328,14792.0,-0.114055686011405,14888.0,14790.4,-0.042543336577902546
2023-04-26,26,14882.0,0.1817569841804145,2.8941457054094286,0.4,0.8,-0.19999990000005,0.15813489933114744,10.0,2.8809225375820917,0.0,1.0,-0.499999750000125,0.08333332638888948,2.0,,,,,,,3.1178730096578744,0.0,1.0,-0.9999990000010001,0.1428571224489825,1.0,2.912079416571087,0.0,1.0,-0.9999990000010001,0.1428571224489825,1.0,3.508045666044715,0.07692307692307693,0.6923076923076923,-0.6153840000006154,0.10231988838009189,13.0,1,0.5550666756921396,14855.0,0.7295786172098806,14773.0,-0.8518117901568423,14666.0,-0.1477700161203632,14866.0,14793.6,0.023362063482252986
2023-04-27,4,14751.0,-0.8802580298347018,3.0502433432324416,0.0,0.3333333333333333,-0.33333300000033333,0.0476190408163275,3.0,,,,,,,,,,,,,,,,,,,,,,,,,2.8827494899067174,1.0,0.0,0.9999990000010001,0.12499998437500197,1.0,0,0.1817569841804145,14882.0,0.5550666756921396,14855.0,0.7295786172098806,14773.0,-0.497780169514328,14792.0,14785.4,-0.053133508581821774
2023-04-28,7,14661.0,-0.6101281269066505,3.066329007600384,0.0,1.2,-0.7999994000005,0.10858584864427193,5.0,2.7227284726173053,0.0,2.0,-0.99999950000025,0.1818181652892577,1.0,,,,,,,2.1016414791936944,0.0,1.0,-0.9999990000010001,0.1428571224489825,1.0,,,,,,,3.4264287405590803,0.0,2.0,-0.99999950000025,0.19999998000000202,1.0,0,-0.8802580298347018,14751.0,0.1817569841804145,14882.0,0.5550666756921396,14855.0,-0.8518117901568423,14666.0,14784.4,-0.004796775931783426
2023-05-02,9,14703.0,0.2864743196234975,3.211520771664774,0.5,2.0,-3.7499953120523344e-07,0.22916664496527994,2.0,,,,,,,2.9104804168967777,0.0,1.0,-0.9999990000010001,0.11111109876543349,1.0,,,,,,,,,,,,,3.196365170015581,0.0,0.3333333333333333,-0.166666583333375,0.033333330000000334,6.0,1,-0.6101281269066505,14661.0,-0.8802580298347018,14751.0,0.1817569841804145,14882.0,0.7295786172098806,14773.0,14770.4,-0.09341763544906004
2023-05-03,7,14706.0,0.0204039991838378,3.207675180812834,0.0,1.0,-0.9999990000010001,0.11111109876543349,1.0,,,,,,,,,,,,,3.1166740466463665,0.0,1.0,-0.9999990000010001,0.16666663888889352,1.0,,,,,,,3.4851827979400354,0.0,0.8,-0.59999950000045,0.08484847555670445,5.0,1,0.2864743196234975,14703.0,-0.6101281269066505,14661.0,-0.8802580298347018,14751.0,0.5550666756921396,14855.0,14740.6,-0.2003501707507204
2023-05-04,12,14632.0,-0.5031959744322023,4.011652078667434,0.0,0.0,0.0,0.0,1.0,,,,,,,,,,,,,,,,,,,,,,,,,3.205503909545241,0.18181818181818182,0.18181818181818182,0.0,0.04797979149130282,11.0,0,0.0204039991838378,14706.0,0.2864743196234975,14703.0,-0.6101281269066505,14661.0,0.1817569841804145,14882.0,14690.6,-0.33734076247324374
2023-05-05,4,14674.0,0.287042099507917,3.378881508305163,0.0,1.0,-0.9999990000010001,0.08333332638888948,1.0,,,,,,,,,,,,,,,,,,,,,,,,,3.9411697601013613,0.3333333333333333,0.6666666666666666,-0.33333300000033333,0.12169310665994981,3.0,1,-0.5031959744322023,14632.0,0.0204039991838378,14706.0,0.2864743196234975,14703.0,-0.8802580298347018,14751.0,14675.2,-0.10388073660472
2023-05-08,4,14709.0,0.2385171050838241,3.2669078192876406,0.0,1.0,-0.9999990000010001,0.11111109876543349,1.0,,,,,,,,,,,,,,,,,,,,,,,,,3.6163731548482385,0.0,0.0,0.0,0.0,3.0,1,0.287042099507917,14674.0,-0.5031959744322023,14632.0,0.0204039991838378,14706.0,-0.6101281269066505,14661.0,14684.8,0.06584830979337493
2023-05-09,6,14757.0,0.3263308178666158,3.617166987929138,0.0,1.0,-0.9999990000010001,0.11111109876543349,1.0,,,,,,,,,,,,,,,,,,,,,,,,,3.6124843203857138,0.2,0.4,-0.06666664444445185,0.06666665925926009,5.0,1,0.2385171050838241,14709.0,0.287042099507917,14674.0,-0.5031959744322023,14632.0,0.2864743196234975,14703.0,14695.6,0.07381960944199858
2023-05-10,10,14746.0,-0.0745408958460425,2.3964323866285118,0.0,1.0,-0.9999990000010001,0.12499998437500197,1.0,,,,,,,,,,,,,,,,,,,,,,,,,3.387476923971754,0.0,0.0,0.0,0.0,9.0,0,0.3263308178666158,14757.0,0.2385171050838241,14709.0,0.287042099507917,14674.0,0.0204039991838378,14706.0,14703.6,0.05483063043602252
2023-05-11,16,14722.0,-0.1627560016275619,2.955840791730648,0.0,0.3333333333333333,-0.33333300000033333,0.04166666145833399,3.0,,,,,,,,,,,,,,,,,,,,,,,,,2.9831664633543236,0.38461538461538464,0.7692307692307693,-0.3846150000003847,0.22701459950285555,13.0,0,-0.0745408958460425,14746.0,0.3263308178666158,14757.0,0.2385171050838241,14709.0,-0.5031959744322023,14632.0,14721.6,0.12291862499695061
2023-05-12,14,14752.0,0.2037766607797753,2.6482116177654356,0.25,0.25,0.0,0.08571427061224762,4.0,,,,,,,,,,,,,,,,,,,,,,,,,3.2869693169649827,0.1,0.6,-0.4999995000005001,0.1096825220330087,10.0,1,-0.1627560016275619,14722.0,-0.0745408958460425,14746.0,0.3263308178666158,14757.0,0.287042099507917,14674.0,14737.2,0.10626553725132229
2023-05-15,9,14812.0,0.4067245119305784,3.298288495959481,0.5,0.0,0.2499998750000625,0.045454541322314426,4.0,,,,,,,,,,,,,2.933947129816758,0.0,0.0,0.0,0.0,1.0,,,,,,,3.5779271946160893,0.25,0.25,0.0,0.08571427061224762,4.0,1,0.2037766607797753,14752.0,-0.1627560016275619,14722.0,-0.0745408958460425,14746.0,0.2385171050838241,14709.0,14757.8,0.13990701862067315
2023-05-16,4,14810.0,-0.0135025654874443,2.95569653905671,0.0,0.0,0.0,0.0,1.0,,,,,,,,,,,,,,,,,,,,,,,,,3.222635257175154,0.0,1.0,-0.33333322222225925,0.11111109876543347,3.0,0,0.4067245119305784,14812.0,0.2037766607797753,14752.0,-0.1627560016275619,14722.0,0.3263308178666158,14757.0,14768.4,0.07194034194986113
2023-05-17,4,14875.0,0.4388926401080351,2.7325833238537305,0.0,0.0,0.0,0.0,1.0,,,,,,,,,,,,,,,,,,,,,,,,,3.395191315446679,0.0,0.0,0.0,0.0,3.0,1,-0.0135025654874443,14810.0,0.4067245119305784,14812.0,0.2037766607797753,14752.0,-0.0745408958460425,14746.0,14794.2,0.17462704914067664
2023-05-19,8,14936.0,0.4100840336134448,3.0124949647119093,0.0,0.3333333333333333,-0.33333300000033333,0.03703703292181116,3.0,3.198516243106154,0.0,0.0,0.0,0.0,1.0,,,,,,,,,,,,,,,,,,,3.1284235171596952,0.0,0.6,-0.5999994000006,0.06103895428402847,5.0,1,0.4388926401080351,14875.0,-0.0135025654874443,14810.0,0.4067245119305784,14812.0,-0.1627560016275619,14722.0,14837.0,0.289195056188878
2023-05-22,8,14897.0,-0.2611140867702199,3.1183932443150404,0.0,0.75,-0.4999996250003125,0.0732323160136728,4.0,2.9085090738504116,0.0,0.5,-0.49999950000050003,0.05555554938271674,2.0,,,,,,,,,,,,,,,,,,,3.496617934523455,0.0,0.0,0.0,0.0,5.0,0,0.4100840336134448,14936.0,0.4388926401080351,14875.0,-0.0135025654874443,14810.0,0.2037766607797753,14752.0,14866.0,0.19621690667887892
2023-05-23,4,14878.0,-0.1275424582130591,2.5219829479665616,0.0,1.0,-0.9999990000010001,0.10416665538194572,2.0,,,,,,,,,,,,,,,,,,,,,,,,,3.702631578036958,0.0,0.0,0.0,0.0,2.0,0,-0.2611140867702199,14897.0,0.4100840336134448,14936.0,0.4388926401080351,14875.0,0.4067245119305784,14812.0,14879.2,0.08936351265015144
2023-05-24,6,14905.0,0.1814760048393537,2.893702486528918,0.0,1.0,-0.9999990000010001,0.13333331444444727,2.0,,,,,,,,,,,,,3.209064442838608,0.0,1.0,-0.9999990000010001,0.09999999000000101,1.0,,,,,,,3.100716273834634,0.0,0.3333333333333333,-0.33333300000033333,0.030303027548209616,3.0,1,-0.1275424582130591,14878.0,-0.2611140867702199,14897.0,0.4100840336134448,14936.0,-0.0135025654874443,14810.0,14898.2,0.12835922671551103
2023-05-25,3,14952.0,0.3153304260315348,3.083630138600873,0.0,0.0,0.0,0.0,1.0,,,,,,,,,,,,,,,,,,,,,,,,,3.3829522578185998,0.5,0.0,0.49999950000050003,0.05555554938271674,2.0,1,0.1814760048393537,14905.0,-0.1275424582130591,14878.0,-0.2611140867702199,14897.0,0.4388926401080351,14875.0,14913.6,0.10364678390021098
2023-05-29,5,14973.0,0.0935891436593339,3.501339155740042,0.0,1.0,-0.9999990000010001,0.09999999000000101,1.0,,,,,,,,,,,,,,,,,,,,,,,,,3.1863270042442497,0.0,0.0,0.0,0.0,4.0,1,0.3153304260315348,14952.0,0.1814760048393537,14905.0,-0.1275424582130591,14878.0,0.4100840336134448,14936.0,14921.0,0.0403478059093888
2023-05-30,3,14969.0,-0.0267147532224676,2.863888140593485,0.0,0.3333333333333333,-0.33333300000033333,0.03703703292181116,3.0,,,,,,,,,,,,,,,,,,,,,,,,,,,,,,,0,0.0935891436593339,14973.0,0.3153304260315348,14952.0,0.1814760048393537,14905.0,-0.2611140867702199,14897.0,14935.4,0.08722767261893927
2023-05-31,2,15003.0,0.2271360812345468,2.908902452822581,0.0,2.0,-0.99999950000025,0.1818181652892577,1.0,2.9289208845153154,0.0,0.0,0.0,0.0,1.0,,,,,,,,,,,,,,,,,,,,,,,,,1,-0.0267147532224676,14969.0,0.0935891436593339,14973.0,0.3153304260315348,14952.0,-0.1275424582130591,14878.0,14960.4,0.15816338050846043
2023-06-05,28,14888.0,-0.7665133639938704,2.8424986384943525,0.0,0.8571428571428571,-0.7142850714291785,0.10374148392789813,7.0,,,,,,,,,,,,,3.210264737749466,0.0,0.6666666666666666,-0.6666660000006667,0.0726851771900729,6.0,,,,,,,2.8603613001515673,0.06666666666666667,0.3333333333333333,-0.2666664000002667,0.06328281765316225,15.0,0,0.2271360812345468,15003.0,-0.0267147532224676,14969.0,0.0935891436593339,14973.0,0.1814760048393537,14905.0,14957.0,-0.03143449325818437
2023-06-06,3,14839.0,-0.3291241268135403,3.0664812441635596,0.0,1.0,-0.9999990000010001,0.11111109876543349,1.0,,,,,,,,,,,,,4.0159917402136935,0.0,0.0,0.0,0.0,1.0,,,,,,,4.21773845703047,0.0,0.0,0.0,0.0,1.0,0,-0.7665133639938704,14888.0,0.2271360812345468,15003.0,-0.0267147532224676,14969.0,0.3153304260315348,14952.0,14934.4,-0.1603254038271994
2023-06-07,4,14875.0,0.2426039490531772,2.446998011384813,0.3333333333333333,0.6666666666666666,-0.33333300000033333,0.1428571224489825,3.0,,,,,,,,,,,,,,,,,,,2.428249289690903,1.0,2.0,-0.33333322222225925,0.33333329629630043,1.0,,,,,,,1,-0.3291241268135403,14839.0,-0.7665133639938704,14888.0,0.2271360812345468,15003.0,0.0935891436593339,14973.0,14914.8,-0.13052244274843075
2023-06-08,6,14903.0,0.1882352941176446,2.8270481318082816,0.0,0.3333333333333333,-0.33333300000033333,0.08333331250000521,3.0,,,,,,,,,,,,,,,,,,,,,,,,,2.921530525833757,0.6666666666666666,1.0,-0.33333300000033333,0.20952378244898318,3.0,1,0.2426039490531772,14875.0,-0.3291241268135403,14839.0,-0.7665133639938704,14888.0,-0.0267147532224676,14969.0,14901.6,-0.0875324332804083
2023-06-09,1,14853.0,-0.3355029188753966,,,,,,,,,,,,,,,,,,,,,,,,,,,,,,,3.4791364461432086,0.0,0.0,0.0,0.0,1.0,0,0.1882352941176446,14903.0,0.2426039490531772,14875.0,-0.3291241268135403,14839.0,0.2271360812345468,15003.0,14871.6,-0.200060233302397
2023-06-12,10,14874.0,0.1413855786709827,2.830549436128449,0.0,0.5,-0.49999950000050003,0.05555554938271674,2.0,,,,,,,,,,,,,,,,,,,,,,,,,3.2167753972129933,0.125,0.125,0.0,0.033333328611111816,8.0,1,-0.3355029188753966,14853.0,0.1882352941176446,14903.0,0.2426039490531772,14875.0,-0.7665133639938704,14888.0,14868.8,-0.01848044476942638
2023-06-13,7,14868.0,-0.0403388463089959,2.950866252848638,0.0,1.0,-0.9999990000010001,0.08333332638888948,1.0,,,,,,,,,,,,,,,,,,,,,,,,,3.5017280787959595,0.0,0.3333333333333333,-0.33333300000033333,0.05555554629629784,6.0,0,0.1413855786709827,14874.0,-0.3355029188753966,14853.0,0.1882352941176446,14903.0,-0.3291241268135403,14839.0,14874.6,0.039276611331482504
2023-06-14,13,14895.0,0.1815980629539915,2.8626855961440323,1.0,1.0,0.0,0.1818181652892577,1.0,,,,,,,,,,,,,,,,,,,,,,,,,3.0152549437622027,0.08333333333333333,0.6666666666666666,-0.5833327500005834,0.1230218620277105,12.0,1,-0.0403388463089959,14868.0,0.1413855786709827,14874.0,-0.3355029188753966,14853.0,0.2426039490531772,14875.0,14878.6,0.027075434111645362
2023-06-15,16,14943.0,0.322255790533732,3.3711115101457922,0.0,1.0,-0.9999990000010001,0.09090908264462885,1.0,,,,,,,,,,,,,,,,,,,,,,,,,3.0781392624799673,0.0,0.2,-0.1999998000002,0.02148147916872453,15.0,1,0.1815980629539915,14895.0,-0.0403388463089959,14868.0,0.1413855786709827,14874.0,0.1882352941176446,14903.0,14886.6,0.053879533394862844
2023-06-16,7,14945.0,0.0133841932677514,2.451691424772765,0.0,0.5,-0.49999950000050003,0.07142856122449125,2.0,,,,,,,,,,,,,,,,,,,,,,,,,3.1003380370297746,0.2,0.0,0.1999998000002,0.033333327777778705,5.0,1,0.322255790533732,14943.0,0.1815980629539915,14895.0,-0.0403388463089959,14868.0,-0.3355029188753966,14853.0,14905.0,0.12365695582349245
2023-06-19,8,14994.0,0.3278688524590123,2.8260420870841796,0.0,0.5,-0.2499998750000625,0.045454541322314426,4.0,,,,,,,,,,,,,,,,,,,,,,,,,3.1227384146860664,0.0,0.25,-0.24999975000025002,0.024999997500000253,4.0,1,0.0133841932677514,14945.0,0.322255790533732,14943.0,0.1815980629539915,14895.0,0.1413855786709827,14874.0,14929.0,0.1609536105810984
2023-06-20,4,15040.0,0.3067893824196366,3.0312615088868027,0.0,1.5,-0.999999250000625,0.1464646320273456,2.0,,,,,,,,,,,,,,,,,,,,,,,,,3.4553119064256004,0.0,0.0,0.0,0.0,2.0,1,0.3278688524590123,14994.0,0.0133841932677514,14945.0,0.322255790533732,14943.0,-0.0403388463089959,14868.0,14963.4,0.23037925632682485
2023-06-21,5,14982.0,-0.3856382978723371,3.703920731267231,0.0,0.5,-0.49999950000050003,0.07142856122449125,2.0,,,,,,,,,,,,,,,,,,,,,,,,,3.453492084821933,0.0,0.0,0.0,0.0,3.0,0,0.3067893824196366,15040.0,0.3278688524590123,14994.0,0.0133841932677514,14945.0,0.1815980629539915,14895.0,14980.8,0.11693198416155917
2023-06-22,9,14918.0,-0.4271792818048348,2.6342387822061717,0.0,0.0,0.0,0.0,3.0,,,,,,,,,,,,,,,,,,,,,,,,,3.3354469640599835,0.0,0.0,0.0,0.0,6.0,0,-0.3856382978723371,14982.0,0.3067893824196366,15040.0,0.3278688524590123,14994.0,0.322255790533732,14943.0,14975.8,-0.032955030306154195
2023-06-23,12,14998.0,0.5362649148679344,2.57245225624127,1.0,0.0,0.9999990000010001,0.24999993750001562,1.0,1.9580393210018467,0.0,0.0,0.0,0.0,1.0,3.331616740469704,0.0,2.0,-0.99999950000025,0.13333332444444504,1.0,,,,,,,,,,,,,3.415331056015603,0.1111111111111111,0.1111111111111111,0.0,0.04166665798611307,9.0,1,-0.4271792818048348,14918.0,-0.3856382978723371,14982.0,0.3067893824196366,15040.0,0.0133841932677514,14945.0,14986.4,0.07162111401388241
2023-06-26,4,15026.0,0.1866915588745188,3.2515354273153956,0.0,0.0,0.0,0.0,1.0,,,,,,,,,,,,,3.1814994950492403,0.0,0.0,0.0,0.0,1.0,,,,,,,3.4089198968127112,0.0,0.5,-0.49999950000050003,0.062499992187500984,2.0,1,0.5362649148679344,14998.0,-0.4271792818048348,14918.0,-0.3856382978723371,14982.0,0.3278688524590123,14994.0,14992.8,0.0433856552969837
2023-06-27,6,15000.0,-0.1730334087581497,3.1057854407281424,0.0,0.6666666666666666,-0.6666660000006667,0.0793650684051415,3.0,3.9997156159603273,0.0,1.0,-0.9999990000010001,0.07142856632653098,1.0,,,,,,,,,,,,,,,,,,,3.5110310056274385,0.0,0.6666666666666666,-0.33333316666675,0.06060605509641923,3.0,0,0.1866915588745188,15026.0,0.5362649148679344,14998.0,-0.4271792818048348,14918.0,0.3067893824196366,15040.0,14984.8,-0.05257890293857357
2023-07-03,16,15034.0,0.2266666666666639,3.177851573761199,0.2,0.6,-0.3999996000004,0.10262624803510076,5.0,,,,,,,,,,,,,,,,,,,,,,,,,3.47887122791482,0.09090909090909091,0.5454545454545454,-0.27272709090922725,0.09025972647263676,11.0,1,-0.1730334087581497,15000.0,0.1866915588745188,15026.0,0.5362649148679344,14998.0,-0.3856382978723371,14982.0,14995.2,0.06988208996922665
2023-07-04,5,15018.0,-0.1064254356791249,3.3186437892838967,0.0,2.0,-0.9999993333338889,0.1818181652892577,2.0,,,,,,,,,,,,,2.763491091619127,0.0,1.0,-0.9999990000010001,0.09999999000000101,1.0,,,,,,,3.7088312789228466,0.0,0.0,0.0,0.0,2.0,0,0.2266666666666639,15034.0,-0.1730334087581497,15000.0,0.1866915588745188,15026.0,-0.4271792818048348,14918.0,15015.2,0.13403285919436864
2023-07-05,4,15013.0,-0.0332933812758007,4.002279510888421,0.0,1.5,-0.4999998333333889,0.10714284948979647,2.0,,,,,,,,,,,,,,,,,,,,,,,,,2.997712956049993,0.0,0.5,-0.49999950000050003,0.04166666319444474,2.0,0,-0.1064254356791249,15018.0,0.2266666666666639,15034.0,-0.1730334087581497,15000.0,0.5362649148679344,14998.0,15018.2,0.020121199965621603
2023-07-06,5,15062.0,0.3263838007060649,4.077035205136798,0.0,0.0,0.0,0.0,1.0,,,,,,,,,,,,,3.0230495604475798,0.0,0.0,0.0,0.0,1.0,,,,,,,3.5016184854746117,0.3333333333333333,0.3333333333333333,0.0,0.09722220775463182,3.0,1,-0.0332933812758007,15013.0,-0.1064254356791249,15018.0,0.2266666666666639,15034.0,0.1866915588745188,15026.0,15025.4,0.04805964833193081
2023-07-07,6,15136.0,0.4913026158544609,2.684883746806849,0.3333333333333333,0.6666666666666666,-0.33333300000033333,0.10822509591274672,3.0,,,,,,,,,,,,,,,,,,,,,,,,,3.4315096701522414,0.0,0.6666666666666666,-0.6666660000006667,0.0703703629218115,3.0,1,0.3263838007060649,15062.0,-0.0332933812758007,15013.0,-0.1064254356791249,15018.0,-0.1730334087581497,15000.0,15052.6,0.18092685325445293
2023-07-10,9,15192.0,0.36997885835095,2.9152972358119946,0.0,0.0,0.0,0.0,3.0,,,,,,,,,,,,,,,,,,,,,,,,,3.141819227852172,0.0,0.3333333333333333,-0.33333300000033333,0.0462962896090545,6.0,1,0.4913026158544609,15136.0,0.3263838007060649,15062.0,-0.0332933812758007,15013.0,0.2266666666666639,15034.0,15084.2,0.20958929159131015
2023-07-11,10,15162.0,-0.1974723538704537,3.0087225058608533,0.5,0.5,0.0,0.09090908264462885,2.0,,,,,,,,,,,,,,,,,,,,,,,,,3.46111704945486,0.0,0.25,-0.24999975000025002,0.034722217206790876,8.0,0,0.36997885835095,15192.0,0.4913026158544609,15136.0,0.3263838007060649,15062.0,-0.1064254356791249,15018.0,15113.0,0.1913799079530444
2023-07-12,7,15084.0,-0.5144440047487153,2.838268541097225,0.5,0.0,0.49999950000050003,0.049999995000000505,2.0,,,,,,,,,,,,,,,,,,,2.4228952428222,0.0,1.0,-0.9999990000010001,0.1428571224489825,1.0,3.7568222155948674,0.25,0.0,0.24999975000025002,0.022727270661157213,4.0,0,-0.1974723538704537,15162.0,0.36997885835095,15192.0,0.4913026158544609,15136.0,-0.0332933812758007,15013.0,15127.2,0.09514978325846146
2023-07-13,18,14978.0,-0.7027313709891292,3.0761149731766446,0.0,0.0,0.0,0.0,1.0,,,,,,,,,,,,,,,,,,,,,,,,,3.2647510572898226,0.058823529411764705,0.47058823529411764,-0.41176429411805887,0.07360367249749998,17.0,0,-0.5144440047487153,15084.0,-0.1974723538704537,15162.0,0.36997885835095,15192.0,0.3263838007060649,15062.0,15110.4,-0.11067325108057735
2023-07-14,7,14945.0,-0.2203231406062267,3.8323264637356425,0.0,3.0,-0.9999996666667778,0.33333329629630043,1.0,,,,,,,,,,,,,,,,,,,,,,,,,3.0360409981749217,0.16666666666666666,0.0,0.16666650000016667,0.02777777314814892,6.0,0,-0.7027313709891292,14978.0,-0.5144440047487153,15084.0,-0.1974723538704537,15162.0,0.4913026158544609,15136.0,15072.2,-0.25299840237271487
2023-07-17,7,15007.0,0.4148544663767239,2.795707755858005,0.0,0.0,0.0,0.0,2.0,,,,,,,,,,,,,,,,,,,,,,,,,2.5900725251598495,0.6,0.6,-0.19999970000035003,0.14333331430555837,5.0,1,-0.2203231406062267,14945.0,-0.7027313709891292,14978.0,-0.5144440047487153,15084.0,0.36997885835095,15192.0,15035.2,-0.2440232807675601
2023-07-18,3,14994.0,-0.0866262410874951,2.971865720319257,0.0,0.0,0.0,0.0,2.0,,,,,,,,,,,,,,,,,,,,,,,,,2.7814932046428806,0.0,0.0,0.0,0.0,2.0,0,0.4148544663767239,15007.0,-0.2203231406062267,14945.0,-0.7027313709891292,14978.0,-0.1974723538704537,15162.0,15001.6,-0.2218540582109684
2023-07-20,8,14991.0,-0.0200080032012772,3.491853904495503,0.0,0.25,-0.24999975000025002,0.02777777469135837,4.0,,,,,,,,,,,,,,,,,,,,,,,,,3.443796659698785,0.0,0.5,-0.2499998750000625,0.062499992187500984,4.0,0,-0.0866262410874951,14994.0,0.4148544663767239,15007.0,-0.2203231406062267,14945.0,-0.5144440047487153,15084.0,14983.0,-0.12296685790148074
2023-07-21,5,15026.0,0.233473417383756,3.0425665330834955,0.0,0.0,0.0,0.0,1.0,,,,,,,3.089804079206862,0.0,1.0,-0.9999990000010001,0.199999960000008,1.0,,,,,,,,,,,,,3.0810081993781804,0.0,0.0,0.0,0.0,4.0,1,-0.0200080032012772,14991.0,-0.0866262410874951,14994.0,0.4148544663767239,15007.0,-0.7027313709891292,14978.0,14992.6,0.06427409977309628
2023-07-24,5,15028.0,0.0133102622121628,3.2292738207276708,0.5,0.5,0.0,0.09999999000000101,2.0,,,,,,,,,,,,,,,,,,,,,,,,,3.1568008692970024,0.0,0.3333333333333333,-0.33333300000033333,0.0476190408163275,3.0,1,0.233473417383756,15026.0,-0.0200080032012772,14991.0,-0.0866262410874951,14994.0,-0.2203231406062267,14945.0,15009.2,0.11100078033677419
2023-07-25,3,15007.0,-0.1397391535799874,3.9691356775792617,0.0,1.0,-0.499999750000125,0.07692307100591762,2.0,,,,,,,4.3368869815431,0.0,2.0,-0.99999950000025,0.15384614201183525,1.0,,,,,,,,,,,,,3.3463635445955355,0.0,0.0,0.0,0.0,1.0,0,0.0133102622121628,15028.0,0.233473417383756,15026.0,-0.0200080032012772,14991.0,0.4148544663767239,15007.0,15009.2,8.205634543193008e-05
2023-07-26,6,15032.0,0.1665889251682539,3.8561438283876965,0.0,3.0,-0.9999996666667778,0.2727272479338866,1.0,,,,,,,,,,,,,,,,,,,,,,,,,3.5457160571032977,0.2,0.0,0.1999998000002,0.016666665277777895,5.0,1,-0.1397391535799874,15007.0,0.0133102622121628,15028.0,0.233473417383756,15026.0,-0.0866262410874951,14994.0,15016.8,0.05072508959658173
2023-07-27,13,15003.0,-0.1929217668972804,3.775668871318229,0.0,1.0,-0.9999990000010001,0.11111109876543349,1.0,,,,,,,,,,,,,,,,,,,,,,,,,3.0851487503895108,0.3333333333333333,0.16666666666666666,0.16666650000016667,0.08327018685812013,12.0,0,0.1665889251682539,15032.0,-0.1397391535799874,15007.0,0.0133102622121628,15028.0,-0.0200080032012772,14991.0,15019.2,0.01614233685738109
2023-07-28,9,15083.0,0.5332266879957359,4.206340801428255,0.0,0.0,0.0,0.0,1.0,,,,,,,3.0354415306436078,1.0,0.0,0.9999990000010001,0.33333322222225925,1.0,3.298685599067755,0.5,1.0,-0.49999950000050003,0.16111109376543398,2.0,,,,,,,3.742252410346991,0.0,0.0,0.0,0.0,5.0,1,-0.1929217668972804,15003.0,0.1665889251682539,15032.0,-0.1397391535799874,15007.0,0.233473417383756,15026.0,15030.6,0.07609299097977708
2023-07-31,8,15092.0,0.0596698269575091,3.3592551749043684,0.0,1.0,-0.499999750000125,0.11111109876543349,2.0,,,,,,,,,,,,,,,,,,,,,,,,,3.0773600030298156,0.3333333333333333,0.5,-0.16666650000016667,0.1420634672978124,6.0,1,0.5332266879957359,15083.0,-0.1929217668972804,15003.0,0.1665889251682539,15032.0,0.0133102622121628,15028.0,15043.4,0.08536490392884634
2023-08-01,7,15117.0,0.1656506758547671,2.9100785228750006,0.0,1.5,-0.4999998333333889,0.18749997656250295,2.0,,,,,,,,,,,,,,,,,,,2.58476944389514,0.0,3.0,-0.9999996666667778,0.3749999531250059,1.0,3.323913615120459,0.0,0.0,0.0,0.0,5.0,1,0.0596698269575091,15092.0,0.5332266879957359,15083.0,-0.1929217668972804,15003.0,-0.1397391535799874,15007.0,15065.4,0.14644286981579724
2023-08-02,7,15171.0,0.3572137328835101,3.0091445125068894,0.0,0.8333333333333334,-0.666666083333875,0.07426831753229314,6.0,,,,,,,3.2763211168829334,0.0,2.0,-0.99999950000025,0.33333327777778704,1.0,,,,,,,,,,,,,,,,,,,1,0.1656506758547671,15117.0,0.0596698269575091,15092.0,0.5332266879957359,15083.0,0.1665889251682539,15032.0,15093.2,0.1845678313588485
2023-08-03,2,15198.0,0.1779711291279406,2.8836174497637033,0.0,2.0,-0.99999950000025,0.19999998000000202,1.0,,,,,,,,,,,,,,,,,,,,,,,,,2.1447228105729144,1.0,0.0,0.9999990000010001,0.24999993750001562,1.0,1,0.3572137328835101,15171.0,0.1656506758547671,15117.0,0.0596698269575091,15092.0,-0.1929217668972804,15003.0,15132.2,0.2587464105638927
2023-08-04,6,15168.0,-0.1973943939992062,3.7016048959314607,0.0,1.0,-0.9999990000010001,0.07692307100591762,1.0,,,,,,,3.04842967114935,0.0,2.0,-0.99999950000025,0.19999998000000202,1.0,4.050732864763478,0.0,1.0,-0.9999990000010001,0.11111109876543349,1.0,,,,,,,3.472460435829332,0.0,0.3333333333333333,-0.33333300000033333,0.03703703292181116,3.0,0,0.1779711291279406,15198.0,0.3572137328835101,15171.0,0.1656506758547671,15117.0,0.5332266879957359,15083.0,15149.2,0.11262219416490427
2023-08-07,9,15178.0,0.0659282700421926,2.8355551812927415,0.6666666666666666,0.0,0.6666660000006667,0.06944443692129715,3.0,3.0812280359773694,1.0,0.0,0.9999990000010001,0.10416665538194572,2.0,2.6819303075232312,0.0,0.0,0.0,0.0,1.0,,,,,,,,,,,,,3.318878113229688,0.0,0.0,0.0,0.0,5.0,1,-0.1973943939992062,15168.0,0.1779711291279406,15198.0,0.3572137328835101,15171.0,0.0596698269575091,15092.0,15166.4,0.11387388278184096
2023-08-08,4,15229.0,0.3360126498880067,2.335618013620496,0.0,2.0,-0.99999950000025,0.285714244897965,1.0,,,,,,,,,,,,,,,,,,,,,,,,,3.3188640282637714,0.3333333333333333,0.3333333333333333,0.0,0.08333332291666798,3.0,1,0.0659282700421926,15178.0,-0.1973943939992062,15168.0,0.1779711291279406,15198.0,0.1656506758547671,15117.0,15188.8,0.14794627758848888
2023-08-09,4,15206.0,-0.1510276446253899,2.858542505161278,0.0,0.0,0.0,0.0,1.0,,,,,,,,,,,,,,,,,,,,,,,,,3.7875638396113103,0.0,0.3333333333333333,-0.33333300000033333,0.030303027548209616,3.0,0,0.3360126498880067,15229.0,0.0659282700421926,15178.0,-0.1973943939992062,15168.0,0.3572137328835101,15171.0,15195.8,0.04629800208670888
2023-08-10,10,15204.0,-0.0131527028804367,2.7828908255053726,0.0,2.0,-0.99999950000025,0.22222219753086697,1.0,,,,,,,,,,,,,,,,,,,,,,,,,3.5718387219273575,0.2222222222222222,0.2222222222222222,0.0,0.046024957623247015,9.0,0,-0.1510276446253899,15206.0,0.3360126498880067,15229.0,0.0659282700421926,15178.0,0.1779711291279406,15198.0,15197.0,0.008073235685033422
2023-08-11,12,15225.0,0.1381215469613339,2.6991555555889284,0.0,1.5,-0.999999250000625,0.18749997656250295,2.0,,,,,,,,,,,,,,,,,,,,,,,,,2.928767821499222,0.0,0.3,-0.2999997000003,0.05595236988378917,10.0,1,-0.0131527028804367,15204.0,-0.1510276446253899,15206.0,0.3360126498880067,15229.0,-0.1973943939992062,15168.0,15208.4,0.07517642387714145
2023-08-14,3,15323.0,0.6436781609195474,2.904487778429595,0.0,0.0,0.0,0.0,2.0,2.5774913503852885,0.0,0.0,0.0,0.0,1.0,,,,,,,,,,,,,,,,,,,2.3148293781278726,0.0,0.0,0.0,0.0,1.0,1,0.1381215469613339,15225.0,-0.0131527028804367,15204.0,-0.1510276446253899,15206.0,0.0659282700421926,15178.0,15237.4,0.19072640205261243
2023-08-15,6,15346.0,0.1501011551262809,3.2859658010884942,0.0,1.0,-0.499999750000125,0.12499998437500197,2.0,,,,,,,,,,,,,,,,,,,,,,,,,3.395552475449846,0.75,0.5,1.249998124730478e-07,0.17738092288549287,4.0,1,0.6436781609195474,15323.0,0.1381215469613339,15225.0,-0.0131527028804367,15204.0,0.3360126498880067,15229.0,15260.8,0.15354410310026725
2023-08-16,8,15308.0,-0.2476215300403983,2.8802584536329157,0.0,1.5,-0.999999250000625,0.19841267183169925,2.0,2.7695956362225966,0.0,2.0,-0.99999950000025,0.1818181652892577,1.0,,,,,,,3.3658088450475927,0.0,0.0,0.0,0.0,1.0,,,,,,,3.696924154749646,0.0,1.0,-0.499999750000125,0.12499998437500197,4.0,0,0.1501011551262809,15346.0,0.6436781609195474,15323.0,0.1381215469613339,15225.0,-0.1510276446253899,15206.0,15281.2,0.13422532601726558
2023-08-18,16,15308.0,0.0,3.131061410750039,0.0,0.5,-0.49999950000050003,0.05624999359375074,4.0,3.070196167959748,0.0,1.0,-0.9999990000010001,0.09999999000000101,1.0,,,,,,,,,,,,,,,,,,,3.4435034533765734,0.16666666666666666,0.4166666666666667,-0.24999975000025002,0.07586278320199778,12.0,0,-0.2476215300403983,15308.0,0.1501011551262809,15346.0,0.6436781609195474,15323.0,-0.0131527028804367,15204.0,15302.0,0.1368558665933529
2023-08-21,3,15329.0,0.1371831721975525,2.759547113724952,0.5,1.0,-0.16666661111112963,0.16666664814815021,2.0,,,,,,,,,,,,,,,,,,,,,,,,,2.609897857222803,0.0,0.0,0.0,0.0,1.0,1,0.0,15308.0,-0.2476215300403983,15308.0,0.1501011551262809,15346.0,0.1381215469613339,15225.0,15322.8,0.13666819164059665
2023-08-22,3,15326.0,-0.0195707482549378,3.4930785603194288,0.0,2.0,-0.99999950000025,0.19999998000000202,1.0,,,,,,,,,,,,,,,,,,,,,,,,,3.5401883591706462,0.5,0.0,0.49999950000050003,0.099999980000004,2.0,0,0.1371831721975525,15329.0,0.0,15308.0,-0.2476215300403983,15308.0,0.6436781609195474,15323.0,15323.4,0.004018409805699589
2023-08-23,2,15319.0,-0.0456740180086123,3.8843079090535686,0.0,1.0,-0.9999990000010001,0.07142856632653098,1.0,,,,,,,,,,,,,,,,,,,,,,,,,3.771844164811356,0.0,1.0,-0.9999990000010001,0.12499998437500197,1.0,0,-0.0195707482549378,15326.0,0.1371831721975525,15329.0,0.0,15308.0,0.1501011551262809,15346.0,15318.0,-0.03513662482127905
2023-08-24,4,15253.0,-0.4308375220314686,3.2318886515568677,0.0,0.0,0.0,0.0,2.0,,,,,,,,,,,,,,,,,,,,,,,,,2.7829508395596187,0.5,0.5,0.0,0.1607142519132733,2.0,0,-0.0456740180086123,15319.0,-0.0195707482549378,15326.0,0.1371831721975525,15329.0,-0.2476215300403983,15308.0,15307.0,-0.0717798232194931
2023-08-25,7,15297.0,0.2884678423916709,3.3567209598264807,0.0,0.6666666666666666,-0.33333316666675,0.06060605509641923,3.0,,,,,,,,,,,,,,,,,,,,,,,,,3.5788724152461007,0.25,0.25,0.0,0.07272726066115921,4.0,1,-0.4308375220314686,15253.0,-0.0456740180086123,15319.0,-0.0195707482549378,15326.0,0.0,15308.0,15304.8,-0.014086254741158932
2023-08-28,1,15294.0,-0.0196116885663899,,,,,,,,,,,,,,,,,,,,,,,,,,,,,,,3.6045615992765265,0.0,1.0,-0.9999990000010001,0.1428571224489825,1.0,0,0.2884678423916709,15297.0,-0.4308375220314686,15253.0,-0.0456740180086123,15319.0,0.1371831721975525,15329.0,15297.8,-0.04544522689394741
2023-08-29,2,15263.0,-0.2026938668759026,2.932067785463789,0.0,1.5,-0.999999250000625,0.12698411570924772,2.0,2.936281781175955,0.0,2.0,-0.99999950000025,0.14285713265306196,1.0,,,,,,,,,,,,,,,,,,,,,,,,,0,-0.0196116885663899,15294.0,0.2884678423916709,15297.0,-0.4308375220314686,15253.0,-0.0195707482549378,15326.0,15285.2,-0.08206985061814037
2023-08-30,3,15239.0,-0.1572430059621266,3.1577264421198534,0.0,1.0,-0.9999990000010001,0.09090908264462885,1.0,,,,,,,,,,,,,,,,,,,,,,,,,3.344363688521957,0.5,0.5,0.0,0.12499998437500197,2.0,0,-0.2026938668759026,15263.0,-0.0196116885663899,15294.0,0.2884678423916709,15297.0,-0.0456740180086123,15319.0,15269.2,-0.10438364820884323
2023-08-31,4,15237.0,-0.0131242207493942,3.322244853695841,0.0,2.5,-0.9999995833335138,0.22727270661157215,2.0,2.199985806071012,0.0,1.0,-0.9999990000010001,0.1428571224489825,1.0,,,,,,,,,,,,,,,,,,,4.361937788133086,0.0,1.0,-0.9999990000010001,0.1428571224489825,1.0,0,-0.1572430059621266,15239.0,-0.2026938668759026,15263.0,-0.0196116885663899,15294.0,-0.4308375220314686,15253.0,15266.0,-0.020840987952428353
2023-09-01,6,15252.0,0.098444575703871,3.286970733473862,0.0,0.5,-0.49999950000050003,0.045454541322314426,2.0,3.0303817832068782,0.0,0.0,0.0,0.0,1.0,,,,,,,,,,,,,,,,,,,3.134612722514619,0.0,0.6666666666666666,-0.6666660000006667,0.10833331479167001,3.0,1,-0.0131242207493942,15237.0,-0.1572430059621266,15239.0,-0.2026938668759026,15263.0,0.2884678423916709,15297.0,15257.0,-0.05884564128998833
2023-09-04,3,15247.0,-0.0327825858903785,3.57559978425472,0.0,1.0,-0.9999990000010001,0.11111109876543349,1.0,,,,,,,,,,,,,,,,,,,2.950062042851735,0.0,0.0,0.0,0.0,1.0,2.839908473551084,0.0,2.0,-0.99999950000025,0.16666665277777895,1.0,0,0.098444575703871,15252.0,-0.0131242207493942,15237.0,-0.1572430059621266,15239.0,-0.0196116885663899,15294.0,15247.6,-0.06147982075478605
2023-09-05,4,15260.0,0.0852626746245199,2.917901703888502,0.3333333333333333,0.3333333333333333,0.0,0.07870369438014514,3.0,,,,,,,,,,,,,,,,,,,,,,,,,3.984980601415264,0.0,0.0,0.0,0.0,1.0,1,-0.0327825858903785,15247.0,0.098444575703871,15252.0,-0.0131242207493942,15237.0,-0.2026938668759026,15263.0,15247.0,-0.0038885124547015483
2023-09-06,8,15307.0,0.3079947575360453,2.8019580985960393,0.0,1.0,-0.9999990000010001,0.09999999000000101,1.0,2.9030666963257943,0.0,2.0,-0.99999950000025,0.24999996875000394,1.0,,,,,,,,,,,,,2.6409251114916414,0.0,0.0,0.0,0.0,1.0,3.4006033526597235,0.0,0.0,0.0,0.0,5.0,1,0.0852626746245199,15260.0,-0.0327825858903785,15247.0,0.098444575703871,15252.0,-0.1572430059621266,15239.0,15260.6,0.08915904024493285
2023-09-07,6,15334.0,0.1763898869798108,3.230894585470388,0.0,1.0,-0.9999990000010001,0.1079545335098154,2.0,,,,,,,,,,,,,,,,,,,,,,,,,2.971124291338617,0.0,0.25,-0.24999975000025002,0.049999990000002,4.0,1,0.3079947575360453,15307.0,0.0852626746245199,15260.0,-0.0327825858903785,15247.0,-0.0131242207493942,15237.0,15280.0,0.12706186179077383
2023-09-08,3,15341.0,0.0456501891222149,2.7096155262909107,0.0,0.0,0.0,0.0,1.0,,,,,,,,,,,,,,,,,,,,,,,,,3.0137857773871337,0.0,0.0,0.0,0.0,2.0,1,0.1763898869798108,15334.0,0.3079947575360453,15307.0,0.0852626746245199,15260.0,0.098444575703871,15252.0,15297.8,0.11650298447444263
2023-09-11,7,15352.0,0.0717032787953764,2.80927085788842,0.0,0.0,0.0,0.0,3.0,2.7562547926753034,1.0,0.0,0.9999990000010001,0.1428571224489825,1.0,,,,,,,,,,,,,,,,,,,3.334265289668752,0.0,1.0,-0.6666661666670833,0.1388888692129658,3.0,1,0.0456501891222149,15341.0,0.1763898869798108,15334.0,0.3079947575360453,15307.0,-0.0327825858903785,15247.0,15318.8,0.1374001574115936
2023-09-12,6,15344.0,-0.0521104742053135,3.127839237136847,0.3333333333333333,0.3333333333333333,0.0,0.0703703629218115,3.0,,,,,,,,,,,,,,,,,,,,,,,,,4.021624379275806,0.3333333333333333,0.0,0.33333300000033333,0.03703703292181116,3.0,0,0.0717032787953764,15352.0,0.0456501891222149,15341.0,0.1763898869798108,15334.0,0.0852626746245199,15260.0,15335.6,0.10992552764562694
2023-09-13,11,15367.0,0.1498957247132448,2.921046139144984,0.5,0.0,0.49999950000050003,0.05555554938271674,2.0,,,,,,,,,,,,,,,,,,,2.9382512759991495,0.0,1.0,-0.9999990000010001,0.15277775405092966,3.0,3.6902016127907733,0.0,0.0,0.0,0.0,6.0,1,-0.0521104742053135,15344.0,0.0717032787953764,15352.0,0.0456501891222149,15341.0,0.3079947575360453,15307.0,15347.6,0.07830572108106683
2023-09-14,13,15357.0,-0.0650745103143113,2.936465711162106,0.0,0.0,0.0,0.0,2.0,,,,,,,,,,,,,,,,,,,,,,,,,3.197838227691609,0.09090909090909091,0.2727272727272727,-0.18181800000018183,0.058441548063545644,11.0,0,0.1498957247132448,15367.0,-0.0521104742053135,15344.0,0.0717032787953764,15352.0,0.1763898869798108,15334.0,15352.2,0.030012841622242402
2023-09-15,5,15367.0,0.0651168848082361,3.213718909068006,0.0,1.0,-0.9999990000010001,0.08333332638888948,1.0,,,,,,,,,,,,,3.1251872362384527,0.0,2.0,-0.99999950000025,0.22222219753086697,1.0,1.8850172495670754,0.0,1.0,-0.9999990000010001,0.16666663888889352,1.0,3.673190404612977,0.0,0.0,0.0,0.0,2.0,1,-0.0650745103143113,15357.0,0.1498957247132448,15367.0,-0.0521104742053135,15344.0,0.0456501891222149,15341.0,15357.4,0.033906180759446646
2023-09-18,11,15373.0,0.0390447061885845,2.525383081074803,0.25,1.0,-0.7499992500007501,0.14583331626157608,4.0,,,,,,,,,,,,,,,,,,,,,,,,,3.0283434665782742,0.0,0.0,0.0,0.0,7.0,1,0.0651168848082361,15367.0,-0.0650745103143113,15357.0,0.1498957247132448,15367.0,0.0717032787953764,15352.0,15361.6,0.027374466238088264
2023-09-19,5,15381.0,0.0520392896636856,3.4038550144086663,0.0,0.0,0.0,0.0,1.0,,,,,,,,,,,,,,,,,,,,,,,,,3.7351994376906528,0.25,0.0,0.24999975000025002,0.049999990000002,4.0,1,0.0390447061885845,15373.0,0.0651168848082361,15367.0,-0.0650745103143113,15357.0,-0.0521104742053135,15344.0,15369.0,0.048204419011888086
2023-09-20,7,15396.0,0.0975229178856951,3.0961518070826797,0.0,3.0,-0.9999996666667778,0.49999991666668053,1.0,,,,,,,,,,,,,3.8510507314550715,0.0,1.0,-0.9999990000010001,0.11111109876543349,1.0,3.1016385033940788,0.0,1.0,-0.9999990000010001,0.1428571224489825,1.0,2.9912955984049123,0.0,0.25,-0.24999975000025002,0.04166665972222338,4.0,1,0.0520392896636856,15381.0,0.0390447061885845,15373.0,0.0651168848082361,15367.0,0.1498957247132448,15367.0,15374.8,0.037729857646378144
2023-09-21,10,15397.0,0.0064951935567769,2.78207559349776,0.0,0.5,-0.49999950000050003,0.062499992187500984,2.0,,,,,,,,,,,,,,,,,,,,,,,,,3.272976346136061,0.25,0.75,-0.41666627777815746,0.11840276367573473,8.0,1,0.0975229178856951,15396.0,0.0520392896636856,15381.0,0.0390447061885845,15373.0,-0.0650745103143113,15357.0,15382.8,0.05204379842059579
2023-09-22,7,15383.0,-0.0909268039228416,3.8129741114794604,0.0,0.0,0.0,0.0,2.0,,,,,,,3.264132850741715,0.0,1.0,-0.9999990000010001,0.08333332638888948,1.0,,,,,,,,,,,,,3.1100136360237456,0.2,0.2,0.0,0.038888885030864594,5.0,0,0.0064951935567769,15397.0,0.0975229178856951,15396.0,0.0520392896636856,15381.0,0.0651168848082361,15367.0,15386.0,0.020835060674380245
2023-09-25,6,15399.0,0.1040109211467132,3.809271367399407,0.0,2.0,-0.99999950000025,0.16666665277777895,1.0,,,,,,,,,,,,,2.7144425066973947,0.0,0.0,0.0,0.0,1.0,,,,,,,3.1882376399736976,0.0,0.0,0.0,0.0,4.0,1,-0.0909268039228416,15383.0,0.0064951935567769,15397.0,0.0975229178856951,15396.0,0.0390447061885845,15373.0,15391.2,0.03382830366600599
2023-09-26,3,15464.0,0.4221053315150325,3.6188280244748814,0.0,0.5,-0.49999950000050003,0.04166666319444474,2.0,,,,,,,,,,,,,,,,,,,,,,,,,4.126288757415921,1.0,0.0,0.9999990000010001,0.1428571224489825,1.0,1,0.1040109211467132,15399.0,-0.0909268039228416,15383.0,0.0064951935567769,15397.0,0.0520392896636856,15381.0,15407.8,0.10784151203627537
2023-09-27,10,15526.0,0.4009311950336158,2.938605792874283,0.0,0.6666666666666666,-0.6666660000006667,0.08465607373813866,3.0,,,,,,,,,,,,,,,,,,,,,,,,,3.13177130874773,0.0,0.5714285714285714,-0.42857107142889284,0.06938774641399528,7.0,1,0.4221053315150325,15464.0,0.1040109211467132,15399.0,-0.0909268039228416,15383.0,0.0975229178856951,15396.0,15433.8,0.16852316746585952
2023-09-29,12,15487.0,-0.2511915496586359,2.6690473799153502,0.8,0.4,0.3999996000004,0.1466666472592621,5.0,,,,,,,,,,,,,,,,,,,2.871910499915824,0.0,1.5,-0.999999250000625,0.17499997937500247,2.0,3.253389272751785,0.0,0.6,-0.39999970000025,0.08666665355555761,5.0,0,0.4009311950336158,15526.0,0.4221053315150325,15464.0,0.1040109211467132,15399.0,0.0064951935567769,15397.0,15451.8,0.11698581882277695
2023-10-02,4,15519.0,0.206624911215858,3.496451644268749,1.0,2.0,-0.33333322222225925,0.23076921301775286,1.0,,,,,,,,,,,,,,,,,,,,,,,,,3.6520335451852737,0.3333333333333333,0.3333333333333333,0.0,0.09722220775463182,3.0,1,-0.2511915496586359,15487.0,0.4009311950336158,15526.0,0.4221053315150325,15464.0,-0.0909268039228416,15383.0,15479.0,0.17649616185051686
2023-10-03,6,15600.0,0.5219408467040498,3.161015318242219,0.0,1.0,-0.9999990000010001,0.1428571224489825,1.0,,,,,,,,,,,,,2.991524034817892,0.0,0.0,0.0,0.0,3.0,,,,,,,3.8297860378734705,1.0,0.5,0.49999950000050003,0.18749997656250295,2.0,1,0.206624911215858,15519.0,-0.2511915496586359,15487.0,0.4009311950336158,15526.0,0.1040109211467132,15399.0,15519.2,0.2600821469619842
2023-10-04,2,15636.0,0.2307692307692344,,,,,,,,,,,,,,,,,,,,,,,,,,,,,,,2.413585283198187,0.0,0.0,0.0,0.0,2.0,1,0.5219408467040498,15600.0,0.206624911215858,15519.0,-0.2511915496586359,15487.0,0.4221053315150325,15464.0,15553.6,0.22181492681282458
2023-10-05,2,15601.0,-0.2238424149398787,2.954666385719058,0.5,0.5,0.0,0.16666663888889352,2.0,,,,,,,,,,,,,,,,,,,,,,,,,,,,,,,0,0.2307692307692344,15636.0,0.5219408467040498,15600.0,0.206624911215858,15519.0,0.4009311950336158,15526.0,15568.6,0.09686020481812567
2023-10-06,3,15628.0,0.1730658291135167,3.5021560293682343,0.0,0.0,0.0,0.0,1.0,,,,,,,,,,,,,,,,,,,,,,,,,2.9312039218072483,0.0,1.0,-0.9999990000010001,0.154761880668938,2.0,1,-0.2238424149398787,15601.0,0.2307692307692344,15636.0,0.5219408467040498,15600.0,-0.2511915496586359,15487.0,15596.8,0.18171168057255618
2023-10-09,14,15675.0,0.3007422574865526,3.3091955317782737,0.0,0.36363636363636365,-0.27272704545474996,0.05303029421717332,11.0,,,,,,,,,,,,,3.0813256450293287,0.0,0.0,0.0,0.0,1.0,,,,,,,3.3793310707256037,0.0,0.5,-0.49999950000050003,0.062499992187500984,2.0,1,0.1730658291135167,15628.0,-0.2238424149398787,15601.0,0.2307692307692344,15636.0,0.206624911215858,15519.0,15628.0,0.2005351498266951
2023-10-10,15,15708.0,0.2105263157894832,3.449389959036497,0.2857142857142857,0.7142857142857143,-0.2380950873016971,0.14070292725581154,14.0,,,,,,,,,,,,,3.388847252679338,0.0,0.0,0.0,0.0,1.0,,,,,,,3.1905374364966015,0.0,0.0,0.0,0.0,1.0,1,0.3007422574865526,15675.0,0.1730658291135167,15628.0,-0.2238424149398787,15601.0,0.5219408467040498,15600.0,15649.6,0.13825224364378177
2023-10-11,11,15710.0,0.01273236567354,3.362557300178845,0.0,1.0,-0.6249995625003437,0.11647725865305696,8.0,,,,,,,,,,,,,,,,,,,,,,,,,3.786494895002981,0.25,1.0,-0.4999996250003125,0.1493055376639682,4.0,1,0.2105263157894832,15708.0,0.3007422574865526,15675.0,0.1730658291135167,15628.0,0.2307692307692344,15636.0,15664.4,0.09464487062464289
2023-10-12,12,15702.0,-0.0509229789942722,3.412285668013921,0.0,1.1666666666666667,-0.8333326666672499,0.149394566779024,6.0,,,,,,,,,,,,,,,,,,,,,,,,,3.288185663020986,0.0,0.16666666666666666,-0.16666650000016667,0.01851851646090558,6.0,0,0.01273236567354,15710.0,0.2105263157894832,15708.0,0.3007422574865526,15675.0,-0.2238424149398787,15601.0,15684.6,0.12922875781376417
2023-10-13,19,15709.0,0.0445803082409934,3.0917494465478113,0.0,1.25,-0.8749992187507578,0.14077379285820787,8.0,,,,,,,,,,,,,,,,,,,,,,,,,3.250106941435756,0.18181818181818182,0.36363636363636365,-0.18181800000018183,0.07521643814097832,11.0,1,-0.0509229789942722,15702.0,0.01273236567354,15710.0,0.2105263157894832,15708.0,0.1730658291135167,15628.0,15700.8,0.10353165363925954
2023-10-16,13,15716.0,0.044560443058117,3.298970295139382,0.1111111111111111,1.1111111111111112,-0.5555551851854753,0.12580566243451724,9.0,,,,,,,,,,,,,,,,,,,,,,,,,3.204120950572837,0.25,0.0,0.24999975000025002,0.049999990000002,4.0,1,0.0445803082409934,15709.0,-0.0509229789942722,15702.0,0.01273236567354,15710.0,0.3007422574865526,15675.0,15709.0,0.05229529075357241
2023-10-17,7,15718.0,0.0127258844489608,3.1049642983242305,0.0,0.16666666666666666,-0.16666650000016667,0.02777777314814892,6.0,,,,,,,,,,,,,,,,,,,,,,,,,2.8633345778739154,0.0,2.0,-0.99999950000025,0.19999998000000202,1.0,1,0.044560443058117,15716.0,0.0445803082409934,15709.0,-0.0509229789942722,15702.0,0.2105263157894832,15708.0,15711.0,0.012735204485467933
2023-10-18,10,15731.0,0.0827077236289497,3.142868842417618,0.125,0.625,-0.29166646527793866,0.07061965134715896,8.0,,,,,,,,,,,,,,,,,,,,,,,,,3.1159476784596034,0.0,0.5,-0.49999950000050003,0.062499992187500984,2.0,1,0.0127258844489608,15718.0,0.044560443058117,15716.0,0.0445803082409934,15709.0,0.01273236567354,15710.0,15715.2,0.026730276076549875
2023-10-19,4,15838.0,0.6801856207488299,2.750943039593938,0.0,1.5,-0.999999250000625,0.21428568367347373,2.0,,,,,,,,,,,,,,,,,,,,,,,,,3.1096449184419757,0.0,0.0,0.0,0.0,2.0,1,0.0827077236289497,15731.0,0.0127258844489608,15718.0,0.044560443058117,15716.0,-0.0509229789942722,15702.0,15742.4,0.1729519960251703
2023-10-20,10,15856.0,0.1136507134739339,3.435088780817156,0.25,1.0,-0.4999996250003125,0.1582341067009585,4.0,,,,,,,,,,,,,,,,,,,,,,,,,3.5722866660048838,0.16666666666666666,0.5,-0.166666583333375,0.08888887629629817,6.0,1,0.6801856207488299,15838.0,0.0827077236289497,15731.0,0.0127258844489608,15718.0,0.0445803082409934,15709.0,15771.8,0.18676607707175844
2023-10-23,6,15943.0,0.548688193743696,3.0321730295173346,0.0,0.25,-0.24999975000025002,0.031249996093750492,4.0,,,,,,,3.2444311686490255,1.0,1.0,0.0,0.16666665277777895,1.0,,,,,,,,,,,,,3.038472004233263,0.0,2.0,-0.99999950000025,0.22222219753086697,1.0,1,0.1136507134739339,15856.0,0.6801856207488299,15838.0,0.0827077236289497,15731.0,0.044560443058117,15716.0,15817.2,0.2875916272088742
2023-10-24,3,15869.0,-0.4641535470112257,3.012890003258093,0.0,1.0,-0.6666661666670833,0.13227511455446617,3.0,,,,,,,,,,,,,,,,,,,,,,,,,,,,,,,0,0.548688193743696,15943.0,0.1136507134739339,15856.0,0.6801856207488299,15838.0,0.0127258844489608,15718.0,15847.4,0.19221574091683694
2023-10-25,5,15871.0,0.012603188606719,2.914095289389831,0.25,1.0,-0.7499992500007501,0.14166664935185413,4.0,,,,,,,,,,,,,,,,,,,,,,,,,3.4558959575387442,1.0,0.0,0.9999990000010001,0.12499998437500197,1.0,1,-0.4641535470112257,15869.0,0.548688193743696,15943.0,0.1136507134739339,15856.0,0.0827077236289497,15731.0,15875.4,0.1781948339123908
2023-10-26,9,15933.0,0.390649612500793,3.2939760059114414,0.0,1.0,-0.7777771111117223,0.12938032238607744,9.0,3.604407876725734,0.0,1.0,-0.9999990000010001,0.06249999609375024,1.0,,,,,,,,,,,,,3.2546060897883105,0.0,2.0,-0.99999950000025,0.19999998000000202,1.0,,,,,,,1,0.012603188606719,15871.0,-0.4641535470112257,15869.0,0.548688193743696,15943.0,0.6801856207488299,15838.0,15894.4,0.12028763226278341
2023-10-27,6,15941.0,0.0502102554446715,3.254545322794435,0.5,0.0,0.49999950000050003,0.062499992187500984,2.0,,,,,,,,,,,,,,,,,,,2.9709568358182583,0.0,1.0,-0.9999990000010001,0.16666663888889352,1.0,3.6500097761541,0.3333333333333333,0.0,0.33333300000033333,0.030303027548209616,3.0,1,0.390649612500793,15933.0,0.012603188606719,15871.0,-0.4641535470112257,15869.0,0.1136507134739339,15856.0,15911.4,0.10759954065693092
2023-10-30,12,15916.0,-0.1568283043723695,3.1446340569400917,0.0,1.6666666666666667,-0.8333328611114212,0.19623614465085146,6.0,2.5690418991868396,0.0,0.0,0.0,0.0,1.0,,,,,,,,,,,,,,,,,,,3.5938814346922747,0.0,0.0,0.0,0.0,5.0,0,0.0502102554446715,15941.0,0.390649612500793,15933.0,0.012603188606719,15871.0,0.548688193743696,15943.0,15906.0,-0.033503758966282195
2023-10-31,10,15897.0,-0.1193767278210633,3.0834092938546296,0.14285714285714285,0.7142857142857143,-0.42857107142889284,0.09557822018383678,7.0,,,,,,,,,,,,,,,,,,,,,,,,,3.4286843295247813,0.0,0.6666666666666666,-0.6666660000006667,0.10317458711262534,3.0,0,-0.1568283043723695,15916.0,0.0502102554446715,15941.0,0.390649612500793,15933.0,-0.4641535470112257,15869.0,15911.6,0.03545160487175029
2023-11-01,12,15946.0,0.3082342580360997,3.023855247656004,0.0,0.0,0.0,0.0,5.0,,,,,,,,,,,,,2.9504876931053285,0.0,0.0,0.0,0.0,1.0,,,,,,,3.242994490327103,0.0,0.3333333333333333,-0.33333300000033333,0.054166657395835004,6.0,1,-0.1193767278210633,15897.0,-0.1568283043723695,15916.0,0.0502102554446715,15941.0,0.012603188606719,15871.0,15926.6,0.09457781875762643
2023-11-02,8,15861.0,-0.5330490405117239,2.741307659027869,0.0,1.0,-0.6666661666670833,0.10833332145833467,3.0,,,,,,,,,,,,,,,,,,,,,,,,,3.2522138863935814,0.0,0.0,0.0,0.0,5.0,0,0.3082342580360997,15946.0,-0.1193767278210633,15897.0,-0.1568283043723695,15916.0,0.390649612500793,15933.0,15912.2,-0.09016191184487694
2023-11-03,8,15771.0,-0.5674295441649324,3.5436566005560817,0.25,1.0,-0.49999958333372224,0.11950756287252412,8.0,3.4987769604817105,0.0,1.0,-0.9999990000010001,0.09090908264462885,1.0,,,,,,,,,,,,,,,,,,,3.9725088637665635,0.0,2.0,-0.99999950000025,0.24999996875000394,1.0,0,-0.5330490405117239,15861.0,0.3082342580360997,15946.0,-0.1193767278210633,15897.0,0.0502102554446715,15941.0,15878.2,-0.2136898717667977
2023-11-06,3,15550.0,-1.40130619491472,3.052813942566709,0.0,1.6666666666666667,-0.9999993333338333,0.18282826139271777,3.0,,,,,,,,,,,,,,,,,,,,,,,,,,,,,,,0,-0.5674295441649324,15771.0,-0.5330490405117239,15861.0,0.3082342580360997,15946.0,-0.1568283043723695,15916.0,15805.0,-0.46258544987526784
2023-11-07,5,15593.0,0.2765273311897021,3.3615980514018764,0.0,0.0,0.0,0.0,2.0,,,,,,,,,,,,,,,,,,,,,,,,,3.594717266578188,0.6666666666666666,0.6666666666666666,0.0,0.10317459514361364,3.0,1,-1.40130619491472,15550.0,-0.5674295441649324,15771.0,-0.5330490405117239,15861.0,-0.1193767278210633,15897.0,15744.2,-0.38340463807311476
2023-11-08,5,15629.0,0.230872827550832,3.2360161670708134,0.0,0.5,-0.49999950000050003,0.08124998609375249,4.0,,,,,,,,,,,,,,,,,,,,,,,,,3.4212498187490796,0.0,2.0,-0.99999950000025,0.19999998000000202,1.0,1,0.2765273311897021,15593.0,-1.40130619491472,15550.0,-0.5674295441649324,15771.0,0.3082342580360997,15946.0,15680.8,-0.3988769241701683
2023-11-09,5,15649.0,0.1279672403864618,2.80862075139844,0.3333333333333333,0.6666666666666666,-0.33333300000033333,0.14999997250000588,3.0,,,,,,,,,,,,,,,,,,,,,,,,,3.367763120352676,0.0,0.0,0.0,0.0,2.0,1,0.230872827550832,15629.0,0.2765273311897021,15593.0,-1.40130619491472,15550.0,-0.5330490405117239,15861.0,15638.4,-0.26667366799053116
2023-11-10,10,15693.0,0.2811681257588239,3.3758569362639377,0.0,0.0,0.0,0.0,3.0,,,,,,,,,,,,,3.1123899542422007,0.0,0.0,0.0,0.0,1.0,,,,,,,3.002787064530139,0.3333333333333333,0.16666666666666666,0.16666650000016667,0.06527776887731608,6.0,1,0.1279672403864618,15649.0,0.230872827550832,15629.0,0.2765273311897021,15593.0,-0.5674295441649324,15771.0,15622.8,-0.09695413400577993
2023-11-13,9,15713.0,0.1274453578028467,3.4781327009224943,0.0,0.8333333333333334,-0.8333325000008335,0.08472221346064908,6.0,,,,,,,,,,,,,,,,,,,,,,,,,3.3567434121042123,0.0,0.0,0.0,0.0,3.0,1,0.2811681257588239,15693.0,0.1279672403864618,15649.0,0.230872827550832,15629.0,-1.40130619491472,15550.0,15655.4,0.20879617653773344
2023-11-14,4,15699.0,-0.089098198943549,2.841208924135834,0.0,0.0,0.0,0.0,1.0,,,,,,,,,,,,,,,,,,,1.7191156146584698,0.0,0.0,0.0,0.0,1.0,4.015126626676368,0.0,0.0,0.0,0.0,2.0,0,0.1274453578028467,15713.0,0.2811681257588239,15693.0,0.1279672403864618,15649.0,0.2765273311897021,15593.0,15676.6,0.1356710705110832
2023-11-15,17,15503.0,-1.2484871647875706,2.6762051918085845,0.0,0.2,-0.1999998000002,0.016666665277777895,5.0,,,,,,,,,,,,,,,,,,,,,,,,,3.2924930631784726,0.25,0.25,-0.08333320833347918,0.07175924781378808,12.0,0,-0.089098198943549,15699.0,0.1274453578028467,15713.0,0.2811681257588239,15693.0,0.230872827550832,15629.0,15651.4,-0.16020092795659732
2023-11-16,11,15595.0,0.5934335289943915,3.241920153806761,0.0,0.3333333333333333,-0.33333300000033333,0.02380952210884366,3.0,,,,,,,,,,,,,,,,,,,,,,,,,3.43607909003254,0.375,0.625,-0.12499993750003124,0.14632934318999924,8.0,1,-1.2484871647875706,15503.0,-0.089098198943549,15699.0,0.1274453578028467,15713.0,0.1279672403864618,15649.0,15640.6,-0.06710767023501138
2023-11-17,8,15504.0,-0.5835203590894511,2.7242139399513836,0.0,1.0,-0.6666661666670833,0.099999990000001,3.0,2.887135554498474,0.0,1.0,-0.9999990000010001,0.11111109876543349,1.0,,,,,,,3.6064994224739624,0.0,0.0,0.0,0.0,1.0,,,,,,,3.003947901843358,0.0,0.3333333333333333,-0.33333300000033333,0.0476190408163275,3.0,0,0.5934335289943915,15595.0,-1.2484871647875706,15503.0,-0.089098198943549,15699.0,0.2811681257588239,15693.0,15602.8,-0.24004536720466638
2023-11-20,6,15419.0,-0.5482456140350922,3.151927108167549,0.25,0.5,-0.24999975000025002,0.08333332407407512,4.0,,,,,,,,,,,,,,,,,,,,,,,,,3.3814370210989253,0.0,0.3333333333333333,-0.33333300000033333,0.03703703292181116,3.0,0,-0.5835203590894511,15504.0,0.5934335289943915,15595.0,-1.2484871647875706,15503.0,0.1274453578028467,15713.0,15544.0,-0.3751835615722542
2023-11-21,1,15436.0,0.1102535832414597,2.9004682787265237,0.0,0.0,0.0,0.0,1.0,,,,,,,,,,,,,,,,,,,,,,,,,,,,,,,1,-0.5482456140350922,15419.0,-0.5835203590894511,15504.0,0.5934335289943915,15595.0,-0.089098198943549,15699.0,15491.4,-0.3353132051352524
2023-11-22,6,15584.0,0.958797615962692,3.1922545253741186,0.0,1.25,-0.4999997916667569,0.15714283683673738,4.0,,,,,,,,,,,,,,,,,,,,,,,,,3.4974977716306586,0.0,0.5,-0.49999950000050003,0.05555554938271674,2.0,1,0.1102535832414597,15436.0,-0.5482456140350922,15419.0,-0.5835203590894511,15504.0,-1.2484871647875706,15503.0,15507.6,0.10614375101480011
2023-11-23,4,15593.0,0.0577515400410622,4.334065305154207,0.0,0.0,0.0,0.0,1.0,,,,,,,,,,,,,2.7667646111772193,0.0,1.5,-0.999999250000625,0.19642854559949322,2.0,,,,,,,3.1913893471361576,0.0,1.0,-0.9999990000010001,0.09090908264462885,1.0,1,0.958797615962692,15584.0,0.1102535832414597,15436.0,-0.5482456140350922,15419.0,0.5934335289943915,15595.0,15507.2,-0.0009926467758657465
2023-11-24,7,15587.0,-0.0384788045918016,3.1638586743454975,0.0,1.25,-0.749999500000375,0.1197115265967098,4.0,,,,,,,,,,,,,2.526287034901399,0.0,0.0,0.0,0.0,2.0,,,,,,,3.774466243636947,0.0,0.0,0.0,0.0,1.0,0,0.0577515400410622,15593.0,0.958797615962692,15584.0,0.1102535832414597,15436.0,-0.5835203590894511,15504.0,15523.8,0.10801566412366415
2023-11-27,3,15527.0,-0.3849361647526805,,,,,,,,,,,,,,,,,,,2.944828926846047,0.0,0.0,0.0,0.0,1.0,,,,,,,2.7672735396829564,1.0,0.5,0.49999950000050003,0.20833330381944873,2.0,0,-0.0384788045918016,15587.0,0.0577515400410622,15593.0,0.958797615962692,15584.0,-0.5482456140350922,15419.0,15545.4,0.14067755398014647
2023-11-28,4,15450.0,-0.4959103497134021,3.2708056389070124,0.3333333333333333,0.3333333333333333,0.0,0.08465607373813866,3.0,,,,,,,,,,,,,2.8635120113355215,0.0,1.0,-0.9999990000010001,0.09999999000000101,1.0,,,,,,,,,,,,,0,-0.3849361647526805,15527.0,-0.0384788045918016,15587.0,0.0577515400410622,15593.0,0.1102535832414597,15436.0,15548.2,0.019444767389174132
2023-11-29,6,15384.0,-0.4271844660194146,3.2107202609881704,0.0,1.3333333333333333,-0.33333325000002084,0.12121211019283847,3.0,,,,,,,,,,,,,,,,,,,,,,,,,3.1729634575569468,0.6666666666666666,0.6666666666666666,0.0,0.2202380555909942,3.0,0,-0.4959103497134021,15450.0,-0.3849361647526805,15527.0,-0.0384788045918016,15587.0,0.958797615962692,15584.0,15508.2,-0.2577516490072472
2023-11-30,7,15484.0,0.6500260010400494,3.2779485788149745,0.0,0.6666666666666666,-0.33333316666675,0.08333332291666798,3.0,,,,,,,,,,,,,2.9260336365150303,0.0,0.0,0.0,0.0,1.0,,,,,,,3.011020340397984,0.0,0.6666666666666666,-0.6666660000006667,0.1923076070020142,3.0,1,-0.4271844660194146,15384.0,-0.4959103497134021,15450.0,-0.3849361647526805,15527.0,0.0577515400410622,15593.0,15486.4,-0.13929675680744974
2023-12-01,10,15524.0,0.2583311805735011,3.1532301709101134,0.0,0.3333333333333333,-0.33333300000033333,0.030303027548209616,3.0,,,,,,,,,,,,,3.017078934627381,0.5,1.0,-0.49999950000050003,0.19563489464034112,4.0,,,,,,,3.397662790058732,0.3333333333333333,0.3333333333333333,0.0,0.08928570227466148,3.0,1,0.6500260010400494,15484.0,-0.4271844660194146,15384.0,-0.4959103497134021,15450.0,-0.0384788045918016,15587.0,15473.8,-0.07993475977438921
2023-12-04,5,15446.0,-0.5024478227261042,3.3627977711643524,0.5,1.0,-2.499996249460956e-07,0.18831166377129693,2.0,,,,,,,,,,,,,,,,,,,,,,,,,3.6198666950011,0.0,1.6666666666666667,-0.6666663888890092,0.19907405021862426,3.0,0,0.2583311805735011,15524.0,0.6500260010400494,15484.0,-0.4271844660194146,15384.0,-0.3849361647526805,15527.0,15457.6,-0.10343709136907395
2023-12-05,1,15504.0,0.3755017480253864,,,,,,,,,,,,,,,,,,,,,,,,,,,,,,,3.2824236238218996,0.0,1.0,-0.9999990000010001,0.11111109876543349,1.0,1,-0.5024478227261042,15446.0,0.2583311805735011,15524.0,0.6500260010400494,15484.0,-0.4959103497134021,15450.0,15468.4,0.07084532817868375
2023-12-06,6,15504.0,0.0,2.6323003783162604,0.0,1.0,-0.6666661666670833,0.13095236373299549,3.0,,,,,,,,,,,,,,,,,,,3.3781287535296642,0.0,1.0,-0.9999990000010001,0.12499998437500197,1.0,2.612419767743349,0.0,1.0,-0.9999990000010001,0.11249998718750148,2.0,0,0.3755017480253864,15504.0,-0.5024478227261042,15446.0,0.2583311805735011,15524.0,-0.4271844660194146,15384.0,15492.4,0.15628222138256667
2023-12-07,3,15536.0,0.2063983488132192,3.6288419506832352,0.5,0.5,0.0,0.09166665819444525,2.0,,,,,,,,,,,,,,,,,,,,,,,,,2.980650257089879,0.0,1.0,-0.9999990000010001,0.11111109876543349,1.0,1,0.0,15504.0,0.3755017480253864,15504.0,-0.5024478227261042,15446.0,0.6500260010400494,15484.0,15502.8,0.06755669093720063
2023-12-08,2,15500.0,-0.2317198764160699,3.3316217122294387,0.0,1.0,-0.9999990000010001,0.09090908264462885,1.0,,,,,,,,,,,,,,,,,,,,,,,,,3.046486127846275,1.0,2.0,-0.33333322222225925,0.299999970000003,1.0,0,0.2063983488132192,15536.0,0.0,15504.0,0.3755017480253864,15504.0,0.2583311805735011,15524.0,15498.0,-0.030453520460713562
2023-12-11,4,15614.0,0.7354838709677347,,,,,,,,,,,,,,,,,,,,,,,,,,,,,,,3.2331589350719847,0.25,0.25,0.0,0.07142856122449125,4.0,1,-0.2317198764160699,15500.0,0.2063983488132192,15536.0,0.0,15504.0,-0.5024478227261042,15446.0,15531.6,0.21713281827805422
2023-12-12,5,15631.0,0.108876649161016,2.9338947031294946,0.0,0.0,0.0,0.0,1.0,,,,,,,,,,,,,,,,,,,,,,,,,3.3648956256736584,0.25,0.25,0.0,0.08571427061224762,4.0,1,0.7354838709677347,15614.0,-0.2317198764160699,15500.0,0.2063983488132192,15536.0,0.3755017480253864,15504.0,15557.0,0.16380779850518015
2023-12-13,16,15629.0,-0.0127950866867121,2.6300515986597497,0.0,0.5,-0.49999950000050003,0.07777776469136037,4.0,,,,,,,,,,,,,,,,,,,,,,,,,2.962001277437029,0.08333333333333333,0.6666666666666666,-0.4999995416671042,0.13065473534876382,12.0,0,0.108876649161016,15631.0,0.7354838709677347,15614.0,-0.2317198764160699,15500.0,0.0,15504.0,15582.0,0.16124878116783772
2023-12-14,12,15493.0,-0.8701772346279335,3.302747879662043,0.0,1.0,-0.6666661666670833,0.1111110987654335,3.0,,,,,,,,,,,,,,,,,,,,,,,,,3.082633975922294,0.1111111111111111,0.3333333333333333,-0.11111105555558333,0.056613749037542,9.0,0,-0.0127950866867121,15629.0,0.108876649161016,15631.0,0.7354838709677347,15614.0,0.2063983488132192,15536.0,15573.4,-0.05406633552039282
2023-12-15,4,15503.0,0.064545278512873,4.144864966651822,0.0,0.0,0.0,0.0,1.0,,,,,,,,,,,,,,,,,,,2.4193356311235124,1.0,0.0,0.9999990000010001,0.16666663888889352,1.0,3.6483812134727995,0.0,1.0,-0.499999750000125,0.12499998437500197,2.0,1,-0.8701772346279335,15493.0,-0.0127950866867121,15629.0,0.108876649161016,15631.0,-0.2317198764160699,15500.0,15574.0,0.005186695465395757
2023-12-18,10,15516.0,0.0838547377926879,2.9729976378632292,0.0,0.25,-0.24999975000025002,0.04166665972222338,4.0,3.666771354953035,0.0,0.0,0.0,0.0,1.0,,,,,,,,,,,,,,,,,,,3.1496889154035816,0.0,0.5,-0.33333308333354167,0.05714285040816408,6.0,1,0.064545278512873,15503.0,-0.8701772346279335,15493.0,-0.0127950866867121,15629.0,0.7354838709677347,15614.0,15554.4,-0.1251391311696136
2023-12-20,4,15512.0,0.0386946988262693,,,,,,,,,,,,,,,,,,,,,,,,,,,,,,,3.1333515843630875,0.5,0.25,1.249998124730478e-07,0.07777776969135888,4.0,1,0.0838547377926879,15516.0,0.064545278512873,15503.0,-0.8701772346279335,15493.0,0.108876649161016,15631.0,15530.6,-0.13917552123656293
2023-12-21,4,15533.0,0.135379061371843,3.0315245302652376,1.0,0.0,0.9999990000010001,0.09999999000000101,1.0,3.0315245302652376,1.0,0.0,0.9999990000010001,0.09999999000000101,1.0,2.8965481376666533,0.0,0.5,-0.49999950000050003,0.062499992187500984,2.0,,,,,,,,,,,,,3.677650258219536,0.0,1.0,-0.9999990000010001,0.11111109876543349,1.0,1,0.0386946988262693,15512.0,0.0838547377926879,15516.0,0.064545278512873,15503.0,-0.0127950866867121,15629.0,15511.4,-0.10954069162485192
2023-12-22,4,15489.0,-0.2832678812850098,3.2239589026572846,0.0,0.5,-0.49999950000050003,0.04166666319444474,2.0,,,,,,,,,,,,,,,,,,,,,,,,,3.795364834799426,0.0,0.5,-0.49999950000050003,0.08333331944444676,2.0,0,0.135379061371843,15533.0,0.0386946988262693,15512.0,0.0838547377926879,15516.0,-0.8701772346279335,15493.0,15510.6,0.007841179043732827
2023-12-27,9,15414.0,-0.4842146039124584,2.8717660961482556,0.0,0.0,0.0,0.0,1.0,,,,,,,,,,,,,2.773217057110284,0.0,0.0,0.0,0.0,1.0,,,,,,,3.112682868713667,0.42857142857142855,0.0,0.42857100000042864,0.06683672383199893,7.0,0,-0.2832678812850098,15489.0,0.135379061371843,15533.0,0.0386946988262693,15512.0,0.064545278512873,15503.0,15492.8,-0.10191079744133344
2023-12-28,2,15416.0,0.0129752173348984,3.2540791579234822,0.0,2.0,-0.99999950000025,0.19999998000000202,1.0,,,,,,,,,,,,,,,,,,,,,,,,,3.4096045693600843,0.0,0.0,0.0,0.0,1.0,1,-0.4842146039124584,15414.0,-0.2832678812850098,15489.0,0.135379061371843,15533.0,0.0838547377926879,15516.0,15472.8,-0.11608670153289136
2023-12-29,2,15439.0,0.1491956408925743,2.6965191121104155,0.0,1.0,-0.499999750000125,0.09090908264462885,2.0,,,,,,,,,,,,,,,,,,,,,,,,,,,,,,,1,0.0129752173348984,15416.0,-0.4842146039124584,15414.0,-0.2832678812850098,15489.0,0.0386946988262693,15512.0,15458.2,-0.09398651311963035
2024-01-02,1,15473.0,0.2202215169376353,3.221068080893821,0.0,1.0,-0.9999990000010001,0.12499998437500197,1.0,,,,,,,,,,,,,,,,,,,,,,,,,,,,,,,1,0.1491956408925743,15439.0,0.0129752173348984,15416.0,-0.4842146039124584,15414.0,0.135379061371843,15533.0,15446.2,-0.0770180220064719
2024-01-03,1,15495.0,0.1421831577586685,3.2106309981401253,0.0,0.0,0.0,0.0,1.0,,,,,,,,,,,,,,,,,,,,,,,,,,,,,,,1,0.2202215169376353,15473.0,0.1491956408925743,15439.0,0.0129752173348984,15416.0,-0.2832678812850098,15489.0,15447.4,0.008072185802263765
2024-01-04,14,15525.0,0.1936108422071703,3.1582937550992276,0.25,0.375,-0.12499987500012501,0.07857141841836869,8.0,,,,,,,,,,,,,3.5303827028822354,0.0,1.0,-0.9999990000010001,0.09999999000000101,1.0,,,,,,,3.2089780505193244,0.2857142857142857,0.7142857142857143,-0.21428555357157592,0.13543597390550338,7.0,1,0.1421831577586685,15495.0,0.2202215169376353,15473.0,0.1491956408925743,15439.0,-0.4842146039124584,15414.0,15469.6,0.1436372750261895
2024-01-05,4,15518.0,-0.0450885668277001,3.815822265066127,0.0,1.0,-0.9999990000010001,0.09545453632231493,2.0,,,,,,,,,,,,,,,,,,,,,,,,,3.581447069279795,0.3333333333333333,0.3333333333333333,0.0,0.08888887629629817,3.0,0,0.1936108422071703,15525.0,0.1421831577586685,15495.0,0.2202215169376353,15473.0,0.0129752173348984,15416.0,15490.0,0.1320245181936698
2024-01-08,8,15522.0,0.0257765175924795,3.2581272311932348,0.0,0.6666666666666666,-0.33333316666675,0.095238081632655,3.0,,,,,,,,,,,,,,,,,,,,,,,,,3.3815277670726926,0.2,0.4,-0.1999998000002,0.0793650687326797,5.0,1,-0.0450885668277001,15518.0,0.1936108422071703,15525.0,0.1421831577586685,15495.0,0.1491956408925743,15439.0,15506.6,0.10734069353365086
2024-01-09,3,15518.0,-0.0257698750161017,3.7937760033716805,0.0,0.0,0.0,0.0,1.0,,,,,,,,,,,,,,,,,,,,,,,,,3.3968596842658894,0.0,0.5,-0.49999950000050003,0.05555554938271674,2.0,0,0.0257765175924795,15522.0,-0.0450885668277001,15518.0,0.1936108422071703,15525.0,0.2202215169376353,15473.0,15515.6,0.058142415142903435
2024-01-10,4,15568.0,0.3222064699059057,2.9817846106756347,0.0,0.5,-0.49999950000050003,0.049999995000000505,2.0,,,,,,,,,,,,,3.4007290531509433,0.0,0.0,0.0,0.0,1.0,,,,,,,4.107215460520216,0.0,0.0,0.0,0.0,1.0,1,-0.0257698750161017,15518.0,0.0257765175924795,15522.0,-0.0450885668277001,15518.0,0.1421831577586685,15495.0,15530.2,0.09414707757235088
2024-01-11,6,15558.0,-0.0642343268242529,3.0310255086969278,0.0,0.0,0.0,0.0,2.0,,,,,,,,,,,,,,,,,,,,,,,,,3.646648094601391,0.0,0.5,-0.2499998750000625,0.049999995000000505,4.0,0,0.3222064699059057,15568.0,-0.0257698750161017,15518.0,0.0257765175924795,15522.0,0.1936108422071703,15525.0,15536.8,0.04257804376606624
2024-01-12,13,15559.0,0.0064275613832043,3.4343536785131543,0.0,1.75,-0.4999997083335903,0.1362179381060988,4.0,,,,,,,,,,,,,,,,,,,,,,,,,3.236069596281073,0.0,0.4444444444444444,-0.33333305555580556,0.07186947568482378,9.0,1,-0.0642343268242529,15558.0,0.3222064699059057,15568.0,-0.0257698750161017,15518.0,-0.0450885668277001,15518.0,15545.0,0.05288126940824713
2024-01-15,4,15555.0,-0.02570859309724,1.706128615835536,0.0,1.0,-0.9999990000010001,0.24999993750001562,1.0,,,,,,,,,,,,,,,,,,,,,,,,,3.2770010682655717,0.6666666666666666,1.3333333333333333,-0.44444407407441977,0.29924236910297325,3.0,0,0.0064275613832043,15559.0,-0.0642343268242529,15558.0,0.3222064699059057,15568.0,0.0257765175924795,15522.0,15551.6,0.04258424727030322
2024-01-16,7,15592.0,0.2378656380584987,3.39904251276194,0.0,0.4,-0.3999996000004,0.03151514897337028,5.0,,,,,,,,,,,,,,,,,,,,,,,,,3.559434364035278,0.5,1.0,-0.49999950000050003,0.1499999850000015,2.0,1,-0.02570859309724,15555.0,0.0064275613832043,15559.0,-0.0642343268242529,15558.0,-0.0257698750161017,15518.0,15566.4,0.0953113498852233
2024-01-17,10,15639.0,0.3014366341713703,3.2138205646227993,0.0,1.5,-0.999999250000625,0.17142855122449224,2.0,,,,,,,,,,,,,,,,,,,,,,,,,3.015015442419779,0.0,0.625,-0.4999995625004063,0.09494046126098599,8.0,1,0.2378656380584987,15592.0,-0.02570859309724,15555.0,0.0064275613832043,15559.0,0.3222064699059057,15568.0,15580.6,0.09115738273831622
2024-01-18,3,15630.0,-0.0575484366008072,3.2049574888854933,0.0,2.5,-0.9999995833335138,0.261111083765435,2.0,,,,,,,,,,,,,,,,,,,,,,,,,3.26323303384936,0.0,2.0,-0.9999993333338889,0.20555553438271823,2.0,0,0.3014366341713703,15639.0,0.2378656380584987,15592.0,-0.02570859309724,15555.0,-0.0642343268242529,15558.0,15595.0,0.09249456078300536
2024-01-19,5,15628.0,-0.0127959053103032,3.6625055020746293,0.0,1.5,-0.999999250000625,0.12937061814758766,2.0,,,,,,,,,,,,,,,,,,,,,,,,,3.3329780463919554,0.25,1.25,-0.499999750000125,0.22104974664403296,4.0,0,-0.0575484366008072,15630.0,0.3014366341713703,15639.0,0.2378656380584987,15592.0,0.0064275613832043,15559.0,15608.8,0.08864986744430388
2024-01-22,7,15627.0,-0.0063987714358892,3.072945694727089,0.0,0.6666666666666666,-0.6666660000006667,0.07407406584362232,3.0,,,,,,,,,,,,,3.490347790786536,0.0,0.0,0.0,0.0,1.0,,,,,,,3.390349235725091,0.0,0.25,-0.24999975000025002,0.031249996093750492,4.0,0,-0.0127959053103032,15628.0,-0.0575484366008072,15630.0,0.3014366341713703,15639.0,-0.02570859309724,15555.0,15623.2,0.09251183177657404
2024-01-23,7,15656.0,0.1855762462404708,3.3956321932114357,0.0,0.0,0.0,0.0,1.0,,,,,,,3.5644750344616116,0.0,0.0,0.0,0.0,1.0,,,,,,,,,,,,,2.691027667928492,0.0,1.2,-0.7999994000005,0.19325392980521863,5.0,1,-0.0063987714358892,15627.0,-0.0127959053103032,15628.0,-0.0575484366008072,15630.0,0.2378656380584987,15592.0,15636.0,0.08205395341296845
2024-01-24,1,15719.0,0.4024016351558579,2.99333658559754,0.0,1.0,-0.9999990000010001,0.11111109876543349,1.0,,,,,,,,,,,,,,,,,,,,,,,,,,,,,,,1,0.1855762462404708,15656.0,-0.0063987714358892,15627.0,-0.0127959053103032,15628.0,0.3014366341713703,15639.0,15652.0,0.10224695360986598
2024-01-25,5,15767.0,0.3053629365735721,2.66553348476231,0.0,2.0,-0.99999950000025,0.2916666232638955,2.0,,,,,,,,,,,,,3.086424596927478,0.0,1.0,-0.9999990000010001,0.199999960000008,1.0,,,,,,,3.398527865989718,0.0,0.5,-0.49999950000050003,0.05555554938271674,2.0,1,0.4024016351558579,15719.0,0.1855762462404708,15656.0,-0.0063987714358892,15627.0,-0.0575484366008072,15630.0,15679.4,0.17482922824474184
2024-01-26,5,15829.0,0.3932263588507734,3.6143428565105484,0.0,0.0,0.0,0.0,1.0,,,,,,,,,,,,,,,,,,,,,,,,,2.7612509101513476,0.25,0.5,-0.24999975000025002,0.08680554547646724,4.0,1,0.3053629365735721,15767.0,0.4024016351558579,15719.0,0.1855762462404708,15656.0,-0.0127959053103032,15628.0,15719.6,0.2560336810769571
2024-01-29,5,15825.0,-0.0252700739149625,2.9340590170880687,0.0,0.5,-0.49999950000050003,0.062499992187500984,2.0,,,,,,,,,,,,,,,,,,,,,,,,,3.6890686428085466,0.6666666666666666,0.0,0.6666660000006667,0.12222219962963383,3.0,0,0.3932263588507734,15829.0,0.3053629365735721,15767.0,0.4024016351558579,15719.0,-0.0063987714358892,15627.0,15759.2,0.2522594205811425
2024-01-30,5,15796.0,-0.1832543443917811,2.9321125214404415,0.0,1.0,-0.9999990000010001,0.11111109876543349,1.0,,,,,,,2.768894213913597,0.0,0.0,0.0,0.0,1.0,,,,,,,,,,,,,3.4095116608641214,0.0,0.6666666666666666,-0.33333316666675,0.07407406584362232,3.0,0,-0.0252700739149625,15825.0,0.3932263588507734,15829.0,0.3053629365735721,15767.0,0.1855762462404708,15656.0,15787.2,0.17849330245469214
2024-01-31,6,15803.0,0.0443150164598726,3.124241962602511,0.0,2.0,-0.9999993333338889,0.24999996875000394,2.0,,,,,,,,,,,,,,,,,,,,,,,,,3.248784980663585,0.0,0.5,-0.49999950000050003,0.05208332769097286,4.0,1,-0.1832543443917811,15796.0,-0.0252700739149625,15825.0,0.3932263588507734,15829.0,0.4024016351558579,15719.0,15804.0,0.10687597871549506
2024-02-01,11,15775.0,-0.1771815478073812,3.596706793406124,0.0,0.3333333333333333,-0.33333300000033333,0.066666653333336,3.0,,,,,,,,,,,,,,,,,,,,,,,,,3.454605987015852,0.0,0.625,-0.6249993750006251,0.10257934751291568,8.0,0,0.0443150164598726,15803.0,-0.1832543443917811,15796.0,-0.0252700739149625,15825.0,0.3053629365735721,15767.0,15805.6,0.010367081839304394
2024-02-02,5,15688.0,-0.5515055467511853,3.347677046169353,0.0,1.5,-0.4999998333333889,0.1499999850000015,2.0,,,,,,,,,,,,,,,,,,,,,,,,,3.7049977470166824,0.3333333333333333,1.0,-0.33333316666675,0.24444439925926767,3.0,0,-0.1771815478073812,15775.0,0.0443150164598726,15803.0,-0.1832543443917811,15796.0,0.3932263588507734,15829.0,15777.4,-0.17857929928108734
2024-02-05,8,15705.0,0.1083630800611912,3.4817686979718045,0.0,0.75,-0.4999996250003125,0.08571427561224612,4.0,,,,,,,2.69431096870523,0.0,0.0,0.0,0.0,1.0,,,,,,,1.9818190528368476,0.0,0.0,0.0,0.0,1.0,3.0590161911960867,0.0,0.0,0.0,0.0,2.0,1,-0.5515055467511853,15688.0,-0.1771815478073812,15775.0,0.0443150164598726,15803.0,-0.0252700739149625,15825.0,15753.4,-0.1518526684858566
2024-02-06,6,15734.0,0.1846545686087219,3.0671535066875557,0.0,2.0,-0.9999993333338889,0.1778845986963774,2.0,,,,,,,,,,,,,,,,,,,,,,,,,3.5016030830788343,0.0,0.75,-0.7499992500007501,0.09642855872449149,4.0,1,0.1083630800611912,15705.0,-0.5515055467511853,15688.0,-0.1771815478073812,15775.0,-0.1832543443917811,15796.0,15741.0,-0.07827088588575601
2024-02-07,5,15685.0,-0.3114274818863616,3.2207894387146223,0.0,0.0,0.0,0.0,4.0,,,,,,,,,,,,,,,,,,,,,,,,,3.2511067583298674,0.0,2.0,-0.99999950000025,0.285714244897965,1.0,0,0.1846545686087219,15734.0,0.1083630800611912,15705.0,-0.5515055467511853,15688.0,0.0443150164598726,15803.0,15717.4,-0.14941938555500286
2024-02-12,20,15612.0,-0.4654128147911995,2.9875263005626067,0.25,0.9166666666666666,-0.3611108935186674,0.1319733351397811,12.0,2.9207538153733386,2.0,1.0,0.33333322222225925,0.299999970000003,1.0,,,,,,,,,,,,,2.941753910696082,0.0,2.0,-0.99999950000025,0.33333327777778704,1.0,3.485130205191877,0.0,0.5,-0.33333308333354167,0.05370369792181132,6.0,0,-0.3114274818863616,15685.0,0.1846545686087219,15734.0,0.1083630800611912,15705.0,-0.1771815478073812,15775.0,15684.8,-0.2070656389517665
2024-02-13,6,15585.0,-0.1729438893159129,2.5412096610893036,0.0,0.0,0.0,0.0,1.0,,,,,,,,,,,,,,,,,,,,,,,,,3.7589979177054658,0.0,0.6,-0.5999994000006,0.07579364111788359,5.0,0,-0.4654128147911995,15612.0,-0.3114274818863616,15685.0,0.1846545686087219,15734.0,-0.5515055467511853,15688.0,15664.2,-0.13135330746471202
2024-02-15,21,15606.0,0.1347449470644912,3.1393384841952905,0.2,0.8,-0.19999993333335556,0.11746030350214327,5.0,3.4750869700048854,0.0,0.0,0.0,0.0,1.0,,,,,,,,,,,,,,,,,,,3.120606498669217,0.1875,0.375,-0.12499990625007812,0.08903768305110987,16.0,1,-0.1729438893159129,15585.0,-0.4654128147911995,15612.0,-0.3114274818863616,15685.0,0.1083630800611912,15705.0,15644.4,-0.12607693406405202
2024-02-16,3,15654.0,0.3075740099961477,3.1869146721637747,0.0,1.0,-0.9999990000010001,0.07692307100591762,1.0,,,,,,,,,,,,,,,,,,,,,,,,,3.564599092109881,0.0,1.0,-0.9999990000010001,0.13333331444444727,2.0,1,0.1347449470644912,15606.0,-0.1729438893159129,15585.0,-0.4654128147911995,15612.0,0.1846545686087219,15734.0,15628.4,-0.10149304578656686
2024-02-19,10,15630.0,-0.1533154465312325,2.737310535540148,0.4,0.6,-0.1999998000002,0.1215872864857666,5.0,,,,,,,,,,,,,,,,,,,,,,,,,3.3563094820797885,0.2,0.2,0.0,0.0799999840000032,5.0,0,0.3075740099961477,15654.0,0.1347449470644912,15606.0,-0.1729438893159129,15585.0,-0.3114274818863616,15685.0,15617.4,-0.06987063871554104
2024-02-20,3,15659.0,0.1855406269993587,2.8719460443320757,0.0,1.3333333333333333,-0.6666662222225926,0.17989415537079367,3.0,2.6107392591404874,0.0,0.0,0.0,0.0,1.0,,,,,,,,,,,,,,,,,,,,,,,,,1,-0.1533154465312325,15630.0,0.3075740099961477,15654.0,0.1347449470644912,15606.0,-0.4654128147911995,15612.0,15626.8,0.06032004964257061
2024-02-21,9,15658.0,-0.0063861038380519,2.988839890999889,0.0,1.0,-0.6666661666670833,0.1587301334089232,3.0,2.915322273071406,0.0,0.0,0.0,0.0,2.0,,,,,,,2.5980123121964014,0.0,0.0,0.0,0.0,1.0,,,,,,,2.9058158682702686,0.0,0.3333333333333333,-0.33333300000033333,0.05555554629629784,3.0,0,0.1855406269993587,15659.0,-0.1533154465312325,15630.0,0.3075740099961477,15654.0,-0.1729438893159129,15585.0,15641.4,0.09363160673814279
2024-02-22,6,15630.0,-0.1788223272448541,3.157891543968187,0.3333333333333333,1.0,-0.33333316666675,0.17857140454932297,3.0,,,,,,,,,,,,,,,,,,,,,,,,,3.209135944331648,0.0,0.6666666666666666,-0.6666660000006667,0.0703703629218115,3.0,0,-0.0063861038380519,15658.0,0.1855406269993587,15659.0,-0.1533154465312325,15630.0,0.1347449470644912,15606.0,15646.2,0.030918151876273742
2024-02-23,6,15589.0,-0.2623160588611672,2.8386425798707773,0.6666666666666666,0.3333333333333333,0.33333300000033333,0.14444442259259602,3.0,,,,,,,,,,,,,,,,,,,,,,,,,3.2063833303901284,0.0,0.3333333333333333,-0.33333300000033333,0.04166666145833399,3.0,0,-0.1788223272448541,15630.0,-0.0063861038380519,15658.0,0.1855406269993587,15659.0,0.3075740099961477,15654.0,15633.2,-0.08305986189518924
2024-02-26,8,15635.0,0.2950798640066754,3.2544834067051216,0.0,0.0,0.0,0.0,3.0,3.6234571031897733,0.0,0.0,0.0,0.0,1.0,,,,,,,,,,,,,,,,,,,3.446398832139489,0.4,0.6,-9.999984997843825e-08,0.12532465925851954,5.0,1,-0.2623160588611672,15589.0,-0.1788223272448541,15630.0,-0.0063861038380519,15658.0,-0.1533154465312325,15630.0,15634.2,0.00661920021239234
2024-02-27,4,15655.0,0.1279181323952771,3.411430600899471,0.0,1.75,-0.7499995625003282,0.2054923981828261,4.0,3.6991990178483025,0.0,1.0,-0.9999990000010001,0.12499998437500197,1.0,,,,,,,,,,,,,,,,,,,,,,,,,1,0.2950798640066754,15635.0,-0.2623160588611672,15589.0,-0.1788223272448541,15630.0,0.1855406269993587,15659.0,15633.4,-0.004905298708423983
2024-02-28,5,15673.0,0.1149792398594806,3.214251302808159,0.0,1.5,-0.4999998333333889,0.18749997656250295,2.0,,,,,,,,,,,,,3.7619758603774422,0.0,3.0,-0.9999996666667778,0.2727272479338866,1.0,,,,,,,3.7054612568686105,0.0,0.0,0.0,0.0,2.0,1,0.1279181323952771,15655.0,0.2950798640066754,15635.0,-0.2623160588611672,15589.0,-0.0063861038380519,15658.0,15636.4,0.019367770031082514
2024-02-29,11,15715.0,0.2679767753461348,2.8917888235432008,0.25,0.75,-0.2499998750000625,0.09999998962963075,4.0,,,,,,,,,,,,,3.363115864872358,0.0,1.0,-0.9999990000010001,0.09090908264462885,1.0,2.9606611891327326,0.0,2.0,-0.99999950000025,0.1818181652892577,1.0,3.643023307565509,0.0,0.0,0.0,0.0,5.0,1,0.1149792398594806,15673.0,0.1279181323952771,15655.0,0.2950798640066754,15635.0,-0.1788223272448541,15630.0,15653.4,0.1087275905492803
2024-03-01,10,15696.0,-0.1209035952911219,2.8475515241776903,0.0,1.0,-0.6666661666670833,0.12499998437500197,3.0,3.282087788213666,0.0,1.0,-0.9999990000010001,0.09999999000000101,1.0,,,,,,,3.5870020681623855,0.0,1.0,-0.9999990000010001,0.12499998437500197,1.0,,,,,,,3.605955393742974,0.0,0.3333333333333333,-0.33333300000033333,0.04861110387731591,6.0,0,0.2679767753461348,15715.0,0.1149792398594806,15673.0,0.1279181323952771,15655.0,-0.2623160588611672,15589.0,15674.8,0.13701008326328937
2024-03-04,6,15723.0,0.1720183486238591,,,,,,,,,,,,,,,,,,,3.307532279415313,0.0,0.6666666666666666,-0.6666660000006667,0.07499999145833432,3.0,,,,,,,3.7464814588271342,0.0,0.3333333333333333,-0.33333300000033333,0.033333330000000334,3.0,1,-0.1209035952911219,15696.0,0.2679767753461348,15715.0,0.1149792398594806,15673.0,0.2950798640066754,15635.0,15692.4,0.11239778018672611
2024-03-05,5,15756.0,0.209883609998096,3.2257566437424248,0.3333333333333333,0.6666666666666666,-0.33333300000033333,0.14999997625000397,3.0,,,,,,,,,,,,,,,,,,,,,,,,,2.9045070977717504,0.5,0.5,0.0,0.11111109876543349,2.0,1,0.1720183486238591,15723.0,-0.1209035952911219,15696.0,0.2679767753461348,15715.0,0.1279181323952771,15655.0,15712.6,0.12879087570728986
2024-03-06,3,15723.0,-0.2094440213252113,3.8884047146982463,0.0,2.0,-0.99999950000025,0.16666665277777895,1.0,,,,,,,3.215699476272433,0.0,1.0,-0.9999990000010001,0.07692307100591762,1.0,3.868253130696452,0.0,1.0,-0.9999990000010001,0.11111109876543349,1.0,,,,,,,,,,,,,0,0.209883609998096,15756.0,0.1720183486238591,15723.0,-0.1209035952911219,15696.0,0.1149792398594806,15673.0,15722.6,0.06390622347035149
2024-03-07,3,15658.0,-0.413407110602304,3.405286078712238,0.0,1.0,-0.9999990000010001,0.09999999000000101,1.0,,,,,,,,,,,,,,,,,,,,,,,,,3.5156291777742874,0.5,1.0,-0.49999950000050003,0.21428568367347373,2.0,0,-0.2094440213252113,15723.0,0.209883609998096,15756.0,0.1720183486238591,15723.0,0.2679767753461348,15715.0,15711.2,-0.07237055371933628
2024-03-08,8,15603.0,-0.351258142802402,2.773274422838215,0.3333333333333333,1.0,-0.33333316666675,0.18560602905475843,3.0,,,,,,,,,,,,,,,,,,,2.7763507248557673,1.0,0.0,0.9999990000010001,0.12499998437500197,1.0,3.5625780068258353,0.0,0.8,-0.7999992000008,0.1190476012471682,5.0,0,-0.413407110602304,15658.0,-0.2094440213252113,15723.0,0.209883609998096,15756.0,-0.1209035952911219,15696.0,15692.6,-0.1184414632215923
2024-03-13,36,15576.0,-0.1730436454527972,3.2200037284168843,0.14285714285714285,0.7142857142857143,-0.28571414285721425,0.08809522878968355,7.0,,,,,,,2.728648848872133,0.3333333333333333,0.0,0.33333300000033333,0.04166666145833399,3.0,3.329083472095105,0.0,0.0,0.0,0.0,1.0,,,,,,,3.2731648933843873,0.1111111111111111,0.37037037037037035,-0.19753069341579665,0.06715341213859748,27.0,0,-0.351258142802402,15603.0,-0.413407110602304,15658.0,-0.2094440213252113,15723.0,0.1720183486238591,15723.0,15663.2,-0.18745386203692355
2024-03-14,8,15582.0,0.0385208012326554,3.0559946734207624,0.0,1.0,-0.9999990000010001,0.09999999000000101,1.0,,,,,,,2.491891657301927,0.0,0.0,0.0,0.0,1.0,,,,,,,2.9626478649918426,0.0,2.0,-0.99999950000025,0.24999996875000394,2.0,3.9543395382249353,0.25,0.0,0.24999975000025002,0.031249996093750492,4.0,1,-0.1730436454527972,15576.0,-0.351258142802402,15603.0,-0.413407110602304,15658.0,0.209883609998096,15756.0,15628.4,-0.22172642379001167
2024-03-15,13,15624.0,0.2695417789757348,4.009119595933405,0.0,2.0,-0.99999950000025,0.11764705190311459,1.0,,,,,,,,,,,,,2.873483748530118,0.0,0.5,-0.49999950000050003,0.062499992187500984,2.0,,,,,,,3.474208707576713,0.09090909090909091,0.45454545454545453,-0.27272704545474996,0.0629870055635445,11.0,1,0.0385208012326554,15582.0,-0.1730436454527972,15576.0,-0.351258142802402,15603.0,-0.2094440213252113,15723.0,15608.6,-0.12592926372982244
2024-03-18,6,15672.0,0.3072196620583778,2.916565504997273,0.0,0.0,0.0,0.0,2.0,,,,,,,,,,,,,,,,,,,,,,,,,3.417035695517934,0.0,0.25,-0.24999975000025002,0.019230767751479406,4.0,1,0.2695417789757348,15624.0,0.0385208012326554,15582.0,-0.1730436454527972,15576.0,-0.413407110602304,15658.0,15611.4,0.018196090802313915
2024-03-19,7,15712.0,0.2552322613578406,3.131305341274833,0.3333333333333333,0.6666666666666666,-1.6666641663073042e-07,0.0949073978748724,3.0,,,,,,,,,,,,,,,,,,,,,,,,,3.4271059539137414,0.5,1.0,-0.2499998750000625,0.1683711921382888,4.0,1,0.3072196620583778,15672.0,0.2695417789757348,15624.0,0.0385208012326554,15582.0,-0.351258142802402,15603.0,15633.2,0.13949417163436242
2024-03-20,9,15727.0,0.0954684317718834,3.9936342564632916,0.0,0.0,0.0,0.0,1.0,,,,,,,,,,,,,,,,,,,,,,,,,3.4062251873898903,0.0,0.125,-0.12499987500012501,0.011363635330578607,8.0,1,0.2552322613578406,15712.0,0.3072196620583778,15672.0,0.2695417789757348,15624.0,-0.1730436454527972,15576.0,15663.4,0.19319658707929857
2024-03-21,7,15662.0,-0.41330196477396,4.151706142260436,0.0,1.5,-0.999999250000625,0.10476189743764225,2.0,,,,,,,,,,,,,,,,,,,,,,,,,3.5183925087421564,0.0,0.6,-0.5999994000006,0.0793650687326797,5.0,0,0.0954684317718834,15727.0,0.2552322613578406,15712.0,0.3072196620583778,15672.0,0.0385208012326554,15582.0,15679.4,0.10283203387797549
2024-03-22,7,15773.0,0.7087217469033291,,,,,,,,,,,,,,,,,,,3.6852252683824194,0.0,0.0,0.0,0.0,1.0,,,,,,,3.368861552620951,0.16666666666666666,0.3333333333333333,-0.16666650000016667,0.05574979875657333,6.0,1,-0.41330196477396,15662.0,0.0954684317718834,15727.0,0.2552322613578406,15712.0,0.2695417789757348,15624.0,15709.2,0.19066802746349434
2024-03-25,4,15795.0,0.1394788562733895,4.346541479297304,0.0,0.0,0.0,0.0,1.0,,,,,,,,,,,,,,,,,,,,,,,,,3.459160726299547,0.0,0.6666666666666666,-0.6666660000006667,0.08928570227466148,3.0,1,0.7087217469033291,15773.0,-0.41330196477396,15662.0,0.0954684317718834,15727.0,0.3072196620583778,15672.0,15733.8,0.15711986630649669
2024-03-26,9,15797.0,0.0126622348844529,3.4115484635730335,0.3333333333333333,1.0,-0.33333316666675,0.11212860236793325,3.0,2.381504542715864,0.0,2.0,-0.99999950000025,0.22222219753086697,1.0,,,,,,,3.7490709373090594,0.0,1.0,-0.9999990000010001,0.08333332638888948,1.0,,,,,,,3.1800516984799194,0.0,0.75,-0.4999996250003125,0.08749998968750124,4.0,1,0.1394788562733895,15795.0,0.7087217469033291,15773.0,-0.41330196477396,15662.0,0.2552322613578406,15712.0,15750.8,0.10860586101181913
2024-03-27,1,15853.0,0.3544976894346963,,,,,,,,,,,,,,,,,,,,,,,,,,,,,,,3.9530954506333127,0.0,1.0,-0.9999990000010001,0.11111109876543349,1.0,1,0.0126622348844529,15797.0,0.1394788562733895,15795.0,0.7087217469033291,15773.0,0.0954684317718834,15727.0,15776.0,0.16041171254438172
2024-03-28,5,15873.0,0.126159086608224,3.60583158703467,0.0,1.0,-0.499999750000125,0.1428571224489825,2.0,,,,,,,,,,,,,,,,,,,,,,,,,3.279632875783076,0.0,0.3333333333333333,-0.33333300000033333,0.11111107407408642,3.0,1,0.3544976894346963,15853.0,0.0126622348844529,15797.0,0.1394788562733895,15795.0,-0.41330196477396,15662.0,15818.2,0.2683039228208185
2024-04-01,8,15909.0,0.2268002268002167,4.043740764190361,0.0,0.5,-0.49999950000050003,0.03124999804687512,2.0,,,,,,,,,,,,,,,,,,,,,,,,,3.5362797774971937,0.0,0.6666666666666666,-0.4999995833337083,0.057407402201646585,6.0,1,0.126159086608224,15873.0,0.3544976894346963,15853.0,0.0126622348844529,15797.0,0.7087217469033291,15773.0,15845.4,0.17191961880019602
2024-04-02,3,15934.0,0.1571437551071808,3.2091163323178162,0.0,0.3333333333333333,-0.33333300000033333,0.033333330000000334,3.0,,,,,,,,,,,,,,,,,,,,,,,,,,,,,,,1,0.2268002268002167,15909.0,0.126159086608224,15873.0,0.3544976894346963,15853.0,0.1394788562733895,15795.0,15873.2,0.17545259856695428
2024-04-03,5,15923.0,-0.069034768419729,,,,,,,,,,,,,,,,,,,,,,,,,,,,,,,3.3686159505655895,0.2,0.6,-0.3999996000004,0.10865799328629748,5.0,0,0.1571437551071808,15934.0,0.2268002268002167,15909.0,0.126159086608224,15873.0,0.0126622348844529,15797.0,15898.4,0.15911319790611791
2024-04-04,9,15907.0,-0.1004835772153489,3.76769421382022,0.0,0.5,-0.49999950000050003,0.03846153550295881,2.0,,,,,,,,,,,,,2.911796119471437,0.0,0.0,0.0,0.0,1.0,,,,,,,3.3084619415643757,0.16666666666666666,0.8333333333333334,-0.33333316666675,0.15370367903292592,6.0,0,-0.069034768419729,15923.0,0.1571437551071808,15934.0,0.2268002268002167,15909.0,0.3544976894346963,15853.0,15909.2,0.06811694457610887
2024-04-05,5,15873.0,-0.2137423775696256,3.3411032904387947,0.6666666666666666,0.3333333333333333,1.6666641663073042e-07,0.09444443546296383,3.0,,,,,,,,,,,,,,,,,,,,,,,,,3.0526208292199657,0.0,1.0,-0.499999750000125,0.12499998437500197,2.0,0,-0.1004835772153489,15907.0,-0.069034768419729,15923.0,0.1571437551071808,15934.0,0.126159086608224,15873.0,15909.2,0.00013665174053894001
2024-04-16,80,16176.0,1.9089019089019168,3.384695762525098,0.05,0.85,-0.46666634444470184,0.09223483853269296,20.0,3.293557427838444,0.0,0.6666666666666666,-0.6666660000006667,0.0719696890065436,3.0,3.1300856536222383,0.0,0.5,-0.49999950000050003,0.062499992187500984,2.0,3.006470088422477,0.0,0.0,0.0,0.0,1.0,2.927640425194369,0.0,1.0,-0.9999990000010001,0.11111109876543349,1.0,3.3585395580521604,0.14285714285714285,0.5535714285714286,-0.2857140505954519,0.08446775361203336,56.0,1,-0.2137423775696256,15873.0,-0.1004835772153489,15907.0,-0.069034768419729,15923.0,0.2268002268002167,15909.0,15962.6,0.336556988160879
2024-04-17,10,16240.0,0.3956478733926794,2.7468384267471673,0.0,0.3333333333333333,-0.33333300000033333,0.033333330000000334,3.0,3.4544064268487564,0.0,0.0,0.0,0.0,3.0,,,,,,,,,,,,,,,,,,,3.505342227984247,0.5,1.0,-0.2499998750000625,0.18948410279470898,4.0,1,1.9089019089019168,16176.0,-0.2137423775696256,15873.0,-0.1004835772153489,15907.0,0.1571437551071808,15934.0,16023.8,0.3842578118179787
2024-04-18,7,16177.0,-0.387931034482758,3.7419520028406077,0.0,0.0,0.0,0.0,3.0,,,,,,,2.8999128252981663,0.0,0.0,0.0,0.0,1.0,,,,,,,,,,,,,3.967363154498037,0.0,1.6666666666666667,-0.999999222222926,0.18095236081632882,3.0,0,0.3956478733926794,16240.0,1.9089019089019168,16176.0,-0.2137423775696256,15873.0,-0.069034768419729,15923.0,16074.6,0.3204785586053729
2024-04-19,7,16280.0,0.6367064350621288,3.4569154928613606,0.0,1.2,-0.5999996333336055,0.11676766533986442,5.0,3.222072208068909,0.0,0.0,0.0,0.0,1.0,,,,,,,,,,,,,,,,,,,3.13539449286845,0.0,0.5,-0.49999950000050003,0.07142856122449125,2.0,1,-0.387931034482758,16177.0,0.3956478733926794,16240.0,1.9089019089019168,16176.0,-0.1004835772153489,15907.0,16149.2,0.4679165610608685
2024-04-22,10,16224.0,-0.3439803439803435,2.9607973025288223,0.0,1.0,-0.79999930000065,0.14714283247959653,5.0,,,,,,,2.790577835920313,1.0,0.0,0.9999990000010001,0.07692307100591762,1.0,,,,,,,,,,,,,2.86730578094257,0.4,0.2,0.1999998000002,0.06538460795118431,5.0,0,0.6367064350621288,16280.0,-0.387931034482758,16177.0,0.3956478733926794,16240.0,-0.2137423775696256,15873.0,16219.4,0.4418689677787249
2024-04-23,6,16244.0,0.123274161735698,3.1390034164245937,0.0,1.6,-0.7999995333336555,0.1979364829724774,5.0,,,,,,,,,,,,,,,,,,,,,,,,,3.498910075277733,0.0,0.0,0.0,0.0,1.0,1,-0.3439803439803435,16224.0,0.6367064350621288,16280.0,-0.387931034482758,16177.0,1.9089019089019168,16176.0,16233.0,0.0847434183454811
2024-04-24,5,16161.0,-0.5109578921447921,4.355955436441028,0.0,2.0,-0.99999950000025,0.15384614201183525,1.0,,,,,,,,,,,,,3.51764948684055,0.0,2.0,-0.99999950000025,0.15384614201183525,1.0,,,,,,,3.533407611189397,0.25,1.0,-0.4999996250003125,0.11324785263715496,4.0,0,0.123274161735698,16244.0,-0.3439803439803435,16224.0,0.6367064350621288,16280.0,0.3956478733926794,16240.0,16217.2,-0.0965777347620132
2024-04-25,4,16208.0,0.2908235876492693,3.591051188607813,0.0,1.0,-0.9999990000010001,0.09999999000000101,1.0,3.591051188607813,0.0,1.0,-0.9999990000010001,0.09999999000000101,1.0,3.092905520462998,0.0,0.0,0.0,0.0,1.0,3.4066072933581135,0.0,2.0,-0.99999950000025,0.19999998000000202,1.0,,,,,,,2.881401221284709,0.0,1.0,-0.9999990000010001,0.16666663888889352,1.0,1,-0.5109578921447921,16161.0,0.123274161735698,16244.0,-0.3439803439803435,16224.0,-0.387931034482758,16177.0,16223.4,0.03917318966439226
2024-04-26,8,16222.0,0.0863770977295175,3.0861340826274515,0.0,2.0,-0.99999950000025,0.22222219753086697,1.0,,,,,,,,,,,,,3.855514940708705,0.0,3.0,-0.9999996666667778,0.33333329629630043,1.0,,,,,,,3.5660383141473253,0.14285714285714285,1.2857142857142858,-0.571428190476508,0.17063489985670452,7.0,1,0.2908235876492693,16208.0,-0.5109578921447921,16161.0,0.123274161735698,16244.0,0.6367064350621288,16280.0,16211.8,-0.07089267780212999
2024-04-29,10,16249.0,0.1664406361731041,2.8768287186027255,0.0,1.0,-0.49999966666694445,0.09340658386668384,4.0,3.473786438585009,0.0,3.0,-0.9999996666667778,0.23076921301775286,1.0,,,,,,,3.6447252009122013,0.5,0.0,0.49999950000050003,0.049999995000000505,2.0,3.07803074300224,0.0,0.0,0.0,0.0,1.0,3.4200830379280642,0.0,0.0,0.0,0.0,4.0,1,0.0863770977295175,16222.0,0.2908235876492693,16208.0,-0.5109578921447921,16161.0,-0.3439803439803435,16224.0,16216.8,0.031191518228559523
2024-04-30,5,16276.0,0.1661640716351886,3.0336506543457102,0.0,0.0,0.0,0.0,1.0,,,,,,,3.4690929793419003,0.0,0.0,0.0,0.0,1.0,3.516748341030914,0.0,2.0,-0.99999950000025,0.285714244897965,1.0,,,,,,,3.1519502961401535,0.5,1.0,-0.16666661111112963,0.1499999850000015,2.0,1,0.1664406361731041,16249.0,0.0863770977295175,16222.0,0.2908235876492693,16208.0,0.123274161735698,16244.0,16223.2,0.03976950020845764
2024-05-02,18,16202.0,-0.4546571639223451,3.143752393853772,0.5,2.0,-0.6666663611112547,0.24090906764463035,2.0,,,,,,,,,,,,,3.0517853088855773,0.0,0.6666666666666666,-0.6666660000006667,0.0703703629218115,3.0,,,,,,,3.361485961202279,0.13333333333333333,0.6,-0.3999996333336834,0.0870658864373118,15.0,0,0.1661640716351886,16276.0,0.1664406361731041,16249.0,0.0863770977295175,16222.0,-0.5109578921447921,16161.0,16231.4,0.051029645852947045
2024-05-03,9,16094.0,-0.6665843722997167,3.0356670911244708,0.0,1.0,-0.9999990000010001,0.1428571224489825,1.0,,,,,,,,,,,,,2.8780807056876028,0.6666666666666666,0.6666666666666666,0.0,0.140740725843623,3.0,,,,,,,3.3207507842724153,0.0,0.8,-0.3999998000001,0.11111109506173081,5.0,0,-0.4546571639223451,16202.0,0.1661640716351886,16276.0,0.1664406361731041,16249.0,0.2908235876492693,16208.0,16208.6,-0.14045194613685014
2024-05-06,6,16025.0,-0.4287312041754698,3.0932330480309695,0.0,0.0,0.0,0.0,2.0,,,,,,,,,,,,,3.4573172149353137,1.5,0.0,0.999999250000625,0.16666664814815024,2.0,,,,,,,2.7991960637594673,0.5,0.0,0.49999950000050003,0.099999980000004,2.0,0,-0.6665843722997167,16094.0,-0.4546571639223451,16202.0,0.1661640716351886,16276.0,0.0863770977295175,16222.0,16169.2,-0.2434736065178476
2024-05-07,6,16054.0,0.1809672386895444,3.346346507583365,0.0,1.0,-0.499999750000125,0.09090908264462885,2.0,,,,,,,,,,,,,3.492348840498283,0.0,1.5,-0.4999998333333889,0.1499999850000015,2.0,,,,,,,3.4863100095061417,0.0,0.5,-0.49999950000050003,0.062499992187500984,2.0,1,-0.4287312041754698,16025.0,-0.6665843722997167,16094.0,-0.4546571639223451,16202.0,0.1664406361731041,16249.0,16130.2,-0.24056828601455954
2024-05-08,4,16081.0,0.1681823844524643,2.8289734677828378,0.0,2.5,-0.9999995833335138,0.32539678243890724,2.0,,,,,,,,,,,,,3.3877954175660228,0.0,2.0,-0.99999950000025,0.19999998000000202,1.0,,,,,,,2.67682618511835,0.0,0.0,0.0,0.0,1.0,1,0.1809672386895444,16054.0,-0.4287312041754698,16025.0,-0.6665843722997167,16094.0,0.1661640716351886,16276.0,16091.2,-0.24016462345110443
2024-05-13,19,16085.0,0.0248740749953402,3.292991646468404,0.0,0.8,-0.59999950000045,0.08358584968593863,5.0,,,,,,,3.0438384865801456,0.0,0.0,0.0,0.0,1.0,2.4191757509673844,0.0,2.0,-0.99999950000025,0.22222219753086697,1.0,,,,,,,3.2848072741861105,0.0,0.3333333333333333,-0.24999979166685415,0.04940475426658287,12.0,1,0.1681823844524643,16081.0,0.1809672386895444,16054.0,-0.4287312041754698,16025.0,-0.4546571639223451,16202.0,16067.8,-0.14425837566756733
2024-05-14,10,16131.0,0.2859807273857706,3.169927503194265,0.0,0.3333333333333333,-0.33333300000033333,0.033333330000000334,3.0,,,,,,,,,,,,,,,,,,,,,,,,,3.7841626323933495,0.14285714285714285,0.0,0.14285700000014287,0.01587301410934764,7.0,1,0.0248740749953402,16085.0,0.1681823844524643,16081.0,0.1809672386895444,16054.0,-0.6665843722997167,16094.0,16075.2,0.04625464426953012
2024-05-15,15,16070.0,-0.3781538652284366,2.9183782774285363,0.0,1.5,-0.999999250000625,0.21428568367347373,2.0,,,,,,,3.261903733093653,0.0,0.0,0.0,0.0,2.0,,,,,,,,,,,,,3.356584963752628,0.18181818181818182,0.09090909090909091,0.09090900000009092,0.03838383250280682,11.0,0,0.2859807273857706,16131.0,0.0248740749953402,16085.0,0.1681823844524643,16081.0,-0.4287312041754698,16025.0,16084.2,0.05637011205893675
2024-05-16,14,15944.0,-0.7840696950840109,2.546054847027614,0.5,1.0,-0.49999950000050003,0.15277776195987822,2.0,,,,,,,3.1751419664176246,0.0,0.6666666666666666,-0.6666660000006667,0.06734006047002078,3.0,2.744372816682812,0.0,0.0,0.0,0.0,1.0,,,,,,,3.5685312865124557,0.0,0.625,-0.6249993750006251,0.09806545915161183,8.0,0,-0.3781538652284366,16070.0,0.2859807273857706,16131.0,0.0248740749953402,16085.0,0.1809672386895444,16054.0,16062.2,-0.1366372746957743
2024-05-17,7,15978.0,0.2132463622679381,2.7253725501232218,0.0,0.5,-0.49999950000050003,0.03333333111111126,2.0,,,,,,,,,,,,,3.309618342473801,0.0,1.0,-0.9999990000010001,0.12499998437500197,1.0,,,,,,,3.2655130819618265,0.0,0.6,-0.5999994000006,0.09038459857618704,5.0,1,-0.7840696950840109,15944.0,-0.3781538652284366,16070.0,0.2859807273857706,16131.0,0.1681823844524643,16081.0,16041.6,-0.12762447913267955
2024-05-20,4,15980.0,0.0125172111653526,2.9523772128189663,0.0,1.0,-0.499999750000125,0.1428571224489825,2.0,,,,,,,,,,,,,,,,,,,,,,,,,2.4382455079226926,0.5,0.0,0.49999950000050003,0.099999980000004,2.0,1,0.2132463622679381,15978.0,-0.7840696950840109,15944.0,-0.3781538652284366,16070.0,0.0248740749953402,16085.0,16020.6,-0.13009585189867706
2024-05-21,4,16024.0,0.2753441802252787,2.49637063164373,0.0,0.0,0.0,0.0,1.0,,,,,,,3.1345286726359114,1.0,0.0,0.9999990000010001,0.11111109876543349,1.0,3.574001904926612,0.0,0.0,0.0,0.0,2.0,,,,,,,,,,,,,1,0.0125172111653526,15980.0,0.2132463622679381,15978.0,-0.7840696950840109,15944.0,0.2859807273857706,16131.0,15999.2,-0.13222316133077544
2024-05-22,9,15995.0,-0.1809785322016921,3.5534113869090644,0.0,1.0,-0.9999990000010001,0.09999999000000101,1.0,,,,,,,,,,,,,2.8687859324808707,0.0,0.0,0.0,0.0,1.0,,,,,,,3.735453070054845,0.0,0.7142857142857143,-0.5714280714290357,0.09297050926825921,7.0,0,0.2753441802252787,16024.0,0.0125172111653526,15980.0,0.2132463622679381,15978.0,-0.3781538652284366,16070.0,15984.2,-0.09278809472542653
2024-05-27,18,16064.0,0.4313848077524218,2.885611144299395,0.0,0.8,-0.59999950000045,0.0795454464617777,5.0,,,,,,,3.212419681083183,0.0,0.5,-0.49999950000050003,0.07142856122449125,2.0,3.2818466437923286,0.0,1.0,-0.499999750000125,0.16666663888889352,2.0,,,,,,,3.149786220332411,0.2222222222222222,0.5555555555555556,-0.25925902469158435,0.10489416506325283,9.0,1,-0.1809785322016921,15995.0,0.2753441802252787,16024.0,0.0125172111653526,15980.0,-0.7840696950840109,15944.0,16008.2,0.15030280584186
2024-05-28,2,16095.0,0.192978087649398,3.5002045194533675,0.0,0.0,0.0,0.0,1.0,,,,,,,,,,,,,,,,,,,,,,,,,3.530176685708811,1.0,1.0,0.0,0.22222219753086697,1.0,1,0.4313848077524218,16064.0,-0.1809785322016921,15995.0,0.2753441802252787,16024.0,0.2132463622679381,15978.0,16031.6,0.14624915091815197
2024-05-29,6,16160.0,0.4038521279900564,3.0360120427548036,0.0,0.3333333333333333,-0.33333300000033333,0.03703703292181116,3.0,,,,,,,,,,,,,3.514544567799772,0.0,0.0,0.0,0.0,1.0,,,,,,,3.8740038723170236,0.0,0.5,-0.49999950000050003,0.045454541322314426,2.0,1,0.192978087649398,16095.0,0.4313848077524218,16064.0,-0.1809785322016921,15995.0,0.0125172111653526,15980.0,16067.6,0.22451613428309275
2024-05-30,2,16253.0,0.5754950495049593,3.8506446666262177,0.0,0.0,0.0,0.0,1.0,,,,,,,,,,,,,,,,,,,,,,,,,3.0838842427072555,1.0,0.0,0.9999990000010001,0.199999960000008,1.0,1,0.4038521279900564,16160.0,0.192978087649398,16095.0,0.4313848077524218,16064.0,0.2753441802252787,16024.0,16113.4,0.28454630813902887
2024-05-31,7,16251.0,-0.0123054205377504,3.511383544825009,0.3333333333333333,1.0,-0.33333316666675,0.09523808843537464,3.0,,,,,,,,,,,,,3.9556014712667125,0.5,1.0,-0.49999950000050003,0.12698411570924772,2.0,,,,,,,3.48679700068995,0.6666666666666666,0.3333333333333333,0.11111107407408642,0.099999990000001,3.0,0,0.5754950495049593,16253.0,0.4038521279900564,16160.0,0.192978087649398,16095.0,-0.1809785322016921,15995.0,16164.6,0.3182809304718172
2024-06-03,10,16225.0,-0.1599901544520388,3.1837208340740237,0.0,0.5,-0.49999950000050003,0.04166666319444474,2.0,3.0751020596567633,0.0,1.0,-0.9999990000010001,0.08333332638888948,1.0,,,,,,,3.500309679914122,0.25,1.0,-0.7499992500007501,0.1393849045542426,4.0,,,,,,,3.349387914702903,0.25,0.5,-0.24999975000025002,0.09374998828125147,4.0,0,-0.0123054205377504,16251.0,0.5754950495049593,16253.0,0.4038521279900564,16160.0,0.4313848077524218,16064.0,16196.8,0.2000059380309251
2024-06-04,4,16220.0,-0.030816640986131,3.6149212444007652,0.0,0.0,0.0,0.0,1.0,,,,,,,,,,,,,3.3874754333261974,0.0,1.0,-0.9999990000010001,0.09999999000000101,1.0,,,,,,,2.8934088261754676,0.5,0.0,0.49999950000050003,0.03846153550295881,2.0,0,-0.1599901544520388,16225.0,-0.0123054205377504,16251.0,0.5754950495049593,16253.0,0.192978087649398,16095.0,16221.8,0.15524699230381928
2024-06-05,4,16282.0,0.3822441430332945,,,,,,,,,,,,,3.328999949565249,0.0,1.0,-0.9999990000010001,0.09090908264462885,1.0,3.348420653477252,0.0,0.5,-0.49999950000050003,0.045454541322314426,2.0,,,,,,,3.4552918714789427,0.0,3.0,-0.9999996666667778,0.2499999791666684,1.0,1,-0.030816640986131,16220.0,-0.1599901544520388,16225.0,-0.0123054205377504,16251.0,0.4038521279900564,16160.0,16246.2,0.1509253953124669
2024-06-06,4,16279.0,-0.0184252548826924,2.706486139864423,0.0,1.0,-0.9999990000010001,0.12499998437500197,1.0,,,,,,,,,,,,,3.455892707494567,0.5,0.0,0.49999950000050003,0.08333331944444676,2.0,,,,,,,3.8428517652602383,0.0,0.0,0.0,0.0,1.0,0,0.3822441430332945,16282.0,-0.030816640986131,16220.0,-0.1599901544520388,16225.0,0.5754950495049593,16253.0,16251.4,0.03214133443493656
2024-06-07,3,16218.0,-0.3747158916395321,3.0822124134342035,0.0,1.0,-0.9999990000010001,0.11111109876543349,1.0,,,,,,,,,,,,,3.9956918640210275,0.0,2.0,-0.99999950000025,0.285714244897965,1.0,,,,,,,3.9273030223664103,0.0,1.0,-0.9999990000010001,0.1428571224489825,1.0,0,-0.0184252548826924,16279.0,0.3822441430332945,16282.0,-0.030816640986131,16220.0,-0.0123054205377504,16251.0,16244.8,-0.04034075978541978
2024-06-10,5,16290.0,0.4439511653718142,2.409633186565992,0.0,0.0,0.0,0.0,1.0,,,,,,,,,,,,,3.6508725584608905,0.0,1.0,-0.9999990000010001,0.12499998437500197,1.0,,,,,,,3.5779003345881306,0.0,0.3333333333333333,-0.33333300000033333,0.04166666145833399,3.0,1,-0.3747158916395321,16218.0,-0.0184252548826924,16279.0,0.3822441430332945,16282.0,-0.1599901544520388,16225.0,16257.8,0.08044750417935083
2024-06-11,6,16295.0,0.0306936771025112,2.92217221077868,0.0,3.0,-0.9999996666667778,0.2499999791666684,1.0,,,,,,,2.8948577583222015,0.0,0.0,0.0,0.0,1.0,3.4519749766074606,0.0,0.5,-0.49999950000050003,0.07142856122449125,2.0,,,,,,,3.9512187054990413,0.0,0.0,0.0,0.0,2.0,1,0.4439511653718142,16290.0,-0.3747158916395321,16218.0,-0.0184252548826924,16279.0,-0.030816640986131,16220.0,16272.8,0.09274956779707927
2024-06-12,9,16297.0,0.0122737035900488,,,,,,,,,,,,,,,,,,,3.6388073019953513,0.0,0.0,0.0,0.0,1.0,,,,,,,3.6528343456663332,0.125,0.125,0.0,0.02777777469135837,8.0,1,0.0306936771025112,16295.0,0.4439511653718142,16290.0,-0.3747158916395321,16218.0,0.3822441430332945,16282.0,16275.8,0.018755479908430125
2024-06-13,18,16286.0,-0.0674970853531298,2.574412461309286,0.0,1.0,-0.9999990000010001,0.11111109876543349,1.0,,,,,,,3.5626204174063085,0.25,0.0,0.24999975000025002,0.02083333159722237,4.0,3.311163761201631,0.0,0.5,-0.49999950000050003,0.07142856122449125,2.0,,,,,,,3.1213608577889476,0.0,0.45454545454545453,-0.4545450000004546,0.08874457047516371,11.0,0,0.0122737035900488,16297.0,0.0306936771025112,16295.0,0.4439511653718142,16290.0,-0.0184252548826924,16279.0,16277.2,0.008941113814342646
2024-06-14,8,16374.0,0.5403413975193505,,,,,,,,,,,,,3.166306300326175,0.0,0.0,0.0,0.0,2.0,3.359857656549189,0.0,2.0,-0.9999993333338889,0.20555553438271823,2.0,,,,,,,2.867354589019984,0.2,0.4,-0.1999998000002,0.10222220375308991,5.0,1,-0.0674970853531298,16286.0,0.0122737035900488,16297.0,0.0306936771025112,16295.0,-0.3747158916395321,16218.0,16308.4,0.19195257164611917
2024-06-19,16,16368.0,-0.0366434591425379,3.2466692806275272,1.0,2.5,-0.3333332638889016,0.3863635927169472,2.0,,,,,,,2.8182618537845334,0.0,0.0,0.0,0.0,2.0,3.036591317364938,0.0,0.3333333333333333,-0.33333300000033333,0.030303027548209616,3.0,,,,,,,3.3863885662591517,0.0,0.7777777777777778,-0.444444129629892,0.08977071249209277,9.0,0,0.5403413975193505,16374.0,-0.0674970853531298,16286.0,0.0122737035900488,16297.0,0.4439511653718142,16290.0,16324.0,0.09583364674324876
2024-06-20,3,16420.0,0.3176930596285432,2.7251377428235477,0.0,3.0,-0.9999996666667778,0.299999970000003,1.0,,,,,,,,,,,,,,,,,,,,,,,,,3.50328320697176,0.5,1.0,-2.499996249460956e-07,0.162499982187502,2.0,1,-0.0366434591425379,16368.0,0.5403413975193505,16374.0,-0.0674970853531298,16286.0,0.0306936771025112,16295.0,16349.0,0.15323352324845516
2024-06-21,4,16458.0,0.231425091352011,2.899196397853055,0.0,2.0,-0.99999950000025,0.285714244897965,1.0,,,,,,,,,,,,,3.113604106931304,0.0,0.0,0.0,0.0,1.0,,,,,,,3.4398091680561516,0.5,0.0,0.49999950000050003,0.07142856122449125,2.0,1,0.3176930596285432,16420.0,-0.0366434591425379,16368.0,0.5403413975193505,16374.0,0.0122737035900488,16297.0,16381.2,0.19706380080084762
2024-06-24,7,16431.0,-0.1640539555231468,3.217591382118621,0.0,0.0,0.0,0.0,1.0,,,,,,,3.619044888147618,0.0,0.0,0.0,0.0,1.0,3.3010968362879263,0.0,0.5,-0.49999950000050003,0.049999995000000505,2.0,,,,,,,3.7229202263795216,0.0,0.0,0.0,0.0,3.0,0,0.231425091352011,16458.0,0.3176930596285432,16420.0,-0.0366434591425379,16368.0,-0.0674970853531298,16286.0,16410.2,0.17775242676684422
2024-06-25,5,16379.0,-0.3164749558760893,2.57544317702163,0.0,3.0,-0.9999996666667778,0.299999970000003,1.0,,,,,,,,,,,,,3.6295665592191364,0.0,0.0,0.0,0.0,1.0,,,,,,,3.1690085354290454,0.0,0.6666666666666666,-0.6666660000006667,0.092592579218109,3.0,0,-0.1640539555231468,16431.0,0.231425091352011,16458.0,0.3176930596285432,16420.0,0.5403413975193505,16374.0,16411.2,0.006389156087756254
2024-06-26,4,16435.0,0.341901214970397,,,,,,,,,,,,,,,,,,,3.648304915446562,0.0,0.0,0.0,0.0,1.0,,,,,,,3.007421039953838,0.6666666666666666,0.6666666666666666,0.0,0.17104374672516795,3.0,1,-0.3164749558760893,16379.0,-0.1640539555231468,16431.0,0.231425091352011,16458.0,-0.0366434591425379,16368.0,16424.6,0.08209809091034323
2024-06-27,8,16421.0,-0.0851840584119245,2.5371161918782437,0.0,2.0,-0.99999950000025,0.399999920000016,1.0,,,,,,,,,,,,,3.3376849251414926,1.0,1.0,0.0,0.1818181652892577,1.0,3.2588012247112577,1.0,3.0,-0.49999987500003124,0.4999999375000079,1.0,3.3752731559612754,0.2,1.0,-0.59999950000045,0.15833331215278068,5.0,0,0.341901214970397,16435.0,-0.3164749558760893,16379.0,-0.1640539555231468,16431.0,0.3176930596285432,16420.0,16424.8,0.0015226673022496918
2024-06-28,9,16394.0,-0.1644236039218038,2.6962900573606827,0.0,0.0,0.0,0.0,1.0,,,,,,,,,,,,,3.221593248806566,0.0,1.0,-0.9999990000010001,0.12499998437500197,1.0,2.6241725128903526,1.0,1.0,0.0,0.1818181652892577,1.0,3.4686771298205037,0.0,0.16666666666666666,-0.16666650000016667,0.020833330729166995,6.0,0,-0.0851840584119245,16421.0,0.341901214970397,16435.0,-0.3164749558760893,16379.0,0.231425091352011,16458.0,16412.0,-0.07764707175251326
2024-07-01,4,16355.0,-0.2378919116750033,4.002255652153806,0.0,0.0,0.0,0.0,1.0,,,,,,,,,,,,,4.002255652153806,0.0,0.0,0.0,0.0,1.0,,,,,,,3.3852876924020783,0.0,0.6666666666666666,-0.6666660000006667,0.08465607373813866,3.0,0,-0.1644236039218038,16394.0,-0.0851840584119245,16421.0,0.341901214970397,16435.0,-0.1640539555231468,16431.0,16396.8,-0.09241466298288456
2024-07-02,3,16384.0,0.1773158055640378,,,,,,,,,,,,,,,,,,,3.402756698451424,0.0,0.0,0.0,0.0,1.0,,,,,,,3.846963465183343,0.5,0.0,0.49999950000050003,0.05555554938271674,2.0,1,-0.2378919116750033,16355.0,-0.1644236039218038,16394.0,-0.0851840584119245,16421.0,-0.3164749558760893,16379.0,16397.8,0.0063434893051408595
2024-07-03,7,16387.0,0.018310546875,,,,,,,,,,,,,2.2949078493339075,0.0,0.0,0.0,0.0,1.0,3.5078034679539334,0.0,0.0,0.0,0.0,2.0,,,,,,,3.6851397052816752,0.5,0.75,-0.24999975000025002,0.14090907264463085,4.0,1,0.1773158055640378,16384.0,-0.2378919116750033,16355.0,-0.1644236039218038,16394.0,0.341901214970397,16435.0,16388.2,-0.05837464431393854
2024-07-04,6,16341.0,-0.2807103191554305,1.8519350033688866,0.0,1.5,-0.999999250000625,0.3095237335601121,2.0,,,,,,,,,,,,,3.1508990301136137,0.0,0.5,-0.49999950000050003,0.045454541322314426,2.0,,,,,,,3.1710542223477183,1.0,1.0,-0.3333328888893704,0.19166664819444623,2.0,0,0.018310546875,16387.0,0.1773158055640378,16384.0,-0.2378919116750033,16355.0,-0.0851840584119245,16421.0,16372.2,-0.09747989646263974
2024-07-05,3,16312.0,-0.1774677192338258,3.043082774976306,0.0,1.0,-0.9999990000010001,0.16666663888889352,1.0,,,,,,,3.246618866147364,0.0,0.0,0.0,0.0,2.0,,,,,,,,,,,,,,,,,,,0,-0.2807103191554305,16341.0,0.018310546875,16387.0,0.1773158055640378,16384.0,-0.1644236039218038,16394.0,16355.8,-0.10008871952504413
2024-07-08,6,16265.0,-0.2881314369789112,2.897429027724555,0.0,1.5,-0.999999250000625,0.14166665319444574,2.0,,,,,,,,,,,,,3.7989747356004484,0.0,0.0,0.0,0.0,1.0,2.908277502559245,0.0,2.0,-0.99999950000025,0.19999998000000202,1.0,3.352180872124593,0.0,0.0,0.0,0.0,3.0,0,-0.1774677192338258,16312.0,-0.2807103191554305,16341.0,0.018310546875,16387.0,-0.2378919116750033,16355.0,16337.8,-0.11013662458582571
2024-07-09,4,16281.0,0.0983707347064211,3.26128769104413,0.0,0.0,0.0,0.0,1.0,,,,,,,,,,,,,3.211792413582608,0.0,0.0,0.0,0.0,1.0,,,,,,,3.7066078158367124,0.5,0.0,0.49999950000050003,0.05555554938271674,2.0,1,-0.2881314369789112,16265.0,-0.1774677192338258,16312.0,-0.2807103191554305,16341.0,0.1773158055640378,16384.0,16317.2,-0.12592563875734905
2024-07-10,10,16256.0,-0.1535532215465873,2.6347527772596946,0.0,0.0,0.0,0.0,2.0,,,,,,,,,,,,,3.0702144773591726,0.0,0.0,0.0,0.0,1.0,,,,,,,3.1842384889965536,0.14285714285714285,0.14285714285714285,0.0,0.044217680191125146,7.0,0,0.0983707347064211,16281.0,-0.2881314369789112,16265.0,-0.1774677192338258,16312.0,0.018310546875,16387.0,16291.0,-0.1602983924416665
2024-07-11,5,16200.0,-0.3444881889763773,2.898464924466757,1.0,0.0,0.9999990000010001,0.12499998437500197,1.0,,,,,,,,,,,,,3.515399784987782,1.0,0.0,0.9999990000010001,0.08333332638888948,1.0,,,,,,,3.6586423902985534,0.6666666666666666,1.0,-0.33333300000033333,0.19576717250357215,3.0,0,-0.1535532215465873,16256.0,0.0983707347064211,16281.0,-0.2881314369789112,16265.0,-0.2807103191554305,16341.0,16262.8,-0.17305396640585585
2024-07-12,13,16154.0,-0.2839506172839456,2.839546685811529,1.0,2.0,-0.33333322222225925,0.33333329629630043,1.0,,,,,,,3.2493587038643192,0.0,1.0,-0.9999990000010001,0.12499998437500197,1.0,4.143768048121504,1.0,2.0,-0.33333322222225925,0.299999970000003,1.0,,,,,,,3.1288961640740514,0.08333333333333333,0.5,-0.361110768518855,0.080555542928243,12.0,0,-0.3444881889763773,16200.0,-0.1535532215465873,16256.0,0.0983707347064211,16281.0,-0.1774677192338258,16312.0,16231.2,-0.1943505460158798
2024-07-15,7,16174.0,0.1238083446824411,,,,,,,,,,,,,,,,,,,3.2146210583762174,1.0,0.0,0.9999990000010001,0.199999960000008,1.0,,,,,,,3.3849896581061394,0.0,0.6666666666666666,-0.4999995833337083,0.08994707768539682,6.0,1,-0.2839506172839456,16154.0,-0.3444881889763773,16200.0,-0.1535532215465873,16256.0,-0.2881314369789112,16265.0,16213.0,-0.11196258968360936
2024-07-16,3,16203.0,0.1793001112897263,,,,,,,,,,,,,,,,,,,,,,,,,,,,,,,3.553361740008384,0.0,0.6666666666666666,-0.6666660000006667,0.09722220775463182,3.0,1,0.1238083446824411,16174.0,-0.2839506172839456,16154.0,-0.3444881889763773,16200.0,0.0983707347064211,16281.0,16197.4,-0.09577671436694833
2024-07-17,5,16129.0,-0.4567055483552407,,,,,,,,,,,,,,,,,,,,,,,,,,,,,,,3.299167368288984,0.0,0.6,-0.5999994000006,0.0885714144897983,5.0,0,0.1793001112897263,16203.0,0.1238083446824411,16174.0,-0.2839506172839456,16154.0,-0.1535532215465873,16256.0,16172.0,-0.156407179728679
2024-07-18,4,16160.0,0.1922003844007758,2.827189816592427,0.0,0.0,0.0,0.0,1.0,,,,,,,,,,,,,,,,,,,,,,,,,3.4516178702603137,0.3333333333333333,0.6666666666666666,-0.33333300000033333,0.12632273519647266,3.0,1,-0.4567055483552407,16129.0,0.1793001112897263,16203.0,0.1238083446824411,16174.0,-0.3444881889763773,16200.0,16164.0,-0.0490694650532484
2024-07-19,4,16199.0,0.2413366336633693,2.7617804800261494,0.0,0.0,0.0,0.0,1.0,,,,,,,,,,,,,2.7608349241659105,0.0,1.0,-0.9999990000010001,0.1428571224489825,1.0,,,,,,,4.039176984537942,0.0,0.0,0.0,0.0,2.0,1,0.1922003844007758,16160.0,-0.4567055483552407,16129.0,0.1793001112897263,16203.0,-0.2839506172839456,16154.0,16173.0,0.05598798513621459
2024-07-22,2,16228.0,0.1790233965059506,,,,,,,,,,,,,,,,,,,3.2347438745155768,0.0,0.0,0.0,0.0,1.0,,,,,,,3.4857737177376715,0.0,0.0,0.0,0.0,1.0,1,0.2413366336633693,16199.0,0.1922003844007758,16160.0,-0.4567055483552407,16129.0,0.1238083446824411,16174.0,16183.8,0.06703099550091648
2024-07-24,1,16224.0,0.1234263144902492,,,,,,,,,,,,,,,,,,,3.1015898656353684,0.0,0.0,0.0,0.0,1.0,,,,,,,,,,,,,1,0.1790233965059506,16228.0,0.2413366336633693,16199.0,0.1922003844007758,16160.0,0.1793001112897263,16203.0,16188.0,0.055856236141021066
2024-07-25,2,16268.0,0.2712031558185446,,,,,,,,,,,,,,,,,,,3.082580637794864,1.0,0.0,0.9999990000010001,0.11111109876543349,1.0,,,,,,,2.7247465529450863,0.0,1.0,-0.9999990000010001,0.199999960000008,1.0,1,0.1234263144902492,16224.0,0.1790233965059506,16228.0,0.2413366336633693,16199.0,-0.4567055483552407,16129.0,16215.8,0.2014379769757781
2024-07-26,4,16294.0,0.1598229653307026,2.7430290999667717,0.0,1.0,-0.9999990000010001,0.11111109876543349,1.0,,,,,,,,,,,,,3.534557565871572,0.0,0.0,0.0,0.0,1.0,,,,,,,3.5777081429429423,0.0,0.5,-0.49999950000050003,0.07142856122449125,2.0,1,0.2712031558185446,16268.0,0.1234263144902492,16224.0,0.1790233965059506,16228.0,0.1922003844007758,16160.0,16242.6,0.19496249316176348
2024-07-29,5,16286.0,-0.0490978274211406,,,,,,,,,,,,,,,,,,,3.3883796087296982,0.0,2.0,-0.99999950000025,0.24999996875000394,1.0,,,,,,,3.6940176608034623,0.75,0.75,0.0,0.16351008289253216,4.0,0,0.1598229653307026,16294.0,0.2712031558185446,16268.0,0.1234263144902492,16224.0,0.2413366336633693,16199.0,16260.0,0.13687560094486148
2024-07-30,2,16320.0,0.2087682672233803,,,,,,,,,,,,,,,,,,,3.514693106795877,0.0,1.0,-0.9999990000010001,0.11111109876543349,1.0,,,,,,,3.47130210529377,0.0,1.0,-0.9999990000010001,0.09090908264462885,1.0,1,-0.0490978274211406,16286.0,0.1598229653307026,16294.0,0.2712031558185446,16268.0,0.1790233965059506,16228.0,16278.4,0.14282457508834745
2024-07-31,7,16294.0,-0.1593137254901955,2.718366174540497,1.0,1.0,0.0,0.19999998000000202,1.0,3.0856453280768252,0.0,0.0,0.0,0.0,1.0,,,,,,,3.421059903358772,0.0,0.0,0.0,0.0,1.0,,,,,,,3.3662531877654303,0.0,0.25,-0.24999975000025002,0.049999990000002,4.0,0,0.2087682672233803,16320.0,-0.0490978274211406,16286.0,0.1598229653307026,16294.0,0.1234263144902492,16224.0,16292.4,0.08627656709225849
2024-08-01,7,16243.0,-0.3129986498097481,,,,,,,,,,,,,,,,,,,2.95331103693628,0.0,0.0,0.0,0.0,1.0,,,,,,,3.843717593244298,0.16666666666666666,0.6666666666666666,-0.49999950000050003,0.09451658337208413,6.0,0,-0.1593137254901955,16294.0,0.2087682672233803,16320.0,-0.0490978274211406,16286.0,0.2712031558185446,16268.0,16287.4,-0.03056379403340005
2024-08-02,3,16234.0,-0.0554084836544954,3.493817269289367,0.0,0.0,0.0,0.0,1.0,,,,,,,,,,,,,3.28313641658918,0.0,2.0,-0.99999950000025,0.22222219753086697,1.0,,,,,,,2.7127305225549074,0.0,1.0,-0.9999990000010001,0.1428571224489825,1.0,0,-0.3129986498097481,16243.0,-0.1593137254901955,16294.0,0.2087682672233803,16320.0,0.1598229653307026,16294.0,16275.4,-0.07361008383043964
2024-08-05,4,16154.0,-0.492792903782191,2.9067097279142375,0.0,0.5,-0.49999950000050003,0.049999995000000505,2.0,,,,,,,,,,,,,,,,,,,,,,,,,3.012135218488252,0.0,0.5,-0.49999950000050003,0.05555554938271674,2.0,0,-0.0554084836544954,16234.0,-0.3129986498097481,16243.0,-0.1593137254901955,16294.0,-0.0490978274211406,16286.0,16249.0,-0.16234909910264972
2024-08-06,3,16183.0,0.1795220997895308,,,,,,,,,,,,,,,,,,,3.3995066308114663,0.0,1.0,-0.9999990000010001,0.1428571224489825,1.0,,,,,,,3.485963566125373,0.0,1.5,-0.999999250000625,0.18253965998992472,2.0,1,-0.492792903782191,16154.0,-0.0554084836544954,16234.0,-0.3129986498097481,16243.0,0.2087682672233803,16320.0,16221.6,-0.1681983325894196
2024-08-07,5,16100.0,-0.5128838905023803,2.7486052110074604,1.0,0.0,0.9999990000010001,0.09999999000000101,1.0,,,,,,,,,,,,,4.002893884907408,0.0,0.0,0.0,0.0,1.0,,,,,,,3.0915566026448524,0.0,0.6666666666666666,-0.33333316666675,0.08333332291666798,3.0,0,0.1795220997895308,16183.0,-0.492792903782191,16154.0,-0.0554084836544954,16234.0,-0.1593137254901955,16294.0,16182.8,-0.23891236559185658
2024-08-08,4,15952.0,-0.9192546583850936,,,,,,,,,,,,,,,,,,,3.089881554657086,0.0,0.0,0.0,0.0,1.0,,,,,,,3.129679805908926,0.3333333333333333,1.3333333333333333,-0.44444424074083644,0.13657406193737257,3.0,0,-0.5128838905023803,16100.0,0.1795220997895308,16183.0,-0.492792903782191,16154.0,-0.3129986498097481,16243.0,16124.6,-0.36016356730692567
2024-08-09,5,15914.0,-0.2382146439318,,,,,,,,,,,,,,,,,,,3.7788780089904837,0.0,1.0,-0.9999990000010001,0.09999999000000101,1.0,,,,,,,2.951530116553858,0.0,0.25,-0.24999975000025002,0.04166665972222338,4.0,0,-0.9192546583850936,15952.0,-0.5128838905023803,16100.0,0.1795220997895308,16183.0,-0.0554084836544954,16234.0,16060.6,-0.3967247993623866
2024-08-12,14,15963.0,0.3079049893175867,2.82737653588393,0.0,0.0,0.0,0.0,3.0,,,,,,,,,,,,,4.05386494697085,0.0,2.0,-0.99999950000025,0.22222219753086697,1.0,,,,,,,3.507742735803769,0.2,0.3,-0.0999999000001,0.059722215065587295,10.0,1,-0.2382146439318,15914.0,-0.9192546583850936,15952.0,-0.5128838905023803,16100.0,-0.492792903782191,16154.0,16022.4,-0.23658522074243105
2024-08-13,7,15885.0,-0.488629956775044,3.116961719306746,0.0,1.0,-0.9999990000010001,0.09090908264462885,1.0,,,,,,,,,,,,,3.410386557663974,0.0,1.0,-0.9999990000010001,0.09999999000000101,1.0,,,,,,,3.4680698291959273,0.4,0.0,0.3999996000004,0.0507936442428832,5.0,0,0.3079049893175867,15963.0,-0.2382146439318,15914.0,-0.9192546583850936,15952.0,0.1795220997895308,16183.0,15962.8,-0.370215632055346
2024-08-14,9,15691.0,-1.2212779351589598,,,,,,,3.5183038099824118,0.0,1.0,-0.9999990000010001,0.08333332638888948,1.0,,,,,,,3.3896793436319492,0.0,2.0,-0.99999950000025,0.19999998000000202,1.0,,,,,,,3.25607749673567,0.42857142857142855,0.42857142857142855,0.09523796825410583,0.1122448828690227,7.0,0,-0.488629956775044,15885.0,0.3079049893175867,15963.0,-0.2382146439318,15914.0,-0.5128838905023803,16100.0,15881.0,-0.5118944409866619
2024-08-15,11,15687.0,-0.0254923204384693,3.0709347368925495,0.0,2.0,-0.99999950000025,0.24999996875000394,1.0,,,,,,,,,,,,,3.459337652735715,0.0,2.0,-0.99999950000025,0.22222219753086697,1.0,,,,,,,3.1935934412954206,0.0,0.6666666666666666,-0.4444441111113889,0.12433859974175371,9.0,0,-1.2212779351589598,15691.0,-0.488629956775044,15885.0,0.3079049893175867,15963.0,-0.9192546583850936,15952.0,15828.0,-0.3331419733973371
2024-08-16,2,15716.0,0.1848664499267016,,,,,,,,,,,,,,,,,,,3.0900843493364514,1.0,2.0,-0.33333322222225925,0.4285713673469475,1.0,,,,,,,2.6241542853301194,0.0,1.0,-0.9999990000010001,0.24999993750001562,1.0,1,-0.0254923204384693,15687.0,-1.2212779351589598,15691.0,-0.488629956775044,15885.0,-0.2382146439318,15914.0,15788.4,-0.24852575462563675
2024-08-19,11,15591.0,-0.7953677780605739,2.723271708509433,1.0,0.0,0.6666661666670833,0.09890108815360592,3.0,,,,,,,2.6839643416191494,0.0,0.0,0.0,0.0,1.0,3.5358177580742023,0.0,2.0,-0.99999950000025,0.15384614201183525,1.0,,,,,,,3.355955501545779,0.5,0.6666666666666666,-0.11111104629633178,0.14252643738911683,6.0,0,0.1848664499267016,15716.0,-0.0254923204384693,15687.0,-1.2212779351589598,15691.0,0.3079049893175867,15963.0,15714.0,-0.4691803081012688
2024-08-20,2,15480.0,-0.7119492014623807,2.99591017209261,1.0,2.0,-0.33333322222225925,0.299999970000003,1.0,,,,,,,,,,,,,3.7770765165630995,0.0,2.0,-0.99999950000025,0.13333332444444504,1.0,,,,,,,,,,,,,0,-0.7953677780605739,15591.0,0.1848664499267016,15716.0,-0.0254923204384693,15687.0,-0.488629956775044,15885.0,15633.0,-0.5138441570387362
2024-08-21,3,15456.0,-0.1550387596899183,,,,,,,,,,,,,3.5028343391863808,0.0,0.0,0.0,0.0,1.0,2.9300359989892755,0.0,0.0,0.0,0.0,1.0,,,,,,,3.0574643206918144,1.0,0.0,0.9999990000010001,0.11111109876543349,1.0,0,-0.7119492014623807,15480.0,-0.7953677780605739,15591.0,0.1848664499267016,15716.0,-1.2212779351589598,15691.0,15586.0,-0.3005963219449279
2024-08-22,6,15579.0,0.7958074534161419,,,,,,,,,,,,,3.300456671443954,0.0,2.0,-0.99999950000025,0.1818181652892577,1.0,3.438257913282088,0.25,0.75,-0.49999950000050003,0.13392855341199222,4.0,,,,,,,3.5115949116823306,0.0,1.0,-0.9999990000010001,0.1428571224489825,3.0,1,-0.1550387596899183,15456.0,-0.7119492014623807,15480.0,-0.7953677780605739,15591.0,-0.0254923204384693,15687.0,15564.4,-0.13633636717400566
2024-08-23,3,15554.0,-0.160472430836378,,,,,,,,,,,,,,,,,,,2.787304956117952,0.0,0.0,0.0,0.0,1.0,,,,,,,3.2721777020593334,0.0,0.5,-0.49999950000050003,0.08333331944444676,2.0,0,0.7958074534161419,15579.0,-0.1550387596899183,15456.0,-0.7119492014623807,15480.0,0.1848664499267016,15716.0,15532.0,-0.2054041433266216
2024-08-26,9,15380.0,-1.118683296901124,3.817788776444146,0.0,1.6666666666666667,-0.999999222222926,0.17424240440388986,3.0,,,,,,,,,,,,,3.6571134734796678,0.0,2.0,-0.99999950000025,0.19999998000000202,1.0,,,,,,,3.1623028015071832,0.0,0.4,-0.3999996000004,0.05151514430670447,5.0,0,-0.160472430836378,15554.0,0.7958074534161419,15579.0,-0.1550387596899183,15456.0,-0.7953677780605739,15591.0,15489.8,-0.2700672470947316
2024-08-27,3,15509.0,0.8387516254876548,,,,,,,,,,,,,3.3811062733799004,0.0,1.0,-0.9999990000010001,0.12499998437500197,1.0,3.3904679287568107,0.0,1.0,-0.9999990000010001,0.11111109876543349,1.0,,,,,,,3.382060805050574,0.0,1.0,-0.9999990000010001,0.12499998437500197,1.0,1,-1.118683296901124,15380.0,-0.160472430836378,15554.0,0.7958074534161419,15579.0,-0.7119492014623807,15480.0,15495.6,0.040072918295275484
2024-08-28,4,15476.0,-0.2127796763169764,3.628214006494,0.0,0.0,0.0,0.0,1.0,,,,,,,2.866492694723018,0.0,0.0,0.0,0.0,1.0,3.514201629095893,0.0,1.0,-0.9999990000010001,0.12499998437500197,1.0,,,,,,,4.194025355887524,0.0,1.0,-0.9999990000010001,0.08333332638888948,1.0,0,0.8387516254876548,15509.0,-1.118683296901124,15380.0,-0.160472430836378,15554.0,-0.1550387596899183,15456.0,15499.6,0.02852473496986387
2024-08-29,5,15409.0,-0.4329284052726811,,,,,,,,,,,,,,,,,,,3.6705320804390498,0.5,0.5,0.0,0.1287878607667612,2.0,,,,,,,3.905101681737308,0.0,0.3333333333333333,-0.33333300000033333,0.03703703292181116,3.0,0,-0.2127796763169764,15476.0,0.8387516254876548,15509.0,-1.118683296901124,15380.0,0.7958074534161419,15579.0,15465.6,-0.2172224367679007
2024-08-30,5,15473.0,0.415341683431758,2.7993099504892682,0.0,1.0,-0.9999990000010001,0.11111109876543349,1.0,,,,,,,,,,,,,3.774562016441603,1.0,2.0,-0.33333322222225925,0.23076921301775286,1.0,,,,,,,2.8960667651660827,0.0,0.3333333333333333,-0.33333300000033333,0.11111107407408642,3.0,1,-0.4329284052726811,15409.0,-0.2127796763169764,15476.0,0.8387516254876548,15509.0,-0.160472430836378,15554.0,15449.4,-0.10205961391427354
2024-09-02,3,15536.0,0.4071608608543942,,,,,,,,,,,,,,,,,,,,,,,,,,,,,,,3.0947867381581364,0.3333333333333333,0.3333333333333333,0.0,0.1309523533163327,3.0,1,0.415341683431758,15473.0,-0.4329284052726811,15409.0,-0.2127796763169764,15476.0,-1.118683296901124,15380.0,15480.6,0.2031092176368301
2024-09-03,4,15557.0,0.1351699279093621,3.4076399751869495,0.5,1.0,-2.499996249460956e-07,0.16111109376543398,2.0,2.5683468687459143,0.0,0.0,0.0,0.0,1.0,,,,,,,,,,,,,,,,,,,4.121111156400666,0.0,0.0,0.0,0.0,1.0,1,0.4071608608543942,15536.0,0.415341683431758,15473.0,-0.4329284052726811,15409.0,0.8387516254876548,15509.0,15490.2,0.06239287812117156
2024-09-04,2,15490.0,-0.4306742945297981,,,,,,,,,,,,,,,,,,,3.3388774873054268,0.0,0.0,0.0,0.0,2.0,,,,,,,,,,,,,0,0.1351699279093621,15557.0,0.4071608608543942,15536.0,0.415341683431758,15473.0,-0.2127796763169764,15476.0,15493.0,0.01881395447860721
2024-09-05,5,15410.0,-0.5164622336991553,3.3400112454220734,2.0,0.0,0.99999950000025,0.285714244897965,1.0,,,,,,,,,,,,,3.8061327655179356,0.0,0.0,0.0,0.0,1.0,,,,,,,3.388325898598179,0.0,1.0,-0.9999990000010001,0.12037035583847915,3.0,0,-0.4306742945297981,15490.0,0.1351699279093621,15557.0,0.4071608608543942,15536.0,-0.4329284052726811,15409.0,15493.2,0.0021071887933123757
2024-09-06,4,15372.0,-0.2465931213497696,,,,,,,,,,,,,,,,,,,3.1777236360100707,0.5,1.0,-0.49999950000050003,0.162499982187502,2.0,,,,,,,3.1850603153047166,0.0,2.0,-0.9999993333338889,0.23749997156250346,2.0,0,-0.5164622336991553,15410.0,-0.4306742945297981,15490.0,0.1351699279093621,15557.0,0.415341683431758,15473.0,15473.0,-0.13027977216299313
2024-09-09,6,15446.0,0.4813947436898225,3.5896503419201737,0.0,0.0,0.0,0.0,1.0,,,,,,,,,,,,,4.257924007287481,0.0,1.0,-0.9999990000010001,0.12499998437500197,1.0,,,,,,,3.5243825359323457,0.25,0.75,-0.33333305555581483,0.13492061652809523,4.0,1,-0.2465931213497696,15372.0,-0.5164622336991553,15410.0,-0.4306742945297981,15490.0,0.4071608608543942,15536.0,15455.0,-0.11543299559590747
2024-09-10,4,15447.0,0.0064741680694035,2.3652379778293025,0.0,0.0,0.0,0.0,1.0,,,,,,,2.9221787619663857,0.0,2.0,-0.99999950000025,0.16666665277777895,1.0,2.928734328549697,1.0,1.0,0.0,0.33333327777778704,1.0,,,,,,,3.1232642520567637,0.0,0.0,0.0,0.0,1.0,1,0.4813947436898225,15446.0,-0.2465931213497696,15372.0,-0.5164622336991553,15410.0,0.1351699279093621,15557.0,15433.0,-0.1411721475638992
2024-09-11,8,15415.0,-0.2071599663365009,3.0526404283348225,0.0,0.0,0.0,0.0,1.0,,,,,,,3.2362490512156783,0.0,0.0,0.0,0.0,1.0,3.5142995145286973,0.0,1.0,-0.9999990000010001,0.16666663888889352,1.0,,,,,,,3.41783733101231,0.4,0.2,0.1999998000002,0.0649999928750008,5.0,0,0.0064741680694035,15447.0,0.4813947436898225,15446.0,-0.2465931213497696,15372.0,-0.4306742945297981,15490.0,15418.0,-0.09646928192523976
2024-09-12,10,15421.0,0.0389231268245193,,,,,,,,,,,,,3.6184648508101738,0.0,1.0,-0.9999990000010001,0.09999999000000101,1.0,2.9374990597384154,1.0,0.0,0.9999990000010001,0.1428571224489825,1.0,,,,,,,3.289755597978681,0.0,0.5,-0.37499968750028123,0.08779760266085926,8.0,1,-0.2071599663365009,15415.0,0.0064741680694035,15447.0,0.4813947436898225,15446.0,-0.5164622336991553,15410.0,15420.2,0.014607790179495175
2024-09-13,8,15405.0,-0.1037546203229378,,,,,,,1.7046288527527895,0.0,4.0,-0.9999997500000625,0.39999996000000404,1.0,,,,,,,2.947360783529984,0.0,1.0,-0.9999990000010001,0.1428571224489825,1.0,,,,,,,3.3899358405927345,0.0,0.5,-0.33333308333354167,0.07196968379821223,6.0,0,0.0389231268245193,15421.0,-0.2071599663365009,15415.0,0.0064741680694035,15447.0,-0.2465931213497696,15372.0,15426.8,0.043175490384861535
2024-09-17,12,15338.0,-0.4349237260629635,,,,,,,,,,,,,2.9505040106427876,0.0,0.0,0.0,0.0,2.0,,,,,,,,,,,,,3.2843472898405937,0.3,0.6,-0.199999850000125,0.10980878784819889,10.0,0,-0.1037546203229378,15405.0,0.0389231268245193,15421.0,-0.2071599663365009,15415.0,0.4813947436898225,15446.0,15405.2,-0.14008820356569568
2024-09-18,6,15350.0,0.0782370582866009,,,,,,,,,,,,,,,,,,,3.635759333019304,0.0,1.0,-0.9999990000010001,0.09090908264462885,1.0,,,,,,,3.403867255684792,0.0,0.2,-0.1999998000002,0.024999996875000395,5.0,1,-0.4349237260629635,15338.0,-0.1037546203229378,15405.0,0.0389231268245193,15421.0,0.0064741680694035,15447.0,15385.8,-0.12573562552225617
2024-09-19,11,15287.0,-0.4104234527687267,,,,,,,,,,,,,3.0128246028908547,0.0,1.0,-0.9999990000010001,0.09999999000000101,1.0,3.9657869018584075,0.0,1.0,-0.9999990000010001,0.1428571224489825,1.0,,,,,,,3.156159628769137,0.1111111111111111,1.0,-0.7777770555562501,0.1269841119593535,9.0,0,0.0782370582866009,15350.0,-0.4349237260629635,15338.0,-0.1037546203229378,15405.0,-0.2071599663365009,15415.0,15360.2,-0.16638832280870136
2024-09-20,9,15100.0,-1.223261594819125,3.1258211341358506,0.0,0.0,0.0,0.0,1.0,,,,,,,3.213835068273811,0.0,0.0,0.0,0.0,1.0,3.737647355322668,0.0,2.0,-0.99999950000025,0.1818181652892577,1.0,,,,,,,3.329077331486557,0.0,0.6666666666666666,-0.4999995833337083,0.0726851771900729,6.0,0,-0.4104234527687267,15287.0,0.0782370582866009,15350.0,-0.4349237260629635,15338.0,0.0389231268245193,15421.0,15296.0,-0.41882526713743023
2024-09-23,6,15191.0,0.6026490066225243,2.965297048203364,0.5,0.5,0.0,0.11111109876543349,2.0,,,,,,,2.8835596528211553,0.0,0.0,0.0,0.0,1.0,,,,,,,,,,,,,3.4961081882451284,0.25,0.5,-0.24999975000025002,0.09564392647713109,4.0,1,-1.223261594819125,15100.0,-0.4104234527687267,15287.0,0.0782370582866009,15350.0,-0.1037546203229378,15405.0,15253.2,-0.2775445417483378
2024-09-24,3,15186.0,-0.0329142255282688,,,,,,,,,,,,,3.0551298685438377,0.0,1.0,-0.9999990000010001,0.199999960000008,1.0,,,,,,,,,,,,,3.5304087202468697,0.5,1.5,-0.499999750000125,0.21978019345490013,2.0,0,0.6026490066225243,15191.0,-1.223261594819125,15100.0,-0.4104234527687267,15287.0,-0.4349237260629635,15338.0,15222.8,-0.19714264164139889
2024-09-25,4,15092.0,-0.618991176083239,,,,,,,,,,,,,,,,,,,3.249624434961315,0.0,0.0,0.0,0.0,1.0,,,,,,,3.3434426210510266,0.3333333333333333,1.0,-0.33333316666675,0.1677488897052681,3.0,0,-0.0329142255282688,15186.0,0.6026490066225243,15191.0,-1.223261594819125,15100.0,0.0782370582866009,15350.0,15171.2,-0.3365882885153669
2024-09-26,5,15171.0,0.5234561357010392,3.249214239947613,0.0,1.0,-0.9999990000010001,0.12499998437500197,1.0,,,,,,,3.009830159500072,0.0,1.0,-0.9999990000010001,0.12499998437500197,1.0,,,,,,,,,,,,,3.3269192257360785,0.0,1.6666666666666667,-0.9999993333338333,0.1525252384741366,3.0,1,-0.618991176083239,15092.0,-0.0329142255282688,15186.0,0.6026490066225243,15191.0,-0.4104234527687267,15287.0,15148.0,-0.1498123708214137
2024-09-27,5,15138.0,-0.217520268934146,,,,,,,,,,,,,,,,,,,3.532307585317484,0.0,0.0,0.0,0.0,1.0,,,,,,,3.159172438862345,0.75,0.5,-0.2499995833338056,0.15416664451389248,4.0,0,0.5234561357010392,15171.0,-0.618991176083239,15092.0,-0.0329142255282688,15186.0,-1.223261594819125,15100.0,15155.6,0.051335894355582126
2024-09-30,7,15144.0,0.0396353547364336,2.745321999573701,0.0,0.0,0.0,0.0,1.0,,,,,,,2.6772250789725756,0.0,1.0,-0.9999990000010001,0.11111109876543349,1.0,3.2119685206307595,0.5,1.0,-0.49999950000050003,0.1499999850000015,2.0,,,,,,,3.0831507126101676,0.0,0.3333333333333333,-0.33333300000033333,0.030303027548209616,3.0,1,-0.217520268934146,15138.0,0.5234561357010392,15171.0,-0.618991176083239,15092.0,0.6026490066225243,15191.0,15146.2,-0.06126683602163602
2024-10-01,8,15204.0,0.3961965134706924,3.3291041970712723,0.0,1.0,-0.9999990000010001,0.12499998437500197,1.0,,,,,,,,,,,,,2.7753854656498222,0.0,1.0,-0.9999990000010001,0.199999960000008,1.0,,,,,,,3.3526442409255197,0.0,0.5,-0.49999950000050003,0.09259256995885438,6.0,1,0.0396353547364336,15144.0,-0.217520268934146,15138.0,0.5234561357010392,15171.0,-0.0329142255282688,15186.0,15149.8,0.02455531177815622
2024-10-02,9,15247.0,0.2828203104446203,2.899507166299941,0.3333333333333333,1.6666666666666667,-0.4444442962963457,0.24285711244898348,3.0,,,,,,,2.998661454897953,0.0,0.0,0.0,0.0,1.0,2.8427892747342645,0.5,0.5,0.0,0.14583331163194774,2.0,,,,,,,2.932424230763488,0.3333333333333333,0.0,0.33333300000033333,0.03703703292181116,3.0,1,0.3961965134706924,15204.0,0.0396353547364336,15144.0,-0.217520268934146,15138.0,-0.618991176083239,15092.0,15180.8,0.20491760908372808
2024-10-03,1,15394.0,0.964124089984919,3.5056880079953165,0.0,0.0,0.0,0.0,1.0,,,,,,,,,,,,,3.5056880079953165,0.0,0.0,0.0,0.0,1.0,,,,,,,,,,,,,1,0.2828203104446203,15247.0,0.3961965134706924,15204.0,0.0396353547364336,15144.0,0.5234561357010392,15171.0,15225.4,0.29305119994050405
2024-10-04,3,15495.0,0.6560997791347223,3.3488292567661615,0.0,0.0,0.0,0.0,1.0,,,,,,,,,,,,,3.2208880013279493,0.0,1.0,-0.9999990000010001,0.09090908264462885,1.0,,,,,,,2.8816917143297642,0.0,0.0,0.0,0.0,1.0,1,0.964124089984919,15394.0,0.2828203104446203,15247.0,0.3961965134706924,15204.0,-0.217520268934146,15138.0,15296.8,0.4677752095542777
2024-10-07,8,15680.0,1.1939335269441689,3.3853479693300255,0.0,2.0,-0.99999950000025,0.16666665277777895,1.0,,,,,,,3.3386482573494494,0.5,0.5,0.0,0.12499998437500197,2.0,3.5840694388028282,0.0,1.0,-0.9999990000010001,0.12499998437500197,1.0,,,,,,,3.298924179915459,0.25,0.25,0.0,0.06696427670599611,4.0,1,0.6560997791347223,15495.0,0.964124089984919,15394.0,0.2828203104446203,15247.0,0.0396353547364336,15144.0,15404.0,0.6986348439958248
2024-10-08,4,15671.0,-0.0573979591836693,,,,,,,,,,,,,3.247326769436051,0.0,0.0,0.0,0.0,2.0,3.334080383226622,0.0,0.0,0.0,0.0,1.0,,,,,,,2.669926128115119,0.0,0.0,0.0,0.0,1.0,0,1.1939335269441689,15680.0,0.6560997791347223,15495.0,0.964124089984919,15394.0,0.3961965134706924,15204.0,15497.4,0.6079159494649524
2024-10-09,4,15607.0,-0.4083976772382147,3.2452210122866587,0.5,0.5,0.0,0.08333332638888948,2.0,,,,,,,,,,,,,2.8526609885871803,0.0,0.0,0.0,0.0,2.0,,,,,,,4.342691338985122,0.0,0.0,0.0,0.0,1.0,0,-0.0573979591836693,15671.0,1.1939335269441689,15680.0,0.6560997791347223,15495.0,0.2828203104446203,15247.0,15569.4,0.46967235192838536
2024-10-10,7,15658.0,0.3267764464663258,,,,,,,,,,,,,,,,,,,2.6112302331725012,0.0,0.0,0.0,0.0,1.0,,,,,,,3.6244059857112796,0.0,0.3333333333333333,-0.33333300000033333,0.033333330000000334,6.0,1,-0.4083976772382147,15607.0,-0.0573979591836693,15671.0,1.1939335269441689,15680.0,0.964124089984919,15394.0,15622.2,0.3422028232246667
2024-10-11,7,15609.0,-0.3129390726784975,3.039712838024109,0.0,2.0,-0.99999950000025,0.24999996875000394,1.0,,,,,,,,,,,,,,,,,,,,,,,,,3.159993409949022,0.16666666666666666,0.5,-0.33333300000033333,0.10185183416924216,6.0,0,0.3267764464663258,15658.0,-0.4083976772382147,15607.0,-0.0573979591836693,15671.0,0.6560997791347223,15495.0,15645.0,0.14839505286202276
2024-10-14,8,15581.0,-0.1793836888974276,3.8947596813519954,0.0,0.0,0.0,0.0,1.0,,,,,,,3.5632124167167,0.0,0.0,0.0,0.0,1.0,3.8947596813519954,0.0,0.0,0.0,0.0,1.0,,,,,,,3.0687063840164392,0.0,0.5,-0.49999950000050003,0.07870368917181376,6.0,0,-0.3129390726784975,15609.0,0.3267764464663258,15658.0,-0.4083976772382147,15607.0,1.1939335269441689,15680.0,15625.2,-0.12626839030629652
2024-10-15,6,15555.0,-0.166869905654321,,,,,,,3.7560049503968784,1.0,0.0,0.9999990000010001,0.07142856632653098,1.0,3.473519628029382,1.0,0.0,0.9999990000010001,0.09999999000000101,1.0,3.3897536975632425,0.0,1.0,-0.9999990000010001,0.12499998437500197,1.0,,,,,,,3.4018690805511063,0.0,0.3333333333333333,-0.33333300000033333,0.05555554629629784,3.0,0,-0.1793836888974276,15581.0,-0.3129390726784975,15609.0,0.3267764464663258,15658.0,-0.0573979591836693,15671.0,15602.0,-0.14816277960042687
2024-10-16,3,15536.0,-0.1221472195435557,2.9519792263726963,1.0,1.0,0.0,0.1818181652892577,1.0,,,,,,,,,,,,,3.5894488681368384,0.0,0.0,0.0,0.0,1.0,,,,,,,3.500198093661717,0.0,1.0,-0.9999990000010001,0.16666663888889352,1.0,0,-0.166869905654321,15555.0,-0.1793836888974276,15581.0,-0.3129390726784975,15609.0,-0.4083976772382147,15607.0,15587.8,-0.09091268806149506
2024-10-17,2,15516.0,-0.1287332646755956,,,,,,,,,,,,,,,,,,,2.765603932786511,0.0,0.0,0.0,0.0,1.0,,,,,,,3.725929750513077,0.0,1.0,-0.9999990000010001,0.11111109876543349,1.0,0,-0.1221472195435557,15536.0,-0.166869905654321,15555.0,-0.1793836888974276,15581.0,0.3267764464663258,15658.0,15559.4,-0.18201463028987935
2024-10-18,3,15466.0,-0.3222480020623863,2.9345653512543017,0.0,0.0,0.0,0.0,1.0,,,,,,,3.2575751243733797,0.0,0.0,0.0,0.0,1.0,3.512747896726007,0.0,1.0,-0.9999990000010001,0.16666663888889352,1.0,,,,,,,,,,,,,0,-0.1287332646755956,15516.0,-0.1221472195435557,15536.0,-0.166869905654321,15555.0,-0.3129390726784975,15609.0,15530.8,-0.1838764161666571
2024-10-21,3,15465.0,-0.0064657959394809,2.7128696616225865,0.0,0.0,0.0,0.0,1.0,,,,,,,2.513497357122405,0.0,0.0,0.0,0.0,1.0,,,,,,,,,,,,,2.3536250439350095,0.0,2.0,-0.99999950000025,0.24999996875000394,1.0,0,-0.3222480020623863,15466.0,-0.1287332646755956,15516.0,-0.1221472195435557,15536.0,-0.1793836888974276,15581.0,15507.6,-0.14929283757506778
2024-10-22,4,15560.0,0.6142903330100147,3.4936400175491125,0.0,1.0,-0.9999990000010001,0.11111109876543349,1.0,,,,,,,,,,,,,2.75207246556512,1.0,0.0,0.9999990000010001,0.16666663888889352,1.0,,,,,,,3.1503651909104295,0.0,1.5,-0.999999250000625,0.19444441820988023,2.0,1,-0.0064657959394809,15465.0,-0.3222480020623863,15466.0,-0.1287332646755956,15516.0,-0.166869905654321,15555.0,15508.6,0.006939210157799369
2024-10-23,5,15620.0,0.3856041131105492,,,,,,,,,,,,,,,,,,,3.160445579762916,0.0,0.0,0.0,0.0,2.0,,,,,,,3.373066428540446,0.3333333333333333,0.3333333333333333,0.0,0.08928570227466148,3.0,1,0.6142903330100147,15560.0,-0.0064657959394809,15465.0,-0.3222480020623863,15466.0,-0.1221472195435557,15536.0,15525.4,0.10848947668862034
2024-10-24,4,15593.0,-0.1728553137003818,,,,,,,,,,,,,3.408387937844572,0.5,1.0,-2.499996249460956e-07,0.12937061814758766,2.0,,,,,,,,,,,,,3.5417186790756734,0.0,1.5,-0.999999250000625,0.1464646320273456,2.0,0,0.3856041131105492,15620.0,0.6142903330100147,15560.0,-0.0064657959394809,15465.0,-0.1287332646755956,15516.0,15540.8,0.0996650668836631
2024-10-25,6,15629.0,0.230872827550832,3.5235503188384176,0.0,0.5,-0.49999950000050003,0.049999995000000505,2.0,,,,,,,2.887472328865269,0.0,0.0,0.0,0.0,2.0,,,,,,,,,,,,,3.5342122876499262,0.0,1.0,-0.9999990000010001,0.17142854122449525,2.0,1,-0.1728553137003818,15593.0,0.3856041131105492,15620.0,0.6142903330100147,15560.0,-0.3222480020623863,15466.0,15573.4,0.21028923280630676
2024-10-28,5,15729.0,0.639836201932309,2.7614155104665885,0.0,2.0,-0.99999950000025,0.277777737654327,2.0,,,,,,,2.8410602492467962,0.0,1.0,-0.6666661666670833,0.12962961213992016,3.0,,,,,,,,,,,,,3.5432040290257496,0.0,0.0,0.0,0.0,1.0,1,0.230872827550832,15629.0,-0.1728553137003818,15593.0,0.3856041131105492,15620.0,-0.0064657959394809,15465.0,15626.2,0.3395496323806647
2024-10-30,8,15732.0,-0.1776649746192848,,,,,,,,,,,,,3.5435809662238524,0.0,0.0,0.0,0.0,2.0,2.92849127492983,0.0,1.0,-0.9999990000010001,0.199999960000008,1.0,,,,,,,3.1663042292074763,0.0,0.2,-0.1999998000002,0.024999996875000395,5.0,0,0.639836201932309,15729.0,0.230872827550832,15629.0,-0.1728553137003818,15593.0,0.6142903330100147,15560.0,15660.6,0.18115857085480486
2024-10-31,4,15705.0,-0.1716247139588067,,,,,,,,,,,,,,,,,,,,,,,,,,,,,,,2.8268155475148866,0.25,0.25,0.0,0.060714278112245876,4.0,0,-0.1776649746192848,15732.0,0.639836201932309,15729.0,0.230872827550832,15629.0,0.3856041131105492,15620.0,15677.6,0.06971280544093365
2024-11-01,6,15723.0,0.1146131805157546,,,,,,,,,,,,,,,,,,,3.3636513669466845,0.0,0.0,0.0,0.0,1.0,,,,,,,3.4867977674962995,0.2,0.8,-0.39999970000025,0.10634919455152567,5.0,1,-0.1716247139588067,15705.0,-0.1776649746192848,15732.0,0.639836201932309,15729.0,-0.1728553137003818,15593.0,15703.6,0.12720650428416094
2024-11-04,2,15751.0,0.1780830630286889,,,,,,,,,,,,,2.7501134033006682,0.0,0.0,0.0,0.0,1.0,,,,,,,,,,,,,4.481801870135539,1.0,1.0,0.0,0.16666665277777895,1.0,1,0.1146131805157546,15723.0,-0.1716247139588067,15705.0,-0.1776649746192848,15732.0,0.230872827550832,15629.0,15728.0,0.11664855137973232
2024-11-05,6,15766.0,0.0952320487588087,,,,,,,,,,,,,3.095141567022829,0.0,0.5,-0.49999950000050003,0.0643939303833806,4.0,3.3700494216609984,1.0,1.0,0.0,0.16666665277777895,1.0,,,,,,,2.5223631553423087,0.0,1.0,-0.9999990000010001,0.1428571224489825,1.0,1,0.1780830630286889,15751.0,0.1146131805157546,15723.0,-0.1716247139588067,15705.0,0.639836201932309,15729.0,15735.4,0.007727720745032274
2024-11-07,11,15767.0,-0.4608585858585812,3.568295122959852,0.0,0.0,0.0,0.0,1.0,2.8628559643018288,0.0,0.0,0.0,0.0,1.0,3.0587872383993817,0.25,0.625,-0.24999981250015624,0.10531654541402857,8.0,,,,,,,,,,,,,3.10056676209585,0.25,0.75,-0.49999950000050003,0.11249998718750148,4.0,0,0.0952320487588087,15766.0,0.1780830630286889,15751.0,0.1146131805157546,15723.0,-0.1776649746192848,15732.0,15742.4,-0.048911001502827005
2024-11-08,8,15671.0,-0.6088666201560233,,,,,,,3.2523696227258303,0.0,1.0,-0.9999990000010001,0.07692307100591762,1.0,3.12431305281991,0.0,0.5,-0.49999950000050003,0.06923075775148141,4.0,,,,,,,,,,,,,3.281267589694435,0.0,0.5,-0.49999950000050003,0.07291665581597387,4.0,0,-0.4608585858585812,15767.0,0.0952320487588087,15766.0,0.1780830630286889,15751.0,-0.1716247139588067,15705.0,15735.6,-0.13635938274227033
2024-11-11,11,15677.0,0.0382872822410895,3.2712833534917833,0.0,2.0,-0.99999950000025,0.1818181652892577,1.0,,,,,,,3.3534752806285213,0.0,0.5,-0.49999950000050003,0.05494504836372503,4.0,,,,,,,,,,,,,3.2455835139956646,0.14285714285714285,0.14285714285714285,0.0,0.021978020287405035,7.0,1,-0.6088666201560233,15671.0,-0.4608585858585812,15767.0,0.0952320487588087,15766.0,0.1146131805157546,15723.0,15726.4,-0.15162456239720337
2024-11-12,1,15771.0,0.5996045161701824,,,,,,,,,,,,,2.318589305345118,0.0,2.0,-0.99999950000025,0.33333327777778704,1.0,,,,,,,,,,,,,,,,,,,1,0.0382872822410895,15677.0,-0.6088666201560233,15671.0,-0.4608585858585812,15767.0,0.1780830630286889,15751.0,15730.4,-0.06732027176890468
2024-11-13,6,15782.0,0.0697482721450759,,,,,,,,,,,,,2.818346659976819,0.5,1.0,-0.49999950000050003,0.15656564008774793,2.0,3.3968785137953774,0.0,1.0,-0.9999990000010001,0.11111109876543349,1.0,,,,,,,3.353128249364053,0.0,0.5,-0.49999950000050003,0.045454541322314426,4.0,1,0.5996045161701824,15771.0,0.0382872822410895,15677.0,-0.6088666201560233,15671.0,0.0952320487588087,15766.0,15733.6,-0.07241702709165122
2024-11-14,9,15873.0,0.5766062602965416,,,,,,,,,,,,,2.672646289417963,1.0,0.0,0.9999990000010001,0.1428571224489825,1.0,,,,,,,,,,,,,3.3815742427435866,0.0,0.375,-0.37499962500037504,0.059374988984377326,8.0,1,0.0697482721450759,15782.0,0.5996045161701824,15771.0,0.0382872822410895,15677.0,-0.4608585858585812,15767.0,15754.8,0.13507594213937332
2024-11-15,6,15888.0,0.094500094500094,,,,,,,,,,,,,2.908626641507141,0.0,0.0,0.0,0.0,1.0,3.323818727337389,0.0,0.0,0.0,0.0,1.0,,,,,,,3.4154180838205366,0.0,0.75,-0.4999996250003125,0.08680554547646724,4.0,1,0.5766062602965416,15873.0,0.0697482721450759,15782.0,0.5996045161701824,15771.0,-0.6088666201560233,15671.0,15798.2,0.2757492850705968
2024-11-18,5,15848.0,-0.2517623363544774,,,,,,,,,,,,,2.942412522543345,0.5,0.0,0.49999950000050003,0.08333331944444676,2.0,3.0621712286115246,0.0,2.0,-0.99999950000025,0.285714244897965,1.0,,,,,,,3.613310202394878,0.0,0.0,0.0,0.0,3.0,0,0.094500094500094,15888.0,0.5766062602965416,15873.0,0.0697482721450759,15782.0,0.0382872822410895,15677.0,15832.4,0.2177393613514834
2024-11-19,1,15816.0,-0.2019182231196348,3.077110823734183,0.0,2.0,-0.99999950000025,0.24999996875000394,1.0,,,,,,,,,,,,,,,,,,,,,,,,,,,,,,,0,-0.2517623363544774,15848.0,0.094500094500094,15888.0,0.5766062602965416,15873.0,0.5996045161701824,15771.0,15841.4,0.057434813493519976
2024-11-20,8,15858.0,0.2655538694992465,3.0866737914982094,0.0,0.0,0.0,0.0,2.0,,,,,,,3.4934772219732118,0.5,0.25,0.24999975000025002,0.09374998828125147,4.0,3.3516886502918797,0.0,0.0,0.0,0.0,1.0,,,,,,,3.857599266916154,0.0,1.0,-0.9999990000010001,0.11111109876543349,1.0,1,-0.2019182231196348,15816.0,-0.2517623363544774,15848.0,0.094500094500094,15888.0,0.0697482721450759,15782.0,15856.6,0.09659593296435409
2024-11-22,4,15911.0,-0.1944548990089112,,,,,,,,,,,,,3.1015822814514844,1.0,0.0,0.9999990000010001,0.11111109876543349,1.0,,,,,,,,,,,,,3.5029138797013673,0.0,0.3333333333333333,-0.33333300000033333,0.03703703292181116,3.0,0,0.2655538694992465,15858.0,-0.2019182231196348,15816.0,-0.2517623363544774,15848.0,0.5766062602965416,15873.0,15864.2,-0.05761629889673647
2024-11-25,6,15864.0,-0.2953931242536622,2.826460606384016,0.0,0.5,-0.49999950000050003,0.062499992187500984,2.0,,,,,,,3.7992565133518044,0.0,0.0,0.0,0.0,1.0,3.303475626598104,0.0,0.0,0.0,0.0,1.0,,,,,,,3.702004563489052,0.0,0.5,-0.49999950000050003,0.03846153550295881,2.0,0,-0.1944548990089112,15911.0,0.2655538694992465,15858.0,-0.2019182231196348,15816.0,0.094500094500094,15888.0,15859.4,-0.1355949426474877
2024-11-26,5,15930.0,0.4160363086233021,,,,,,,,,,,,,3.8769176045545013,0.0,0.6666666666666666,-0.6666660000006667,0.07792206836453712,3.0,3.2546707810224533,1.0,0.0,0.9999990000010001,0.1428571224489825,1.0,,,,,,,3.8278347795825898,0.0,0.0,0.0,0.0,1.0,1,-0.2953931242536622,15864.0,-0.1944548990089112,15911.0,0.2655538694992465,15858.0,-0.2517623363544774,15848.0,15875.8,-0.0020352136519318
2024-11-28,24,15864.0,-0.4143126177024503,2.5259769647089043,0.0,0.0,0.0,0.0,1.0,,,,,,,3.454368272148024,0.3333333333333333,0.75,-0.361110768518855,0.14374997968557404,12.0,3.2321814696915694,0.0,1.0,-0.9999990000010001,0.11111109876543349,1.0,,,,,,,3.402965249770928,0.25,0.4166666666666667,-0.16666650000016667,0.07751321832997508,12.0,0,0.4160363086233021,15930.0,-0.2953931242536622,15864.0,-0.1944548990089112,15911.0,-0.2019182231196348,15816.0,15885.4,-0.0445140925684949
2024-11-29,4,15856.0,-0.0504286434694911,2.8781091159345666,0.0,0.0,0.0,0.0,1.0,,,,,,,2.947118791504067,0.0,0.6666666666666666,-0.6666660000006667,0.07792206836453712,3.0,,,,,,,,,,,,,,,,,,,0,-0.4143126177024503,15864.0,0.4160363086233021,15930.0,-0.2953931242536622,15864.0,0.2655538694992465,15858.0,15885.0,-0.10771059516224242
2024-12-02,1,15905.0,0.3090312815338114,,,,,,,,,,,,,,,,,,,,,,,,,,,,,,,3.2109907166952287,0.0,0.0,0.0,0.0,1.0,1,-0.0504286434694911,15856.0,-0.4143126177024503,15864.0,0.4160363086233021,15930.0,-0.1944548990089112,15911.0,15883.8,-0.007013359053697899
2024-12-03,4,15950.0,0.2829298962590432,2.443023472200545,0.0,1.0,-0.499999750000125,0.199999960000008,2.0,,,,,,,,,,,,,,,,,,,,,,,,,3.15760831350185,0.0,1.0,-0.499999750000125,0.1428571224489825,2.0,1,0.3090312815338114,15905.0,-0.0504286434694911,15856.0,-0.4143126177024503,15864.0,-0.2953931242536622,15864.0,15901.0,0.10865124504884319
2024-12-04,1,15957.0,0.0438871473354307,,,,,,,,,,,,,,,,,,,,,,,,,,,,,,,3.5986386445790477,0.0,1.0,-0.9999990000010001,0.11111109876543349,1.0,1,0.2829298962590432,15950.0,0.3090312815338114,15905.0,-0.0504286434694911,15856.0,0.4160363086233021,15930.0,15906.4,0.03422141279126889
2024-12-05,8,15892.0,-0.4073447389860263,,,,,,,,,,,,,3.418345307113991,0.0,0.3333333333333333,-0.33333300000033333,0.033333330000000334,3.0,,,,,,,2.9433929074689136,0.0,0.0,0.0,0.0,2.0,3.4459191439902814,0.0,0.75,-0.4999996250003125,0.11309522094671462,4.0,0,0.0438871473354307,15957.0,0.2829298962590432,15950.0,0.3090312815338114,15905.0,-0.4143126177024503,15864.0,15912.0,0.03561498853455369
2024-12-06,4,15848.0,-0.2768688648376538,,,,,,,,,,,,,,,,,,,2.9398602597095786,0.0,1.0,-0.9999990000010001,0.18333329944445076,2.0,2.947824030707996,0.0,2.0,-0.99999950000025,0.24999996875000394,1.0,3.890656006977367,0.0,0.0,0.0,0.0,1.0,0,-0.4073447389860263,15892.0,0.0438871473354307,15957.0,0.2829298962590432,15950.0,-0.0504286434694911,15856.0,15910.4,-0.00967305573907885
2024-12-09,8,15861.0,0.0820292781423592,3.43007974343083,0.0,0.5,-0.49999950000050003,0.05555554938271674,2.0,,,,,,,3.512447690342296,0.5,1.0,-0.49999950000050003,0.1805555337577187,2.0,3.7497882590220426,0.0,1.0,-0.9999990000010001,0.06666666222222252,1.0,2.970766318040977,0.0,1.0,-0.9999990000010001,0.12499998437500197,1.0,3.2688218738958903,0.3333333333333333,0.6666666666666666,-1.6666641663073042e-07,0.1428571224489825,3.0,1,-0.2768688648376538,15848.0,-0.4073447389860263,15892.0,0.0438871473354307,15957.0,0.3090312815338114,15905.0,15901.6,-0.055073456417369285
2024-12-10,1,15874.0,0.081962045268269,,,,,,,,,,,,,,,,,,,,,,,,,,,,,,,4.044579990076452,0.0,0.0,0.0,0.0,1.0,1,0.0820292781423592,15861.0,-0.2768688648376538,15848.0,-0.4073447389860263,15892.0,0.2829298962590432,15950.0,15886.4,-0.09526702661552414
2024-12-11,7,15905.0,0.1952878921506862,,,,,,,,,,,,,3.047408426096674,0.0,0.5,-0.49999950000050003,0.049999995000000505,2.0,,,,,,,,,,,,,3.445136975774267,0.2,0.2,0.0,0.04999999375000079,5.0,1,0.081962045268269,15874.0,0.0820292781423592,15861.0,-0.2768688648376538,15848.0,0.0438871473354307,15957.0,15876.0,-0.06498687765247302
2024-12-12,9,15939.0,0.2137692549512682,,,,,,,,,,,,,2.706706123890149,1.0,0.0,0.9999990000010001,0.12499998437500197,1.0,,,,,,,,,,,,,3.1773557348800514,0.0,0.25,-0.24999975000025002,0.04374999093750208,8.0,1,0.1952878921506862,15905.0,0.081962045268269,15874.0,0.0820292781423592,15861.0,-0.4073447389860263,15892.0,15885.4,0.05923592113498588
2024-12-13,8,15987.0,0.3011481272350735,,,,,,,,,,,,,,,,,,,,,,,,,,,,,,,3.3690679248444866,0.125,0.75,-0.4999995625004063,0.10813490718498217,8.0,1,0.2137692549512682,15939.0,0.1952878921506862,15905.0,0.081962045268269,15874.0,-0.2768688648376538,15848.0,15913.2,0.17483931954953133
2024-12-16,7,16019.0,0.2001626321386229,3.1571477943140156,0.0,1.0,-0.9999990000010001,0.1428571224489825,1.0,,,,,,,3.0050759666130897,0.0,0.0,0.0,0.0,1.0,,,,,,,3.248937318196642,0.0,0.0,0.0,0.0,1.0,3.222040849133791,0.0,0.5,-0.49999950000050003,0.07142856122449125,4.0,1,0.3011481272350735,15987.0,0.2137692549512682,15939.0,0.1952878921506862,15905.0,0.0820292781423592,15861.0,15944.8,0.1984659903487841
2024-12-18,6,16100.0,0.3115264797507677,,,,,,,,,,,,,3.189453498315462,0.0,0.0,0.0,0.0,1.0,,,,,,,,,,,,,3.32390435884068,0.0,0.6666666666666666,-0.33333316666675,0.0611111054629635,6.0,1,0.2001626321386229,16019.0,0.3011481272350735,15987.0,0.2137692549512682,15939.0,0.081962045268269,15874.0,15990.0,0.24437887724528382
2024-12-19,4,16277.0,1.0993788819875672,,,,,,,,,,,,,,,,,,,,,,,,,,,,,,,3.1771564483238457,0.0,1.0,-0.9999990000010001,0.13839283793048734,4.0,1,0.3115264797507677,16100.0,0.2001626321386229,16019.0,0.3011481272350735,15987.0,0.1952878921506862,15905.0,16064.4,0.42519707521266004
2024-12-20,5,16270.0,-0.0430054678380531,,,,,,,,,,,,,3.438846871394046,0.0,0.0,0.0,0.0,1.0,,,,,,,,,,,,,3.4261249655774204,0.0,0.25,-0.24999975000025002,0.024999997500000253,4.0,0,1.0993788819875672,16277.0,0.3115264797507677,16100.0,0.2001626321386229,16019.0,0.2137692549512682,15939.0,16130.6,0.37384213065479577
2024-12-23,8,16159.0,-0.6822372464658888,3.6437648372505933,0.0,0.0,0.0,0.0,1.0,,,,,,,3.6092075863058084,0.0,0.0,0.0,0.0,1.0,,,,,,,,,,,,,3.3579259567223776,0.16666666666666666,0.16666666666666666,0.0,0.04232803686906933,6.0,0,-0.0430054678380531,16270.0,1.0993788819875672,16277.0,0.3115264797507677,16100.0,0.3011481272350735,15987.0,16165.0,0.17716505591460327
2024-12-24,1,16208.0,0.3032365864224173,,,,,,,,,,,,,2.8871272104715877,0.0,1.0,-0.9999990000010001,0.11111109876543349,1.0,,,,,,,,,,,,,,,,,,,1,-0.6822372464658888,16159.0,-0.0430054678380531,16270.0,1.0993788819875672,16277.0,0.2001626321386229,16019.0,16202.8,0.19777984677136215
2024-12-27,2,16251.0,0.2653010858835181,,,,,,,,,,,,,,,,,,,,,,,,,,,,,,,3.6979415394956785,0.5,0.5,0.0,0.15555552938272074,2.0,1,0.3032365864224173,16208.0,-0.6822372464658888,16159.0,-0.0430054678380531,16270.0,0.3115264797507677,16100.0,16233.0,0.18853476799791222
2024-12-31,1,16157.0,-0.030936765251821,,,,,,,,,,,,,,,,,,,3.1158970688515586,0.0,0.0,0.0,0.0,1.0,,,,,,,,,,,,,0,0.2653010858835181,16251.0,0.3032365864224173,16208.0,-0.6822372464658888,16159.0,1.0993788819875672,16277.0,16209.0,-0.037528361449965394
2025-01-02,3,16236.0,0.4889521569598321,3.1143392781542505,0.0,2.0,-0.99999950000025,0.19999998000000202,1.0,2.392469229756424,0.0,1.0,-0.9999990000010001,0.11111109876543349,1.0,3.7498808550913862,1.0,2.0,-0.33333322222225925,0.2727272479338866,1.0,,,,,,,,,,,,,,,,,,,1,-0.030936765251821,16157.0,0.2653010858835181,16251.0,0.3032365864224173,16208.0,-0.0430054678380531,16270.0,16202.2,0.06886316350961164
2025-01-06,2,16193.0,-0.1479928470123903,,,,,,,,,,,,,3.8733338426751107,0.0,0.0,0.0,0.0,1.0,,,,,,,,,,,,,2.931872275506972,0.0,0.0,0.0,0.0,1.0,0,0.4889521569598321,16236.0,-0.030936765251821,16157.0,0.2653010858835181,16251.0,-0.6822372464658888,16159.0,16209.0,0.1757120434003113
2025-01-07,5,16169.0,-0.1482121904526678,2.9038180789822365,0.0,0.0,0.0,0.0,2.0,,,,,,,2.6859583226914063,0.0,0.0,0.0,0.0,2.0,,,,,,,,,,,,,2.7833325767523815,0.0,0.5,-0.49999950000050003,0.099999980000004,2.0,0,-0.1479928470123903,16193.0,0.4889521569598321,16236.0,-0.030936765251821,16157.0,0.3032365864224173,16208.0,16201.2,0.08542228802529432
2025-01-08,7,16201.0,0.1979095800606067,2.552350678020625,0.0,0.0,0.0,0.0,1.0,,,,,,,3.080044897879713,0.0,0.0,0.0,0.0,1.0,,,,,,,,,,,,,3.2350998281070926,0.0,0.3333333333333333,-0.33333300000033333,0.03896103418226856,6.0,1,-0.1482121904526678,16169.0,-0.1479928470123903,16193.0,0.4889521569598321,16236.0,0.2653010858835181,16251.0,16191.2,0.07194398686071204
2025-01-09,11,16238.0,0.2283809641380196,,,,,,,,,,,,,3.0506997505444526,0.0,0.6666666666666666,-0.6666660000006667,0.07407406584362232,3.0,,,,,,,,,,,,,3.419145123312064,0.2222222222222222,1.1111111111111112,-0.5555551296300032,0.18024688713306317,9.0,1,0.1979095800606067,16201.0,-0.1482121904526678,16169.0,-0.1479928470123903,16193.0,-0.030936765251821,16157.0,16207.4,0.12380753273868014
2025-01-10,1,16194.0,-0.2709693311984229,,,,,,,,,,,,,,,,,,,,,,,,,,,,,,,3.135169474246961,0.0,1.0,-0.9999990000010001,0.16666663888889352,1.0,0,0.2283809641380196,16238.0,0.1979095800606067,16201.0,-0.1482121904526678,16169.0,0.4889521569598321,16236.0,16199.0,-0.02817676489297085
2025-01-13,6,16281.0,0.5372360133382825,2.470711366663952,0.0,0.5,-0.49999950000050003,0.05555554938271674,2.0,3.477608353213745,0.0,0.0,0.0,0.0,1.0,3.657949057202158,0.0,0.0,0.0,0.0,1.0,3.477608353213745,0.0,0.0,0.0,0.0,1.0,,,,,,,2.5760523948766942,0.5,0.0,0.49999950000050003,0.062499992187500984,2.0,1,-0.2709693311984229,16194.0,0.2283809641380196,16238.0,0.1979095800606067,16201.0,-0.1479928470123903,16193.0,16216.6,0.10886900717716372
2025-01-14,5,16265.0,-0.0982740617898159,,,,,,,,,,,,,,,,,,,,,,,,,,,,,,,3.9159498388244165,0.2,0.6,-0.2666664444446519,0.1190476012471682,5.0,0,0.5372360133382825,16281.0,-0.2709693311984229,16194.0,0.2283809641380196,16238.0,-0.1482121904526678,16169.0,16235.8,0.11885663290973411
2025-01-15,10,16311.0,0.2828158622809607,,,,,,,,,,,,,2.844897854456657,0.0,0.0,0.0,0.0,1.0,,,,,,,,,,,,,3.5445334091137726,0.0,0.2222222222222222,-0.11111105555558333,0.044444435555557334,9.0,1,-0.0982740617898159,16265.0,0.5372360133382825,16281.0,-0.2709693311984229,16194.0,0.1979095800606067,16201.0,16257.8,0.1358378893538049
2025-01-16,15,16378.0,0.4107657409110343,3.0115497561077866,0.6666666666666666,0.6666666666666666,-0.22222192592624693,0.17989415537079367,3.0,,,,,,,3.356271602159494,1.0,1.0,0.0,0.24999996875000394,1.0,,,,,,,,,,,,,3.212654939903588,0.0,0.36363636363636365,-0.27272704545474996,0.07142855635436329,11.0,1,0.2828158622809607,16311.0,-0.0982740617898159,16265.0,0.5372360133382825,16281.0,0.2283809641380196,16238.0,16285.8,0.17231484470840783
2025-01-17,12,16373.0,-0.0305287580901203,,,,,,,2.969327510977983,0.0,0.3333333333333333,-0.33333300000033333,0.033333330000000334,3.0,3.066028847346169,0.0,0.6666666666666666,-0.6666660000006667,0.05555555092592632,3.0,,,,,,,,,,,,,3.1331276641328927,0.0,0.8333333333333334,-0.8333325000008335,0.114748661154549,6.0,0,0.4107657409110343,16378.0,0.2828158622809607,16311.0,-0.0982740617898159,16265.0,-0.2709693311984229,16194.0,16321.6,0.22040295933006834
2025-01-20,3,16372.0,-0.0061076161973927,,,,,,,,,,,,,3.142387981418539,0.3333333333333333,1.0,-0.44444407407441977,0.12424241264462921,3.0,,,,,,,,,,,,,,,,,,,0,-0.0305287580901203,16373.0,0.4107657409110343,16378.0,0.2828158622809607,16311.0,0.5372360133382825,16281.0,16339.8,0.11173423342293332
2025-01-21,4,16331.0,-0.2504275592474903,,,,,,,,,,,,,3.343969524355093,0.0,0.25,-0.24999975000025002,0.022727270661157213,4.0,,,,,,,,,,,,,,,,,,,0,-0.0061076161973927,16372.0,-0.0305287580901203,16373.0,0.4107657409110343,16378.0,-0.0982740617898159,16265.0,16353.0,0.08130353393139846
2025-01-22,13,16327.0,-0.0244932949605036,3.419600817838468,0.5,2.0,-0.6666663611112547,0.2708333029513924,2.0,,,,,,,3.3104447881630836,0.25,0.5,-0.11111106018520911,0.08396463651668322,12.0,3.4575492795711575,1.0,0.0,0.9999990000010001,0.09090908264462885,1.0,,,,,,,3.4331417025224495,0.0,0.6666666666666666,-0.6666660000006667,0.06944443692129715,3.0,0,-0.2504275592474903,16331.0,-0.0061076161973927,16372.0,-0.0305287580901203,16373.0,0.2828158622809607,16311.0,16356.2,0.0198417024831056
2025-01-23,8,16276.0,-0.3123660194769395,3.413563983998314,0.0,0.6666666666666666,-0.6666660000006667,0.06666666000000067,3.0,3.5548208640982466,0.0,1.0,-0.9999990000010001,0.09999999000000101,1.0,3.4198496109162413,0.2,0.4,-0.1999998000002,0.0755555455308656,5.0,,,,,,,,,,,,,2.5243668017650975,0.0,1.0,-0.9999990000010001,0.1428571224489825,1.0,0,-0.0244932949605036,16327.0,-0.2504275592474903,16331.0,-0.0061076161973927,16372.0,0.4107657409110343,16378.0,16335.8,-0.12478464959448914
2025-01-24,7,16200.0,-0.4669451953796977,2.8339833002268136,1.0,0.5,0.16666661111112963,0.18749997656250295,2.0,2.6912102120321855,1.0,1.0,0.0,0.285714244897965,1.0,2.7013943221339085,0.0,0.0,0.0,0.0,2.0,3.8419045641153122,0.0,0.0,0.0,0.0,1.0,,,,,,,3.735238788109973,1.0,0.0,0.9999990000010001,0.1499999750000045,2.0,0,-0.3123660194769395,16276.0,-0.0244932949605036,16327.0,-0.2504275592474903,16331.0,-0.0305287580901203,16373.0,16301.2,-0.21206793705240465
2025-01-30,16,16259.0,0.3641975308642076,3.1444768922590534,1.5,0.5,0.24999993750001562,0.14285713265306196,2.0,,,,,,,3.0809971458573324,0.2,0.4,-0.1999998000002,0.06999999175000099,5.0,,,,,,,,,,,,,3.271197911218035,0.1111111111111111,0.6666666666666666,-0.3333331111112778,0.08518517584362244,9.0,1,-0.4669451953796977,16200.0,-0.3123660194769395,16276.0,-0.0244932949605036,16327.0,-0.0061076161973927,16372.0,16278.6,-0.13800690764008458
2025-01-31,2,16312.0,0.3259733070914539,,,,,,,,,,,,,4.66112742208339,0.0,0.0,0.0,0.0,1.0,,,,,,,,,,,,,3.260385337525047,0.0,1.0,-0.9999990000010001,0.08333332638888948,1.0,1,0.3641975308642076,16259.0,-0.4669451953796977,16200.0,-0.3123660194769395,16276.0,-0.2504275592474903,16331.0,16274.8,-0.022726734372295755
2025-02-03,30,16453.0,0.8643943109367447,3.3090333314025075,0.0,0.0,0.0,0.0,1.0,,,,,,,3.1454763579697973,0.1111111111111111,0.48148148148148145,-0.3086416934159078,0.060555693162821334,27.0,,,,,,,,,,,,,3.0385448982863634,0.25,0.25,0.0,0.05902777078510886,4.0,1,0.3259733070914539,16312.0,0.3641975308642076,16259.0,-0.4669451953796977,16200.0,-0.0244932949605036,16327.0,16300.0,0.1550507868071539
2025-02-04,44,16365.0,-0.5348568650094254,3.7915199942574245,0.0,1.0,-0.9999990000010001,0.16666663888889352,1.0,,,,,,,3.237243433672438,0.09523809523809523,0.47619047619047616,-0.28571403968276854,0.06741736281622494,42.0,,,,,,,,,,,,,3.46415704413533,0.0,0.5,-0.2499998750000625,0.05555554938271674,4.0,0,0.8643943109367447,16453.0,0.3259733070914539,16312.0,0.3641975308642076,16259.0,-0.3123660194769395,16276.0,16317.8,0.11055261770065669
2025-02-05,16,16308.0,-0.3483043079743342,3.274785162573205,0.2,1.2,-0.39999989999995,0.14999998356481667,5.0,,,,,,,3.256636733085547,0.125,1.0,-0.5208329826391568,0.13298609459587407,16.0,3.2623964356078874,0.0,2.0,-0.99999950000025,0.16666665277777895,1.0,,,,,,,2.9514025466856517,0.0,1.0,-0.9999990000010001,0.12499998437500197,1.0,0,-0.5348568650094254,16365.0,0.8643943109367447,16453.0,0.3259733070914539,16312.0,-0.4669451953796977,16200.0,16339.4,0.1342807951817294
2025-02-06,15,16330.0,0.1349031150355673,3.9968637472047392,0.0,1.5,-0.4999998333333889,0.1499999850000015,2.0,,,,,,,3.0937712672939273,0.0,0.5384615384615384,-0.3076920897437714,0.05747862630045176,13.0,3.125145033790167,0.0,0.0,0.0,0.0,1.0,,,,,,,3.504185747652096,0.0,1.3333333333333333,-0.6666662222225926,0.13333332000000134,3.0,1,-0.3483043079743342,16308.0,-0.5348568650094254,16365.0,0.8643943109367447,16453.0,0.3641975308642076,16259.0,16353.6,0.08842191201600134
2025-02-07,12,16325.0,-0.0306184935701114,2.7799860159061063,0.0,1.0,-0.499999750000125,0.09090908264462885,2.0,2.9026161423116394,0.0,0.0,0.0,0.0,1.0,2.921213411091291,0.1111111111111111,0.3333333333333333,-0.22222200000022224,0.04589268268292823,9.0,,,,,,,,,,,,,4.457184878464975,0.0,0.5,-0.49999950000050003,0.04166666319444474,2.0,0,0.1349031150355673,16330.0,-0.3483043079743342,16308.0,-0.5348568650094254,16365.0,0.3259733070914539,16312.0,16356.2,0.01710355188368829
2025-02-10,12,16350.0,0.153139356814691,3.162754418119785,0.0,0.3333333333333333,-0.33333300000033333,0.033333330000000334,3.0,,,,,,,3.648251475897925,0.0,1.0,-0.9999990000010001,0.12052667999310597,7.0,,,,,,,,,,,,,3.2869440669134073,0.0,0.5,-0.49999950000050003,0.09166664972222538,4.0,1,-0.0306184935701114,16325.0,0.1349031150355673,16330.0,-0.3483043079743342,16308.0,0.8643943109367447,16453.0,16335.6,-0.12514743894072244
2025-02-11,11,16380.0,0.1834862385321045,,,,,,,,,,,,,3.517166369151353,0.0,0.5454545454545454,-0.36363606060634346,0.05674930438183589,11.0,,,,,,,,,,,,,3.100506116226181,0.0,0.5,-0.49999950000050003,0.099999980000004,2.0,1,0.153139356814691,16350.0,-0.0306184935701114,16325.0,0.1349031150355673,16330.0,-0.5348568650094254,16365.0,16338.6,0.018521181767583533
2025-02-12,18,16364.0,-0.0976800976800973,3.2949910740307353,0.0,1.0,-0.6666661666670833,0.08838383055938238,3.0,3.219821200616887,0.0,0.0,0.0,0.0,1.0,3.1928432473395567,0.25,0.3333333333333333,-0.08333325000008333,0.07011182349207648,12.0,3.1134373959472343,0.0,0.0,0.0,0.0,1.0,,,,,,,3.577493223288758,0.0,0.42857142857142855,-0.28571407142875,0.0497835434540216,7.0,0,0.1834862385321045,16380.0,0.153139356814691,16350.0,-0.0306184935701114,16325.0,-0.3483043079743342,16308.0,16349.8,0.0686460238264309
2025-02-13,22,16365.0,0.0061109753116683,2.4728911643037583,0.25,0.5,-0.24999975000025002,0.12777775469136238,4.0,,,,,,,3.407395271699051,0.14285714285714285,0.42857142857142855,-0.28571400000028574,0.06457430716572375,7.0,,,,,,,,,,,,,3.3269102077783597,0.07692307692307693,0.5384615384615384,-0.38461503846186534,0.08910254976317923,13.0,1,-0.0976800976800973,16364.0,0.1834862385321045,16380.0,0.153139356814691,16350.0,0.1349031150355673,16330.0,16356.8,0.04288759588165111
2025-02-14,19,16285.0,-0.488848151542931,3.488480790303404,0.0,0.0,0.0,0.0,1.0,,,,,,,3.261023562779239,0.07142857142857142,0.42857142857142855,-0.14285708333335911,0.06298700431960426,14.0,,,,,,,,,,,,,3.3718295080711216,0.0,0.2,-0.1999998000002,0.0285714244897965,5.0,0,0.0061109753116683,16365.0,-0.0976800976800973,16364.0,0.1834862385321045,16380.0,-0.0306184935701114,16325.0,16348.8,-0.04875833571291281
2025-02-17,8,16208.0,-0.4728277556033111,2.8369272302871926,0.0,0.6666666666666666,-0.33333316666675,0.06060605509641923,3.0,,,,,,,2.7814521917699966,0.0,1.3333333333333333,-0.6666663333335,0.14999998291666863,3.0,,,,,,,,,,,,,2.838467741573421,0.0,0.6666666666666666,-0.33333316666675,0.08333332291666798,3.0,0,-0.488848151542931,16285.0,0.0061109753116683,16365.0,-0.0976800976800973,16364.0,0.153139356814691,16350.0,16320.4,-0.17395175819651323
2025-02-18,2,16275.0,0.4133761105626909,,,,,,,,,,,,,3.0264752888321653,0.0,0.0,0.0,0.0,1.0,,,,,,,,,,,,,3.518952071716454,1.0,1.0,0.0,0.22222219753086697,1.0,1,-0.4728277556033111,16208.0,-0.488848151542931,16285.0,0.0061109753116683,16365.0,0.1834862385321045,16380.0,16299.4,-0.12797378379039595
2025-02-19,10,16357.0,0.5038402457757218,2.9571344459349147,0.0,0.0,0.0,0.0,1.0,,,,,,,3.3135065201545046,0.14285714285714285,0.7142857142857143,-0.4761900317464657,0.1076530473888502,7.0,3.101581474456681,0.0,0.0,0.0,0.0,1.0,,,,,,,2.5205312654459235,0.0,0.0,0.0,0.0,1.0,1,0.4133761105626909,16275.0,-0.4728277556033111,16208.0,-0.488848151542931,16285.0,-0.0976800976800973,16364.0,16298.0,-0.007669715099232111
2025-02-20,9,16344.0,-0.0794766766522014,2.916473250265501,0.0,0.0,0.0,0.0,1.0,,,,,,,3.4244650430058887,0.0,0.625,-0.4999995625004063,0.0618443991758085,8.0,,,,,,,,,,,,,3.6855088256317705,0.0,2.0,-0.99999950000025,0.15384614201183525,1.0,0,0.5038402457757218,16357.0,0.4133761105626909,16275.0,-0.4728277556033111,16208.0,0.0061109753116683,16365.0,16293.8,-0.024787245492006043
