date,news_count,jisdor,return_pct,armed_conflict_tfidf_intensity,armed_conflict_lm_positive,armed_conflict_lm_negative,armed_conflict_lm_tone,armed_conflict_lm_opinion_ratio,armed_conflict_count,sanctions_tfidf_intensity,sanctions_lm_positive,sanctions_lm_negative,sanctions_lm_tone,sanctions_lm_opinion_ratio,sanctions_count,trade_conflict_tfidf_intensity,trade_conflict_lm_positive,trade_conflict_lm_negative,trade_conflict_lm_tone,trade_conflict_lm_opinion_ratio,trade_conflict_count,energy_geopolitics_tfidf_intensity,energy_geopolitics_lm_positive,energy_geopolitics_lm_negative,energy_geopolitics_lm_tone,energy_geopolitics_lm_opinion_ratio,energy_geopolitics_count,political_instability_tfidf_intensity,political_instability_lm_positive,political_instability_lm_negative,political_instability_lm_tone,political_instability_lm_opinion_ratio,political_instability_count,monetary_geoeconomic_tfidf_intensity,monetary_geoeconomic_lm_positive,monetary_geoeconomic_lm_negative,monetary_geoeconomic_lm_tone,monetary_geoeconomic_lm_opinion_ratio,monetary_geoeconomic_count,direction
2021-09-01,1,14284.0,,,,,,,,,,,,,,,,,,,,,,,,,,,,,,,,3.4624237130305393,0.0,1.0,-0.9999990000010001,0.199999960000008,1.0,0
2021-09-02,4,14281.0,-0.0210025203024377,3.051474877004497,0.0,1.0,-0.9999990000010001,0.07692307100591762,1.0,,,,,,,2.794783552186151,0.0,1.0,-0.9999990000010001,0.12499998437500197,1.0,,,,,,,,,,,,,2.983337512746383,0.0,0.5,-0.49999950000050003,0.062499992187500984,2.0,0
2021-09-03,1,14261.0,-0.1400462152510329,,,,,,,,,,,,,,,,,,,,,,,,,,,,,,,2.678179526013949,0.0,1.0,-0.9999990000010001,0.11111109876543349,1.0,0
2021-09-06,2,14239.0,-0.1542668817053449,1.9592815784387208,0.0,0.0,0.0,0.0,1.0,,,,,,,,,,,,,,,,,,,,,,,,,1.9566662878262844,0.0,1.0,-0.9999990000010001,0.12499998437500197,1.0,0
2021-09-08,3,14266.0,0.5001761183515363,,,,,,,,,,,,,,,,,,,,,,,,,2.5767657798027255,0.0,0.0,0.0,0.0,1.0,2.391424653714625,0.0,0.5,-0.49999950000050003,0.12499996875000781,2.0,1
2021-09-09,3,14272.0,0.0420580400953385,2.11982271162479,0.0,0.0,0.0,0.0,1.0,,,,,,,,,,,,,,,,,,,,,,,,,3.041401944783453,0.5,0.0,0.49999950000050003,0.049999995000000505,2.0,1
2021-09-10,4,14225.0,-0.3293161434977598,,,,,,,,,,,,,,,,,,,3.2563076003088725,0.0,0.0,0.0,0.0,1.0,,,,,,,3.222586614127152,0.0,1.0,-0.6666661666670833,0.16190473496599098,3.0,0
2021-09-13,6,14260.0,0.2460456942003475,2.412985836218696,0.0,0.3333333333333333,-0.33333300000033333,0.05555554629629784,3.0,,,,,,,,,,,,,,,,,,,,,,,,,3.359029959375999,0.0,0.0,0.0,0.0,3.0,1
2021-09-14,4,14257.0,-0.0210378681626877,,,,,,,,,,,,,,,,,,,,,,,,,,,,,,,3.379827533342759,0.25,0.0,0.24999975000025002,0.031249996093750492,4.0,0
2021-09-15,7,14252.0,-0.0350704916882937,3.427285713798746,0.0,2.0,-0.99999950000025,0.24999996875000394,1.0,2.117419543808982,0.0,0.0,0.0,0.0,1.0,,,,,,,3.7708065354360567,0.0,0.0,0.0,0.0,1.0,,,,,,,3.5672961890946957,0.25,0.0,0.24999975000025002,0.031249996093750492,4.0,0
2021-09-16,6,14238.0,-0.098231827111983,3.2098138232478384,0.0,0.0,0.0,0.0,2.0,,,,,,,,,,,,,3.6555365766867403,0.0,2.0,-0.99999950000025,0.19999998000000202,1.0,,,,,,,2.735568153853281,0.3333333333333333,0.0,0.33333300000033333,0.066666653333336,3.0,0
2021-09-17,3,14233.0,-0.0351172917544606,,,,,,,1.9181879043304773,0.0,0.0,0.0,0.0,1.0,,,,,,,3.2588069443587715,0.0,0.0,0.0,0.0,1.0,,,,,,,2.4818154150364156,0.0,0.0,0.0,0.0,1.0,0
2021-09-20,4,14251.0,0.126466661982727,,,,,,,,,,,,,,,,,,,,,,,,,,,,,,,3.3809886041003976,0.0,0.25,-0.24999975000025002,0.04166665972222338,4.0,1
2021-09-21,2,14244.0,-0.0491193600449135,3.3934057614044897,0.0,0.5,-0.49999950000050003,0.045454541322314426,2.0,,,,,,,,,,,,,,,,,,,,,,,,,,,,,,,0
2021-09-22,3,14249.0,0.0351024992979454,2.548868404362437,0.0,2.0,-0.99999950000025,0.22222219753086697,1.0,2.572739064748413,0.0,1.0,-0.9999990000010001,0.09999999000000101,1.0,,,,,,,3.3406344479438275,0.0,0.0,0.0,0.0,1.0,,,,,,,,,,,,,1
2021-09-23,8,14256.0,0.0491262544739967,,,,,,,2.935725455895548,0.0,0.0,0.0,0.0,1.0,2.7454767069527297,0.0,1.0,-0.9999990000010001,0.1428571224489825,1.0,,,,,,,,,,,,,3.19003295323672,0.16666666666666666,0.16666666666666666,0.0,0.04232803686906933,6.0,1
2021-09-24,3,14250.0,-0.0420875420875432,,,,,,,,,,,,,,,,,,,,,,,,,,,,,,,2.662059200173815,0.0,0.6666666666666666,-0.33333316666675,0.095238081632655,3.0,0
2021-09-27,4,14258.0,0.0561403508771984,,,,,,,2.3754627971856968,0.0,0.0,0.0,0.0,1.0,,,,,,,3.3635659108152063,0.0,2.0,-0.99999950000025,0.16666665277777895,1.0,,,,,,,2.948136036285259,0.0,0.5,-0.49999950000050003,0.049999995000000505,2.0,1
2021-09-28,5,14269.0,0.077149670360499,,,,,,,,,,,,,,,,,,,,,,,,,,,,,,,3.130762206196337,0.0,0.4,-0.3999996000004,0.04999999375000079,5.0,1
2021-09-29,2,14307.0,0.2663115845539243,,,,,,,,,,,,,,,,,,,,,,,,,,,,,,,3.3617155901132634,0.5,1.5,-3.3333288884662693e-07,0.24999996759259696,2.0,1
2021-09-30,10,14321.0,0.0978541972461055,3.1949425963992097,0.0,0.0,0.0,0.0,1.0,,,,,,,,,,,,,2.9061657032603034,0.0,1.3333333333333333,-0.6666662222225926,0.13852812346095636,3.0,,,,,,,2.7950095294887696,0.0,0.6666666666666666,-0.6666660000006667,0.11944442106481969,6.0,1
2021-10-01,4,14315.0,-0.0418965156064543,,,,,,,,,,,,,,,,,,,,,,,,,,,,,,,3.301121506010548,0.25,0.75,-0.2499998750000625,0.13611109163580537,4.0,0
2021-10-04,5,14276.0,-0.2724414949353826,,,,,,,,,,,,,,,,,,,,,,,,,,,,,,,3.3693055162188004,0.2,0.6,-0.19999990000005,0.1499999708333392,5.0,0
2021-10-05,2,14260.0,-0.1120762118240414,,,,,,,,,,,,,,,,,,,,,,,,,,,,,,,2.9710509440564263,0.0,0.0,0.0,0.0,2.0,0
2021-10-06,4,14245.0,-0.1051893408134607,,,,,,,,,,,,,,,,,,,2.7599319947908016,0.0,1.0,-0.9999990000010001,0.11111109876543349,1.0,,,,,,,3.077102111279489,0.0,0.3333333333333333,-0.33333300000033333,0.0476190408163275,3.0,0
2021-10-07,4,14238.0,-0.0491400491400506,3.1953306838088045,0.0,1.0,-0.9999990000010001,0.11111109876543349,1.0,,,,,,,3.1247976624964355,0.0,0.0,0.0,0.0,2.0,,,,,,,,,,,,,3.155313313157994,1.0,0.0,0.9999990000010001,0.199999960000008,1.0,0
2021-10-08,4,14225.0,-0.0913049585615999,,,,,,,,,,,,,,,,,,,,,,,,,,,,,,,3.1117455592681806,0.25,0.25,0.0,0.077380940334469,4.0,0
2021-10-11,4,14210.0,-0.1054481546572949,2.719839866486417,1.0,1.5,-8.333326390053131e-08,0.43749991406251854,2.0,,,,,,,,,,,,,2.755788361880411,0.0,1.0,-0.9999990000010001,0.12499998437500197,1.0,,,,,,,3.6436328440740864,0.0,1.0,-0.9999990000010001,0.199999960000008,1.0,0
2021-10-12,3,14217.0,0.0492610837438345,2.184178788909252,0.0,0.0,0.0,0.0,1.0,,,,,,,,,,,,,,,,,,,,,,,,,3.35058830039416,0.0,0.0,0.0,0.0,2.0,1
2021-10-13,7,14221.0,0.0281353309418364,,,,,,,,,,,,,,,,,,,,,,,,,,,,,,,3.0189890990123627,0.0,0.2857142857142857,-0.14285707142860712,0.03174602821869528,7.0,1
2021-10-14,8,14155.0,-0.4641023837986036,,,,,,,,,,,,,,,,,,,3.3007341539247816,0.0,1.5,-0.999999250000625,0.19090906264463287,2.0,,,,,,,3.5235727263817442,0.0,0.5,-0.49999950000050003,0.051851846460905925,6.0,0
2021-10-15,5,14084.0,-0.5015895443306273,3.218419943090983,0.0,0.0,0.0,0.0,1.0,,,,,,,,,,,,,3.405138653174693,1.0,1.0,0.0,0.399999920000016,1.0,,,,,,,3.59209619571534,0.3333333333333333,0.6666666666666666,-1.6666641663073042e-07,0.11428570081632816,3.0,0
2021-10-18,2,14096.0,0.0852030673104131,,,,,,,,,,,,,,,,,,,,,,,,,,,,,,,2.8101341271299174,0.0,0.5,-0.49999950000050003,0.062499992187500984,2.0,1
2021-10-19,4,14080.0,-0.1135073779795714,2.4285113736037665,0.0,0.3333333333333333,-0.33333300000033333,0.05555554629629784,3.0,,,,,,,,,,,,,,,,,,,,,,,,,2.7047702977626145,0.0,2.0,-0.99999950000025,0.22222219753086697,1.0,0
2021-10-21,10,14133.0,0.3764204545454452,,,,,,,,,,,,,,,,,,,3.498470001807302,1.0,0.0,0.9999990000010001,0.09999999000000101,1.0,,,,,,,3.322201487595486,0.3333333333333333,0.4444444444444444,-5.555547221024347e-08,0.10714284194696616,9.0,1
2021-10-22,9,14162.0,0.2051935187150633,,,,,,,2.771109846738501,1.0,0.0,0.9999990000010001,0.08333332638888948,1.0,,,,,,,3.4735697869024986,0.5,1.5,-0.499999750000125,0.2111110887654345,2.0,,,,,,,3.02460071103676,0.0,0.6666666666666666,-0.4999995833337083,0.08333332291666798,6.0,1
2021-10-25,5,14183.0,0.1482841406581059,4.156006889866981,0.0,2.0,-0.99999950000025,0.14285713265306196,1.0,,,,,,,,,,,,,,,,,,,,,,,,,3.2871177335272157,0.0,0.25,-0.24999975000025002,0.031249996093750492,4.0,1
2021-10-26,3,14165.0,-0.1269125008813376,3.0640249576355085,0.0,1.0,-0.9999990000010001,0.12499998437500197,1.0,,,,,,,,,,,,,,,,,,,,,,,,,2.88291604722109,0.0,0.5,-0.49999950000050003,0.062499992187500984,2.0,0
2021-10-27,4,14184.0,0.1341334274620464,2.7835003084166097,0.0,1.0,-0.9999990000010001,0.12499998437500197,1.0,,,,,,,,,,,,,,,,,,,2.7835003084166097,0.0,1.0,-0.9999990000010001,0.12499998437500197,1.0,3.2958247830862426,0.0,0.3333333333333333,-0.33333300000033333,0.0476190408163275,3.0,1
2021-10-28,1,14199.0,0.1057529610829055,,,,,,,,,,,,,,,,,,,,,,,,,,,,,,,2.2759668530181107,0.0,0.0,0.0,0.0,1.0,1
2021-10-29,3,14171.0,-0.1971969857032185,,,,,,,3.9048376291970155,0.0,0.0,0.0,0.0,1.0,,,,,,,,,,,,,,,,,,,2.862555824141178,0.0,0.0,0.0,0.0,2.0,0
2021-11-01,11,14235.0,0.4516265612871439,,,,,,,2.4168304893093446,1.0,0.0,0.9999990000010001,0.16666663888889352,1.0,2.8613140158322845,0.0,1.0,-0.9999990000010001,0.09999999000000101,1.0,,,,,,,,,,,,,3.2632430942280384,0.1111111111111111,0.2222222222222222,-0.11111100000011112,0.04351851258487739,9.0,1
2021-11-02,4,14261.0,0.1826484018264906,2.9245235066603175,0.0,0.0,0.0,0.0,1.0,,,,,,,,,,,,,,,,,,,,,,,,,3.1814446196951116,0.0,0.3333333333333333,-0.33333300000033333,0.02777777546296316,3.0,1
2021-11-03,8,14301.0,0.2804852394642676,,,,,,,,,,,,,,,,,,,,,,,,,,,,,,,3.128113102560655,0.0,0.5,-0.24999983333347223,0.07812498763021031,8.0,1
2021-11-04,8,14327.0,0.1818054681490766,,,,,,,,,,,,,,,,,,,3.6753607192613256,1.0,1.0,0.0,0.16666665277777895,1.0,,,,,,,3.30052890805563,0.2857142857142857,0.0,0.14285707142860712,0.025974023612751102,7.0,1
2021-11-05,9,14374.0,0.3280519299225348,2.508428711753657,0.0,0.0,0.0,0.0,2.0,,,,,,,,,,,,,3.1149503383597423,0.0,0.0,0.0,0.0,2.0,2.63287166786435,0.0,0.0,0.0,0.0,1.0,3.148449016892645,0.0,0.2,-0.1999998000002,0.0399999920000016,5.0,1
2021-11-08,10,14268.0,-0.7374426047029314,2.5885783050558593,0.5,0.0,0.49999950000050003,0.08333331944444676,2.0,3.816825589184548,0.0,1.0,-0.9999990000010001,0.07142856632653098,1.0,,,,,,,3.2250701710652274,0.5,0.5,0.0,0.08391607682527324,2.0,,,,,,,2.773294883668597,0.2,0.2,0.0,0.057142848979593,5.0,0
2021-11-09,5,14233.0,-0.2453041771797059,,,,,,,,,,,,,,,,,,,,,,,,,,,,,,,3.5390423345406026,0.4,0.2,0.1999998000002,0.0735714193647971,5.0,0
2021-11-10,6,14253.0,0.1405185133141362,,,,,,,,,,,,,,,,,,,,,,,,,,,,,,,3.4369834364345717,0.3333333333333333,0.16666666666666666,0.16666650000016667,0.09722219849537721,6.0,1
2021-11-11,22,14288.0,0.2455623377534577,,,,,,,,,,,,,,,,,,,,,,,,,2.7227940020149415,0.0,1.0,-0.9999990000010001,0.12499998437500197,1.0,3.217950901603663,0.23809523809523808,0.23809523809523808,0.09523795238111907,0.05467085177295167,21.0,1
2021-11-12,14,14243.0,-0.314949608062709,2.571240276198776,0.0,0.6666666666666666,-0.6666660000006667,0.09999998333333633,3.0,,,,,,,,,,,,,3.042138428403155,1.0,1.0,0.0,0.22222219753086697,1.0,,,,,,,3.0169963537029485,0.2,0.2,0.0,0.0611111015432114,10.0,0
2021-11-15,11,14206.0,-0.2597767324299616,2.141554187963788,0.5,1.5,-0.499999750000125,0.309523761337876,2.0,,,,,,,,,,,,,,,,,,,,,,,,,2.8536407573518825,0.2222222222222222,0.3333333333333333,-5.555547221024347e-08,0.07000406024873386,9.0,0
2021-11-16,15,14211.0,0.0351963958890699,2.8835183254484598,0.0,0.0,0.0,0.0,2.0,2.7756883957898166,0.0,1.0,-0.9999990000010001,0.09999999000000101,1.0,3.520831053568234,0.0,0.0,0.0,0.0,1.0,2.72730920111122,0.0,0.0,0.0,0.0,1.0,,,,,,,3.270143231714234,0.1,0.4,-0.199999850000125,0.0710714179272976,10.0,1
2021-11-17,13,14259.0,0.3377665188938117,3.003582827989394,0.0,0.5,-0.49999950000050003,0.04166666319444474,2.0,2.572240310060875,1.0,0.0,0.9999990000010001,0.09090908264462885,1.0,,,,,,,3.0939053839566117,0.0,0.0,0.0,0.0,1.0,,,,,,,3.4271701699492194,0.3333333333333333,0.2222222222222222,0.11111100000011112,0.0766754738172066,9.0,1
2021-11-18,5,14231.0,-0.1963672066764843,,,,,,,,,,,,,,,,,,,2.5697195021254577,0.0,0.0,0.0,0.0,1.0,,,,,,,2.982884571369863,0.25,0.25,0.0,0.07291665581597387,4.0,0
2021-11-19,4,14237.0,0.0421614784625212,2.5199027902567512,0.0,2.0,-0.99999950000025,0.22222219753086697,1.0,,,,,,,,,,,,,,,,,,,,,,,,,3.076187327687441,0.3333333333333333,0.6666666666666666,-1.6666641663073042e-07,0.14444442259259602,3.0,1
2021-11-22,9,14255.0,0.1264311301538256,,,,,,,,,,,,,,,,,,,,,,,,,,,,,,,3.2985946297933566,0.2222222222222222,0.4444444444444444,-7.407397529925043e-08,0.08139729607316992,9.0,1
2021-11-23,7,14272.0,0.1192564012627128,,,,,,,,,,,,,,,,,,,,,,,,,2.2079541587880125,0.0,1.0,-0.9999990000010001,0.24999993750001562,1.0,3.4444258832961068,0.16666666666666666,0.0,0.16666650000016667,0.01851851646090558,6.0,1
2021-11-24,5,14272.0,0.0,,,,,,,,,,,,,,,,,,,,,,,,,,,,,,,3.4418934411522466,0.4,0.4,0.0,0.11666664930555819,5.0,0
2021-11-25,10,14280.0,0.0560538116591846,2.642580359664518,0.0,0.6666666666666666,-0.6666660000006667,0.08928570227466148,3.0,,,,,,,,,,,,,,,,,,,,,,,,,3.4070740084061306,0.25,0.125,0.12499987500012501,0.062499988281252444,8.0,1
2021-11-26,1,14280.0,0.0,2.9538056824689027,1.0,0.0,0.9999990000010001,0.11111109876543349,1.0,,,,,,,,,,,,,,,,,,,,,,,,,,,,,,,0
2021-11-29,3,14340.0,0.4201680672268892,,,,,,,,,,,,,,,,,,,,,,,,,,,,,,,3.0180051841637225,0.0,0.0,0.0,0.0,3.0,1
2021-11-30,5,14320.0,-0.1394700139469962,,,,,,,,,,,,,2.7959401224195277,0.0,1.0,-0.9999990000010001,0.09999999000000101,1.0,,,,,,,,,,,,,2.9975722504628655,0.0,0.6,-0.39999970000025,0.056363631057851735,5.0,0
2021-12-01,4,14353.0,0.2304469273743059,,,,,,,,,,,,,,,,,,,2.954697742201215,0.0,1.0,-0.9999990000010001,0.1428571224489825,1.0,,,,,,,3.4225549247194347,0.0,0.3333333333333333,-0.33333300000033333,0.033333330000000334,3.0,1
2021-12-02,9,14378.0,0.1741796140179774,,,,,,,,,,,,,2.778158018617343,0.0,0.0,0.0,0.0,1.0,3.220377233755994,0.0,0.0,0.0,0.0,1.0,,,,,,,3.007960639357571,0.0,0.5714285714285714,-0.5714280000005715,0.06944443598434849,7.0,1
2021-12-03,3,14408.0,0.2086521073862757,,,,,,,,,,,,,2.117990200446982,0.0,0.0,0.0,0.0,1.0,3.0716454838641862,0.0,0.0,0.0,0.0,1.0,,,,,,,3.090708194853017,0.0,1.0,-0.9999990000010001,0.12499998437500197,1.0,1
2021-12-06,4,14441.0,0.2290394225430425,3.2409903895642542,0.0,1.0,-0.9999990000010001,0.12499998437500197,1.0,,,,,,,,,,,,,,,,,,,,,,,,,3.0698029726365768,0.0,0.3333333333333333,-0.33333300000033333,0.04166666145833399,3.0,1
2021-12-07,6,14408.0,-0.2285160307457956,,,,,,,2.7843530489378976,1.0,1.0,0.0,0.22222219753086697,1.0,,,,,,,2.7846091973129568,0.0,1.0,-0.9999990000010001,0.1428571224489825,1.0,3.543773597403442,0.0,2.0,-0.99999950000025,0.1818181652892577,1.0,3.519072069833555,0.6666666666666666,0.6666666666666666,0.3333328333339167,0.1578282628510511,3.0,0
2021-12-08,3,14348.0,-0.4164353137146026,3.521408999046015,0.0,2.0,-0.99999950000025,0.22222219753086697,1.0,,,,,,,,,,,,,,,,,,,,,,,,,2.7960831786571827,0.0,0.5,-0.49999950000050003,0.062499992187500984,2.0,0
2021-12-09,8,14351.0,0.0209088374686361,3.110813946687209,0.5,0.5,0.0,0.08333332638888948,2.0,,,,,,,,,,,,,,,,,,,,,,,,,3.1375513613335753,0.16666666666666666,1.3333333333333333,-0.8333326666672499,0.19498554378734753,6.0,1
2021-12-10,6,14378.0,0.188140199289255,,,,,,,,,,,,,,,,,,,,,,,,,,,,,,,3.417747184603399,0.3333333333333333,0.16666666666666666,0.16666650000016667,0.0879629458590571,6.0,1
2021-12-13,16,14346.0,-0.2225622478786992,,,,,,,,,,,,,,,,,,,,,,,,,,,,,,,2.9248826252228017,0.0625,0.1875,-0.06249996875001562,0.04444443523534161,16.0,0
2021-12-14,10,14348.0,0.0139411682698931,2.5853836931268486,0.0,1.0,-0.9999990000010001,0.09999999000000101,1.0,,,,,,,,,,,,,,,,,,,,,,,,,3.1450664789304934,0.1111111111111111,0.2222222222222222,-0.11111100000011112,0.04999999208333466,9.0,1
2021-12-15,10,14337.0,-0.0766657373850066,,,,,,,,,,,,,,,,,,,2.8805696107344145,0.0,0.0,0.0,0.0,1.0,,,,,,,3.371047094554006,0.0,0.4444444444444444,-0.33333305555580556,0.06203702801697667,9.0,0
2021-12-16,10,14343.0,0.0418497593638766,2.729017604147472,0.0,0.0,0.0,0.0,1.0,,,,,,,,,,,,,3.4187976444581003,0.0,1.0,-0.9999990000010001,0.1428571224489825,1.0,,,,,,,3.154059756386724,0.0,0.25,-0.12499993750003124,0.03571428061224562,8.0,1
2021-12-17,8,14343.0,0.0,3.2113437761874537,0.0,3.0,-0.9999996666667778,0.4285713673469475,1.0,3.4801956553087794,0.0,1.0,-0.9999990000010001,0.11111109876543349,1.0,,,,,,,,,,,,,,,,,,,3.0364616385902674,0.0,0.6666666666666666,-0.4999995833337083,0.13492060605631787,6.0,0
2021-12-20,2,14384.0,0.2858537265565175,,,,,,,,,,,,,,,,,,,,,,,,,,,,,,,3.5563904738865406,0.5,1.0,-2.499996249460956e-07,0.18253965998992472,2.0,1
2021-12-21,2,14349.0,-0.2433259176863211,3.0767131350930903,1.0,0.0,0.9999990000010001,0.09999999000000101,1.0,,,,,,,,,,,,,,,,,,,,,,,,,2.714235808739457,0.0,2.0,-0.99999950000025,0.399999920000016,1.0,0
2021-12-23,2,14251.0,-0.0911385305664591,3.063737146129176,0.0,0.0,0.0,0.0,1.0,,,,,,,,,,,,,,,,,,,,,,,,,2.6957199807048777,0.0,1.0,-0.9999990000010001,0.12499998437500197,1.0,0
2021-12-28,1,14237.0,0.0843585237258359,,,,,,,,,,,,,,,,,,,,,,,,,,,,,,,3.2113102864315723,0.0,1.0,-0.9999990000010001,0.1428571224489825,1.0,1
2021-12-30,3,14269.0,0.0280406589554749,2.7434880573402136,0.0,0.0,0.0,0.0,1.0,,,,,,,,,,,,,,,,,,,,,,,,,3.1483022250060904,0.0,1.0,-0.499999750000125,0.1428571224489825,2.0,1
2021-12-31,2,14278.0,0.0630737963417171,,,,,,,2.7919498790748745,0.0,2.0,-0.99999950000025,0.285714244897965,1.0,,,,,,,,,,,,,,,,,,,3.081693179722842,0.0,0.0,0.0,0.0,1.0,1
2022-01-03,1,14270.0,-0.056030256338424,3.1612929776533605,0.0,0.0,0.0,0.0,1.0,,,,,,,,,,,,,,,,,,,,,,,,,,,,,,,0
2022-01-04,3,14310.0,0.2803083391730965,,,,,,,,,,,,,,,,,,,,,,,,,,,,,,,3.138223755338867,0.6666666666666666,0.0,0.6666660000006667,0.08465607373813866,3.0,1
2022-01-05,3,14365.0,0.3843466107616988,,,,,,,,,,,,,,,,,,,3.392036018980916,0.0,0.0,0.0,0.0,1.0,,,,,,,3.3484935164793854,0.0,0.0,0.0,0.0,2.0,1
2022-01-06,6,14396.0,0.2158022972502671,,,,,,,,,,,,,,,,,,,2.9167944646584445,0.0,1.0,-0.9999990000010001,0.09999999000000101,1.0,,,,,,,3.077595754687642,0.2,0.6,-1.3333315553865078e-07,0.09999998703703879,5.0,1
2022-01-07,7,14360.0,-0.2500694637399325,,,,,,,,,,,,,,,,,,,,,,,,,2.6363245013749728,0.0,2.0,-0.99999950000025,0.22222219753086697,1.0,3.4562231197679303,0.16666666666666666,1.0,-0.5555551203707515,0.12870368938014565,6.0,0
2022-01-10,7,14323.0,-0.2576601671309242,,,,,,,,,,,,,,,,,,,,,,,,,2.440303029163552,0.0,3.0,-0.9999996666667778,0.4285713673469475,1.0,3.25503668677047,0.16666666666666666,0.3333333333333333,-0.16666650000016667,0.06613755727723307,6.0,0
2022-01-11,9,14299.0,-0.1675626614536018,3.138353221014503,2.0,1.0,0.33333322222225925,0.33333329629630043,1.0,,,,,,,,,,,,,,,,,,,,,,,,,3.3367780118999018,0.0,0.375,-0.37499962500037504,0.05451388039255543,8.0,0
2022-01-12,10,14302.0,0.0209804881460273,2.5334442746207464,0.0,0.6666666666666666,-0.6666660000006667,0.08585857384450746,3.0,2.3345194803923666,0.0,1.0,-0.9999990000010001,0.09090908264462885,1.0,,,,,,,,,,,,,,,,,,,3.6745824909149154,0.14285714285714285,0.2857142857142857,-0.14285700000014287,0.06462584054097978,7.0,1
2022-01-13,13,14311.0,0.0629282617815585,2.7872493312979665,0.0,0.0,0.0,0.0,1.0,2.7872493312979665,0.0,0.0,0.0,0.0,1.0,,,,,,,3.3948024185106567,1.0,0.0,0.9999990000010001,0.11111109876543349,1.0,,,,,,,3.0903286150442493,0.2727272727272727,0.18181818181818182,0.09090900000009092,0.06818180681818396,11.0,1
2022-01-14,9,14310.0,-0.0069876318915529,2.767105483713895,0.0,1.0,-0.9999990000010001,0.09999999000000101,1.0,,,,,,,,,,,,,,,,,,,,,,,,,3.190097109654629,0.0,0.25,-0.24999975000025002,0.033333328611111816,8.0,0
2022-01-17,10,14323.0,0.0908455625436843,3.0880058871825304,0.0,1.3333333333333333,-0.6666662222225926,0.12121211019283847,3.0,2.944444168356606,0.0,3.0,-0.9999996666667778,0.2727272479338866,1.0,,,,,,,,,,,,,,,,,,,2.983215979411014,0.0,0.0,0.0,0.0,7.0,1
2022-01-18,2,14325.0,0.0139635551211325,3.2942843991099533,0.0,2.5,-0.9999995833335138,0.2708333029513924,2.0,,,,,,,,,,,,,,,,,,,,,,,,,,,,,,,1
2022-01-19,10,14370.0,0.3141361256544517,3.1837619123787326,0.25,1.0,-0.24999991666669444,0.1515151314279184,4.0,,,,,,,,,,,,,3.249122768023781,0.0,2.0,-0.99999950000025,0.16666665277777895,1.0,,,,,,,3.5704759756793734,0.4,0.2,0.1999998000002,0.0857142734693895,5.0,1
2022-01-20,6,14354.0,-0.1113430758524658,3.4522841351293065,0.0,1.0,-0.9999990000010001,0.11111109876543349,1.0,,,,,,,,,,,,,,,,,,,,,,,,,3.386784231737886,0.2,0.6,-0.3999996000004,0.09333332177777931,5.0,0
2022-01-21,4,14347.0,-0.048766894245511,2.355346362367257,0.0,2.0,-0.99999950000025,0.22222219753086697,1.0,2.355346362367257,0.0,2.0,-0.99999950000025,0.22222219753086697,1.0,,,,,,,,,,,,,,,,,,,2.8439543891085637,0.6666666666666666,0.6666666666666666,0.3333328333339167,0.16111108879629985,3.0,0
2022-01-24,6,14327.0,-0.1394019655677092,3.2427544074248345,0.0,1.0,-0.9999990000010001,0.11111109876543349,1.0,,,,,,,,,,,,,,,,,,,,,,,,,3.176978126354399,0.0,0.0,0.0,0.0,5.0,0
2022-01-25,7,14358.0,0.21637467718294,3.1465532189663854,0.0,1.3333333333333333,-0.9999991666674166,0.1994949138927223,3.0,,,,,,,,,,,,,,,,,,,,,,,,,3.3446917930614966,0.0,0.5,-0.49999950000050003,0.062499991319445745,4.0,1
2022-01-26,5,14346.0,-0.0835770998746321,3.1978508491416138,0.0,0.0,0.0,0.0,1.0,,,,,,,,,,,,,,,,,,,,,,,,,3.5836447280608406,0.25,0.25,0.0,0.050505045352515585,4.0,0
2022-01-27,10,14385.0,0.2718527812630711,3.351695095202242,0.0,2.0,-0.99999950000025,0.16666665277777895,1.0,,,,,,,,,,,,,,,,,,,,,,,,,3.2032584468653975,0.2222222222222222,0.5555555555555556,-0.22222205555569444,0.09656083392384904,9.0,1
2022-01-28,7,14381.0,-0.0278067431352058,3.2096296536242295,0.0,0.0,0.0,0.0,1.0,,,,,,,,,,,,,,,,,,,,,,,,,2.8389449573492844,0.3333333333333333,0.16666666666666666,0.16666650000016667,0.09325394980631528,6.0,0
2022-01-31,10,14392.0,0.0764898129476332,3.151092504113975,0.5,0.0,0.49999950000050003,0.04166666319444474,2.0,,,,,,,,,,,,,,,,,,,,,,,,,2.804732981354361,0.0,0.375,-0.37499962500037504,0.08452378808390622,8.0,1
2022-02-02,11,14347.0,-0.3126737076153407,2.8097348798867907,0.0,1.0,-0.79999930000065,0.14833331040278147,5.0,2.833444247045124,0.0,1.0,-0.9999990000010001,0.16666663888889352,1.0,,,,,,,,,,,,,,,,,,,3.2496596552048262,0.16666666666666666,0.16666666666666666,0.0,0.0476190408163275,6.0,0
2022-02-03,6,14381.0,0.2369833414651134,2.7119232203574515,0.0,1.0,-0.499999750000125,0.16666663888889352,2.0,,,,,,,,,,,,,3.5124983615636025,0.0,0.0,0.0,0.0,2.0,,,,,,,3.550041849095398,0.0,0.0,0.0,0.0,2.0,1
2022-02-04,4,14376.0,-0.0347680967943797,,,,,,,,,,,,,,,,,,,,,,,,,,,,,,,3.146530580317965,0.5,0.0,0.49999950000050003,0.07291665581597387,4.0,0
2022-02-07,11,14404.0,0.1947690595436757,3.1253498177034555,0.0,0.0,0.0,0.0,3.0,3.3066922608518396,0.0,0.0,0.0,0.0,1.0,2.3084721362933402,0.0,0.0,0.0,0.0,1.0,,,,,,,,,,,,,3.280010505553077,0.0,0.7142857142857143,-0.5714280714290357,0.08011233869695367,7.0,1
2022-02-08,7,14385.0,-0.1319078033879428,2.7492392510446106,0.0,1.0,-0.6666661666670833,0.1111110987654335,3.0,,,,,,,,,,,,,,,,,,,,,,,,,3.753340581204784,0.0,0.0,0.0,0.0,4.0,0
2022-02-09,7,14366.0,-0.1320820298922442,,,,,,,,,,,,,,,,,,,3.190374058247364,1.0,1.0,0.0,0.24999996875000394,1.0,,,,,,,3.186033085610647,0.14285714285714285,0.2857142857142857,-0.14285700000014287,0.049999994107143564,7.0,0
2022-02-10,13,14344.0,-0.1531393568147021,2.6879397127335434,0.0,0.0,0.0,0.0,1.0,,,,,,,,,,,,,,,,,,,2.6879397127335434,0.0,0.0,0.0,0.0,1.0,3.16597282575729,0.25,0.16666666666666666,0.08333325000008333,0.07569442765625435,12.0,0
2022-02-11,24,14359.0,0.1045733407696536,3.028294062836302,0.5,0.5,0.0,0.09090908264462885,2.0,,,,,,,,,,,,,3.1876464587187714,0.0,2.0,-0.99999950000025,0.22222219753086697,1.0,,,,,,,3.1458745192961697,0.09090909090909091,0.22727272727272727,-0.09090902272732954,0.04707791443559884,22.0,1
2022-02-14,13,14338.0,-0.1462497388397543,3.2065982031272138,0.0,1.0,-0.9999990000010001,0.12632273519647266,3.0,2.7687366802300333,1.0,0.0,0.9999990000010001,0.09999999000000101,1.0,,,,,,,,,,,,,,,,,,,3.300348003564097,0.1,0.1,0.0,0.020833331076389145,10.0,0
2022-02-15,9,14292.0,-0.3208257776537881,2.6117407548332787,0.0,0.5,-0.49999950000050003,0.07142856122449125,2.0,,,,,,,,,,,,,,,,,,,,,,,,,3.096738411987512,0.14285714285714285,0.14285714285714285,0.0,0.028571425714286003,7.0,0
2022-02-16,7,14278.0,-0.0979568989644574,2.841678604205601,0.0,1.0,-0.9999990000010001,0.09999999000000101,1.0,,,,,,,,,,,,,3.5033993824060166,0.0,0.0,0.0,0.0,1.0,,,,,,,3.3953017363731655,0.2,0.2,0.0,0.05357142136479689,5.0,0
2022-02-17,9,14301.0,0.1610869869729692,2.9305373297860706,0.0,0.5,-0.49999950000050003,0.05555554938271674,2.0,,,,,,,,,,,,,,,,,,,,,,,,,3.011360196080972,0.0,0.125,-0.12499987500012501,0.013888887345679186,8.0,1
2022-02-18,5,14339.0,0.2657156842178931,2.834342220717078,0.0,1.0,-0.9999990000010001,0.13392855341199222,2.0,,,,,,,,,,,,,,,,,,,,,,,,,3.0054644820520022,0.0,0.3333333333333333,-0.33333300000033333,0.0476190408163275,3.0,1
2022-02-21,10,14329.0,-0.0697398702838358,2.9116602615522194,0.0,0.6666666666666666,-0.4999995833337083,0.10562768751560454,6.0,3.089149437491868,0.0,1.5,-0.999999250000625,0.24545450132232244,2.0,,,,,,,,,,,,,,,,,,,3.078894317670573,0.0,1.3333333333333333,-0.6666662222225926,0.1464646289409267,3.0,0
2022-02-22,7,14362.0,0.2303021843813146,2.981308146758236,0.0,1.25,-0.7499994166671945,0.15029760078007123,4.0,3.267702393705057,0.0,0.5,-0.49999950000050003,0.07142856122449125,2.0,,,,,,,,,,,,,,,,,,,3.1327483122222395,0.0,0.0,0.0,0.0,1.0,1
2022-02-23,12,14355.0,-0.0487397298426395,3.186722596396328,0.0,0.375,-0.37499962500037504,0.047371025698677245,8.0,3.124903256898807,0.0,0.0,0.0,0.0,2.0,,,,,,,,,,,,,,,,,,,3.344286527073055,0.0,0.25,-0.24999975000025002,0.024999997500000253,4.0,0
2022-02-24,14,14371.0,0.1114594218042386,3.197049648543999,0.14285714285714285,0.14285714285714285,0.0,0.04166666046627078,7.0,3.1519550959097797,0.25,0.5,-0.24999975000025002,0.10069443050733225,4.0,,,,,,,3.6329085992124215,0.0,0.0,0.0,0.0,1.0,,,,,,,3.018386825509424,0.25,0.0,0.24999975000025002,0.02777777469135837,4.0,1
2022-02-25,25,14369.0,-0.0139169160114138,3.05427304522454,0.043478260869565216,0.6521739130434783,-0.43478226086986954,0.11973772807816718,23.0,3.2218539790391723,0.0,0.3333333333333333,-0.33333300000033333,0.03703703292181116,3.0,,,,,,,2.2146036226904484,1.0,0.0,0.9999990000010001,0.24999993750001562,1.0,,,,,,,3.1422570808781045,0.0,0.6666666666666666,-0.33333316666675,0.08333332291666798,3.0,0
2022-03-01,60,14350.0,-0.1322291043218015,3.140301374739353,0.14583333333333334,0.6041666666666666,-0.3749996666669792,0.09101053988056086,48.0,3.180554290321114,0.0,0.35714285714285715,-0.3571425000003572,0.03784013192841667,14.0,,,,,,,3.0306009814507657,0.0,0.0,0.0,0.0,1.0,,,,,,,3.4026653179658153,0.18181818181818182,0.2727272727272727,-4.545447726292648e-08,0.061225886232105564,11.0,0
2022-03-02,17,14373.0,0.1602787456445931,3.008044148879864,0.35714285714285715,0.6428571428571429,-0.21428551190496628,0.1275252332786321,14.0,2.93974319829127,0.25,0.25,0.0,0.063492055303604,4.0,,,,,,,3.63079950240283,2.0,0.0,0.99999950000025,0.16666665277777895,1.0,,,,,,,3.210054556645574,0.0,1.0,-0.33333322222225925,0.11111109876543347,3.0,1
2022-03-04,46,14383.0,0.0695748973770227,3.160366172228836,0.06060606060606061,0.696969696969697,-0.5555550370375382,0.10446126364682151,33.0,2.8253364808980628,0.16666666666666666,0.5,-0.166666583333375,0.08928570227466148,6.0,,,,,,,3.106077169671257,0.3333333333333333,0.3333333333333333,0.0,0.06363635754820995,3.0,,,,,,,3.373235320609174,0.08333333333333333,0.3333333333333333,-0.24999975000025002,0.06712961541924244,12.0,1
2022-03-07,25,14411.0,0.1946742682333413,3.3174405799448583,0.08333333333333333,0.9583333333333334,-0.5833328458337829,0.11355714725181139,24.0,3.069612200639935,0.0,0.5,-0.49999950000050003,0.062499992187500984,2.0,,,,,,,,,,,,,,,,,,,3.714837114435147,0.0,1.25,-0.749999500000375,0.13680554047646776,4.0,1
2022-03-08,22,14394.0,-0.1179654430643273,3.1927345944541754,0.125,0.8125,-0.5833327951394068,0.10582836075602667,16.0,,,,,,,,,,,,,3.573327713273469,0.3333333333333333,0.0,0.33333300000033333,0.05555554629629784,3.0,,,,,,,3.3006943437079963,0.0,0.5,-0.49999950000050003,0.07499998750000225,4.0,0
2022-03-09,17,14371.0,-0.15978880088926,3.1622445537254347,0.0,0.5454545454545454,-0.4545450454549318,0.05482849818617074,11.0,,,,,,,,,,,,,,,,,,,,,,,,,2.6625678211205646,0.0,0.0,0.0,0.0,6.0,0
2022-03-10,12,14298.0,-0.5079674344165341,3.234882538549886,0.1111111111111111,0.7777777777777778,-0.5555550555560278,0.09462203416601819,9.0,3.218903190826635,0.0,2.0,-0.99999950000025,0.19999998000000202,1.0,,,,,,,,,,,,,,,,,,,3.3389317648355017,0.3333333333333333,0.0,0.33333300000033333,0.11111107407408642,3.0,0
2022-03-11,26,14306.0,0.0559518813820103,3.2222274014097585,0.08333333333333333,0.6666666666666666,-0.41666633333362496,0.11408728198224112,12.0,3.5379086643173374,0.0,0.0,0.0,0.0,1.0,,,,,,,,,,,,,,,,,,,3.329029633556655,0.07692307692307693,0.23076923076923078,-0.15384600000015386,0.03934953405753372,13.0,1
2022-03-14,16,14328.0,0.1537816300852812,3.035390342974563,0.0,0.7272727272727273,-0.4545451363638863,0.08773447704362348,11.0,2.8086868891995325,0.25,0.75,-0.2499998750000625,0.11527776437885962,4.0,,,,,,,,,,,,,,,,,,,3.613661387843236,0.0,0.6,-0.39999970000025,0.06969696083563023,5.0,1
2022-03-15,21,14321.0,-0.048855388051372,3.290370988905994,0.13333333333333333,0.26666666666666666,-0.13333320000013335,0.03998316091459673,15.0,,,,,,,,,,,,,,,,,,,,,,,,,3.0843275497528033,0.14285714285714285,0.2857142857142857,-0.14285700000014287,0.06031745107583929,7.0,0
2022-03-16,17,14311.0,-0.0698275260107572,2.7270268101526782,0.0,0.375,-0.24999981250015624,0.04285713780612306,8.0,3.3273344491732413,0.0,0.0,0.0,0.0,1.0,,,,,,,,,,,,,4.126732195852774,0.0,1.0,-0.9999990000010001,0.11111109876543349,1.0,3.3279874111585754,0.0,0.5,-0.37499968750028123,0.060470771730451914,8.0,0
2022-03-17,25,14290.0,-0.1467402697225894,3.2827432955556515,0.25,0.75,-0.3333330972224051,0.09848483868993059,8.0,2.7450438204584766,0.0,0.6666666666666666,-0.6666660000006667,0.095238081632655,3.0,,,,,,,,,,,,,,,,,,,3.210400970693661,0.07142857142857142,0.2857142857142857,-0.142857035714375,0.039758847431511736,14.0,0
2022-03-18,17,14340.0,0.3498950314905436,3.1963860420864365,0.18181818181818182,0.8181818181818182,-0.4545450909094091,0.12039549703195464,11.0,2.609255179189846,1.0,0.0,0.9999990000010001,0.16666663888889352,1.0,,,,,,,,,,,,,,,,,,,3.242701971800822,0.0,0.16666666666666666,-0.16666650000016667,0.016666665000000167,6.0,1
2022-03-21,11,14341.0,0.0069735006973603,3.3363223112570095,0.5,0.75,-0.24999975000025002,0.14114009282120055,4.0,2.77945135787483,0.0,0.0,0.0,0.0,1.0,,,,,,,,,,,,,,,,,,,3.4946807345833726,0.3333333333333333,0.0,0.33333300000033333,0.05714284707483175,6.0,1
2022-03-22,13,14358.0,0.1185412453803769,3.118636738022411,0.2,0.6,-0.19999990000005,0.08969695883563045,5.0,3.373189195568739,1.0,0.0,0.9999990000010001,0.11111109876543349,1.0,,,,,,,,,,,,,3.6891425542550786,0.0,2.0,-0.99999950000025,0.19999998000000202,1.0,3.3855700368638675,0.0,0.3333333333333333,-0.33333300000033333,0.0476190408163275,6.0,1
2022-03-23,11,14351.0,-0.0487533082602076,3.3085951186743645,0.16666666666666666,0.16666666666666666,0.0,0.04166666145833399,6.0,3.3575956712934154,0.0,1.0,-0.9999990000010001,0.12499998437500197,1.0,,,,,,,3.3575956712934154,0.0,1.0,-0.9999990000010001,0.12499998437500197,1.0,,,,,,,3.05381806752456,0.16666666666666666,0.0,0.16666650000016667,0.02380952040816375,6.0,0
2022-03-24,15,14361.0,0.0696815552923224,3.1751966982666406,0.3333333333333333,0.5555555555555556,-1.1111094442048694e-07,0.10030863050840326,9.0,3.3631341654395572,0.0,0.0,0.0,0.0,1.0,,,,,,,,,,,,,,,,,,,3.2312235119963555,0.0,0.2,-0.1999998000002,0.015384614201183524,5.0,1
2022-03-25,14,14341.0,-0.1392660678225743,3.188836574468569,0.2,0.4,-0.13333322222232594,0.06833332550463053,10.0,2.8235642626509043,0.0,0.0,0.0,0.0,4.0,,,,,,,,,,,,,,,,,,,3.6741153390218315,0.6666666666666666,1.0,-0.11111107407408642,0.1717171538618527,3.0,0
2022-03-28,12,14360.0,0.1324872742486604,3.229252755935548,0.0,0.16666666666666666,-0.16666650000016667,0.01851851646090558,6.0,3.1621298595914555,0.0,0.25,-0.24999975000025002,0.02777777469135837,4.0,,,,,,,,,,,,,,,,,,,3.4478646760028773,0.2,0.0,0.1999998000002,0.01818181652892577,5.0,1
2022-03-29,8,14364.0,0.0278551532033377,3.0016038406649654,0.0,0.4,-0.3999996000004,0.058333324652779094,5.0,2.9476861557211356,0.5,0.5,0.0,0.09999999000000101,2.0,,,,,,,3.231029289421658,0.5,0.0,0.49999950000050003,0.045454541322314426,2.0,,,,,,,4.204214399436741,0.0,3.0,-0.9999996666667778,0.2727272479338866,1.0,1
2022-03-30,9,14349.0,-0.1044277360066847,2.989409183174686,0.0,1.0,-0.6666661666670833,0.13518516479424209,6.0,2.394748363407608,0.0,1.0,-0.9999990000010001,0.11111109876543349,1.0,,,,,,,,,,,,,,,,,,,3.0830806678213354,0.0,1.2,-0.7999994000005,0.1285714144897975,5.0,0
2022-03-31,11,14357.0,0.0557530141473305,2.924154327367947,0.0,1.25,-0.7499994583337848,0.16320344110900592,8.0,,,,,,,,,,,,,2.7587275723235667,0.5,1.5,-3.3333288884662693e-07,0.2976190031179205,2.0,2.415930959822607,0.0,1.0,-0.9999990000010001,0.1428571224489825,1.0,2.795789517659368,0.0,1.0,-0.9999990000010001,0.18333329944445076,2.0,1
2022-04-01,12,14364.0,0.0487567040468039,3.0716195922822753,0.0,1.3333333333333333,-0.8333327500004583,0.14273687674931143,6.0,3.0923624624323325,0.0,1.3333333333333333,-0.9999991666674166,0.15079363255858133,3.0,,,,,,,3.5280101404384174,0.0,0.0,0.0,0.0,1.0,,,,,,,3.1378208995807846,0.25,0.0,0.24999975000025002,0.04166665972222338,4.0,1
2022-04-04,15,14362.0,-0.0139236981342216,3.326368425388905,0.18181818181818182,0.7272727272727273,-0.36363609090931814,0.09754688651526734,11.0,3.6501632367256662,0.0,1.0,-0.499999750000125,0.08333332638888948,2.0,,,,,,,3.273945191204642,0.0,0.0,0.0,0.0,1.0,,,,,,,3.473878230436713,0.6666666666666666,0.3333333333333333,0.33333300000033333,0.14999997625000397,3.0,0
2022-04-05,6,14348.0,-0.097479459685279,3.102851763255481,0.0,0.6,-0.5999994000006,0.07301586399596989,5.0,3.189857179138842,0.0,0.5,-0.49999950000050003,0.07142856122449125,2.0,,,,,,,,,,,,,,,,,,,2.933672064862316,0.0,0.5,-0.49999950000050003,0.05555554938271674,2.0,0
2022-04-06,13,14364.0,0.1115137998327187,3.094866297222595,0.0,1.25,-0.7499994166671945,0.14425503363376707,4.0,3.6850406072873008,0.0,0.6666666666666666,-0.6666660000006667,0.06363635754820995,3.0,,,,,,,,,,,,,,,,,,,3.0751749451314376,0.0,0.42857142857142855,-0.42857100000042864,0.05413831508420257,7.0,1
2022-04-07,9,14359.0,-0.0348092453355652,2.7430578598098045,0.0,1.25,-0.9999991250008126,0.14236109485918397,4.0,2.4670680177839746,0.0,1.0,-0.9999990000010001,0.11111109876543349,2.0,,,,,,,,,,,,,,,,,,,3.2789953107027054,0.4,0.6,-0.1999998000002,0.13571426721939028,5.0,0
2022-04-08,12,14365.0,0.0417856396685012,2.771665231053446,0.0,0.25,-0.24999975000025002,0.022727270661157213,4.0,,,,,,,,,,,,,,,,,,,,,,,,,3.3772651836395027,0.25,0.375,-0.12499987500012501,0.08645832040798819,8.0,1
2022-04-11,17,14370.0,0.0348068221371455,3.1536466930481284,0.18181818181818182,0.8181818181818182,-0.4545450909094091,0.12475073780156452,11.0,2.7533815544452285,0.0,2.0,-0.99999950000025,0.285714244897965,1.0,,,,,,,2.920109624790827,0.0,1.0,-0.9999990000010001,0.199999960000008,1.0,,,,,,,3.112930505394136,0.0,0.6666666666666666,-0.6666660000006667,0.08167988405914191,6.0,1
2022-04-12,12,14364.0,-0.041753653444676,3.027349148822691,0.25,0.0,0.24999975000025002,0.024999997500000253,4.0,,,,,,,,,,,,,,,,,,,,,,,,,3.3816185123472757,0.125,0.125,0.0,0.031746027651802,8.0,0
2022-04-13,22,14359.0,-0.0348092453355652,3.4143355448128165,0.0,0.0,0.0,0.0,1.0,,,,,,,,,,,,,,,,,,,,,,,,,3.0634096112070237,0.0,0.19047619047619047,-0.1904760000001905,0.024848825144685734,21.0,0
2022-04-14,18,14349.0,-0.0696427327808391,3.2294187002559824,0.0,0.8,-0.3999998000001,0.0971428449795934,5.0,3.204227698080355,0.0,0.0,0.0,0.0,1.0,,,,,,,,,,,,,,,,,,,3.3014207017899198,0.15384615384615385,0.15384615384615385,0.0,0.03507603097111372,13.0,0
2022-04-18,20,14356.0,0.0487838873789003,3.0682145194936026,0.1111111111111111,0.7777777777777778,-0.5555550555560278,0.11234566377229305,9.0,3.1217701737129584,0.5,1.0,-0.49999950000050003,0.16111109376543398,2.0,,,,,,,2.9392995017070236,1.0,0.0,0.9999990000010001,0.11111109876543349,1.0,,,,,,,3.2609710511377314,0.36363636363636365,0.36363636363636365,-0.09090895454561365,0.11486289629263459,11.0,1
2022-04-19,9,14347.0,-0.0626915575369202,3.3713974274398097,0.3333333333333333,0.0,0.33333300000033333,0.033333330000000334,3.0,2.9482280730417525,0.0,2.0,-0.99999950000025,0.22222219753086697,1.0,,,,,,,3.8594834235105417,1.0,0.0,0.9999990000010001,0.09999999000000101,1.0,,,,,,,3.2238884418352525,0.0,0.4,-0.3999996000004,0.0485714224897967,5.0,0
2022-04-20,16,14351.0,0.027880393113544,3.174820439979994,0.0,0.4444444444444444,-0.33333305555580556,0.04672364047045175,9.0,3.4924163651126583,0.0,0.0,0.0,0.0,1.0,,,,,,,3.2968248975940373,0.5,0.5,0.0,0.18749996093750879,2.0,,,,,,,2.847160583741699,0.16666666666666666,0.3333333333333333,-0.16666650000016667,0.07103173480631332,6.0,1
2022-04-21,8,14348.0,-0.02090446658769,3.026126224971361,0.0,0.5,-0.2499998750000625,0.07142856122449125,4.0,2.807702157791274,0.0,0.0,0.0,0.0,2.0,,,,,,,,,,,,,3.329557558627906,0.0,2.0,-0.99999950000025,0.285714244897965,1.0,3.284607957477019,0.0,0.8,-0.59999950000045,0.09936506673267989,5.0,0
2022-04-22,6,14361.0,0.0906049623640825,3.193340197217152,0.0,0.0,0.0,0.0,1.0,,,,,,,,,,,,,,,,,,,,,,,,,3.2897899925721346,0.2,0.2,0.0,0.0733333197777803,5.0,1
2022-04-25,7,14452.0,0.6336606085927121,2.6217303911390397,0.0,1.0,-0.9999990000010001,0.13392855341199222,2.0,2.3946740652350047,0.0,1.0,-0.9999990000010001,0.1428571224489825,1.0,,,,,,,,,,,,,,,,,,,3.3944544804918118,0.0,0.4,-0.19999990000005,0.03333333055555579,5.0,1
2022-04-26,8,14412.0,-0.2767783005812374,3.4609369609144993,0.0,0.5,-0.49999950000050003,0.049999995000000505,2.0,,,,,,,,,,,,,,,,,,,,,,,,,3.2123215317055696,0.3333333333333333,1.0,-0.16666669444433793,0.17724865295624767,6.0,0
2022-04-27,7,14418.0,0.0416319733555381,3.410092175863425,0.0,0.5,-0.49999950000050003,0.05555554938271674,2.0,,,,,,,,,,,,,,,,,,,,,,,,,3.0858605008678945,0.2,0.2,0.0,0.04999999375000079,5.0,1
2022-04-28,6,14480.0,0.4300180330142789,3.163944671571558,0.0,1.25,-0.749999500000375,0.11507935415879422,4.0,,,,,,,,,,,,,,,,,,,,,,,,,2.589298475229701,0.0,0.5,-0.49999950000050003,0.08333331944444676,2.0,1
2022-05-09,86,14534.0,0.3729281767955728,3.2967451081603767,0.11538461538461539,0.4230769230769231,-0.26923051923100966,0.06337119849354686,26.0,3.1470820752785222,0.0,1.0,-0.9999990000010001,0.12261903227466182,3.0,3.2195317299468504,0.0,2.0,-0.99999950000025,0.19999998000000202,1.0,3.257757862988573,0.25,0.5,-0.24999975000025002,0.08571427561224612,4.0,,,,,,,3.211298625729259,0.171875,0.40625,-0.171874859375125,0.07222954020592817,64.0,1
2022-05-10,12,14546.0,0.0825650199532068,2.8956381668054076,0.0,0.0,0.0,0.0,2.0,3.2137731268339347,0.0,1.0,-0.9999990000010001,0.12499998437500197,1.0,,,,,,,3.2137731268339347,0.0,1.0,-0.9999990000010001,0.12499998437500197,1.0,3.3855643278734617,0.0,1.0,-0.9999990000010001,0.12499998437500197,1.0,3.3085340822400835,0.2222222222222222,0.2222222222222222,0.0,0.06388887885031033,9.0,1
2022-05-11,11,14546.0,0.0,3.224297009290284,0.0,0.25,-0.24999975000025002,0.022727270661157213,4.0,,,,,,,3.852738736566743,0.0,1.0,-0.9999990000010001,0.16666663888889352,1.0,,,,,,,,,,,,,3.497406469269888,0.2857142857142857,0.5714285714285714,-0.14285707142860712,0.11009068840761635,7.0,0
2022-05-12,18,14585.0,0.2681149456895459,3.257953813056099,0.3333333333333333,0.3333333333333333,0.0,0.07539681627929067,3.0,,,,,,,,,,,,,3.214774920322518,0.0,0.0,0.0,0.0,1.0,,,,,,,3.2617750114247572,0.06666666666666667,0.3333333333333333,-0.2666664000002667,0.061616151111495696,15.0,1
2022-05-13,9,14619.0,0.2331162152896748,3.095565046861659,0.0,2.0,-0.99999950000025,0.3111110587654415,2.0,,,,,,,,,,,,,,,,,,,,,,,,,3.016743212469413,0.0,0.0,0.0,0.0,7.0,1
2022-05-17,23,14651.0,0.2188932211505623,2.8296207363090375,0.0,0.08333333333333333,-0.08333325000008333,0.011904760204081875,12.0,,,,,,,2.8867995876643846,0.0,1.0,-0.9999990000010001,0.1428571224489825,1.0,3.608746757376487,1.0,0.0,0.9999990000010001,0.11111109876543349,1.0,,,,,,,2.7648092511632694,0.0,0.6,-0.49999955000042495,0.09345236519628976,10.0,1
2022-05-18,8,14682.0,0.2115896525834326,3.164350862543788,0.0,1.5,-0.999999250000625,0.26666661888889753,2.0,,,,,,,,,,,,,3.1072045860248343,0.0,0.0,0.0,0.0,1.0,,,,,,,3.2948648358063797,0.16666666666666666,0.5,-0.166666583333375,0.11111109259259568,6.0,1
2022-05-19,9,14731.0,0.3337419970031341,2.5145833404285627,0.0,0.0,0.0,0.0,2.0,,,,,,,,,,,,,,,,,,,,,,,,,3.194874016390414,0.14285714285714285,0.2857142857142857,-0.14285700000014287,0.05555554805996578,7.0,1
2022-05-20,7,14661.0,-0.4751883782499466,2.950944836059616,0.0,0.3333333333333333,-0.33333300000033333,0.04166666145833399,3.0,,,,,,,,,,,,,,,,,,,,,,,,,3.0834636974565823,0.0,0.75,-0.4999996250003125,0.10416665190972436,4.0,0
2022-05-23,8,14665.0,0.0272832685355606,3.0960292854191955,0.0,0.6666666666666666,-0.6666660000006667,0.08928570227466148,3.0,,,,,,,,,,,,,,,,,,,,,,,,,3.0072095998583883,0.0,0.0,0.0,0.0,5.0,1
2022-05-24,10,14653.0,-0.0818274803955021,2.9339369000260773,0.16666666666666666,1.0,-0.666666083333875,0.11813971851238735,6.0,,,,,,,3.882695198358422,0.0,2.0,-0.99999950000025,0.16666665277777895,1.0,2.880929821283958,0.0,1.0,-0.9999990000010001,0.09999999000000101,1.0,,,,,,,3.1526473950994345,0.0,1.3333333333333333,-0.9999991666674166,0.17857140454932297,3.0,0
2022-05-25,10,14645.0,-0.0545963283969164,3.0564257867602507,0.0,1.0,-0.6666661666670833,0.10822509591274672,3.0,3.651908588310528,0.0,1.0,-0.9999990000010001,0.1428571224489825,1.0,,,,,,,3.651908588310528,0.0,1.0,-0.9999990000010001,0.1428571224489825,1.0,,,,,,,3.0120215510274284,0.0,0.5714285714285714,-0.42857107142889284,0.07738094171627134,7.0,0
2022-05-27,17,14578.0,-0.4574940252645931,3.1928239500412623,0.2,1.4,-0.59999970000015,0.1688888710123476,5.0,,,,,,,,,,,,,3.409326090320703,1.0,0.0,0.9999990000010001,0.1428571224489825,1.0,,,,,,,3.138054221911958,0.16666666666666666,0.3333333333333333,-0.16666650000016667,0.05611771839531182,12.0,0
2022-05-30,8,14544.0,-0.2332281520098789,,,,,,,,,,,,,,,,,,,2.809653838085975,0.0,2.0,-0.99999950000025,0.399999920000016,1.0,,,,,,,3.0381029481477624,0.42857142857142855,0.42857142857142855,0.0,0.16043080369066512,7.0,0
2022-05-31,5,14592.0,0.3300330033003229,3.2243734093141168,0.0,1.0,-0.9999990000010001,0.12142855622449175,2.0,3.3893724870323947,0.0,1.0,-0.9999990000010001,0.09999999000000101,1.0,,,,,,,3.3893724870323947,0.0,1.0,-0.9999990000010001,0.09999999000000101,1.0,,,,,,,3.4101987545552093,0.0,0.25,-0.24999975000025002,0.03571428061224562,4.0,1
2022-06-02,24,14526.0,-0.4523026315789491,3.302763296733946,0.0,0.16666666666666666,-0.16666650000016667,0.02380952040816375,6.0,3.0201999965683632,0.0,0.3333333333333333,-0.33333300000033333,0.033333330000000334,3.0,,,,,,,3.2934492608501054,0.0,0.4,-0.3999996000004,0.0485714224897967,5.0,,,,,,,3.2704221485528975,0.14285714285714285,0.2857142857142857,-0.21428546428598216,0.06607141793154939,14.0,0
2022-06-03,8,14431.0,-0.6539997246316931,2.8337234670443916,0.0,0.25,-0.24999975000025002,0.04166665972222338,4.0,2.843799061934475,0.0,0.0,0.0,0.0,2.0,,,,,,,2.778934692763766,0.0,1.0,-0.9999990000010001,0.09999999000000101,1.0,,,,,,,2.9957820819529712,0.0,0.6666666666666666,-0.6666660000006667,0.095238081632655,3.0,0
2022-06-06,10,14462.0,0.2148153281130937,3.6382938985245676,0.0,1.0,-0.33333322222225925,0.08333332638888948,3.0,,,,,,,,,,,,,3.3826865373391954,0.0,2.5,-0.9999995833335138,0.22499997958333523,2.0,,,,,,,3.2389769405607645,0.0,0.16666666666666666,-0.16666650000016667,0.020833330729166995,6.0,1
2022-06-07,6,14464.0,0.0138293458719296,2.9356158278018643,0.0,0.0,0.0,0.0,1.0,,,,,,,2.901873535171439,0.0,1.0,-0.9999990000010001,0.1428571224489825,1.0,,,,,,,,,,,,,3.162736659274497,0.0,0.0,0.0,0.0,4.0,1
2022-06-08,8,14477.0,0.089878318584069,3.988373600505666,1.0,1.0,0.0,0.22222219753086697,1.0,,,,,,,,,,,,,,,,,,,,,,,,,3.3028568477764706,0.14285714285714285,0.2857142857142857,-0.14285700000014287,0.04897958606414064,7.0,1
2022-06-09,6,14555.0,0.5387856600124419,3.59376755386811,0.0,0.0,0.0,0.0,1.0,,,,,,,,,,,,,,,,,,,,,,,,,3.0719790667348628,0.0,0.6,-0.39999970000025,0.07936506873267969,5.0,1
2022-06-10,9,14569.0,0.0961868773617258,,,,,,,,,,,,,,,,,,,,,,,,,,,,,,,3.2313633506404775,0.1111111111111111,0.4444444444444444,-0.22222205555569444,0.0698853527043802,9.0,1
2022-06-13,24,14672.0,0.706980575193894,2.707571989582272,0.0,1.1666666666666667,-0.49999963333367337,0.14047617207483257,6.0,,,,,,,,,,,,,,,,,,,,,,,,,2.967454719995358,0.21052631578947367,0.3157894736842105,-0.0526315526315921,0.11196738772490332,19.0,1
2022-06-14,7,14729.0,0.3884950926935637,3.1984333145931663,0.0,1.0,-0.499999750000125,0.11111109876543349,2.0,,,,,,,,,,,,,3.0786644746804495,0.0,0.0,0.0,0.0,1.0,,,,,,,3.684104298628621,0.0,0.2,-0.1999998000002,0.016666665277777895,5.0,1
2022-06-15,7,14746.0,0.1154185620205083,3.517012536998774,0.0,0.0,0.0,0.0,1.0,,,,,,,,,,,,,2.5976941230554886,0.0,1.0,-0.9999990000010001,0.11111109876543349,1.0,,,,,,,3.411285767458266,0.2,0.4,-9.999984997843825e-08,0.06944443638117379,5.0,1
2022-06-16,18,14741.0,-0.0339075003390698,3.112712515981299,0.0,0.0,0.0,0.0,3.0,4.026541269767391,0.0,0.0,0.0,0.0,1.0,,,,,,,,,,,,,,,,,,,3.3198543252524484,0.13333333333333333,0.5333333333333333,-0.33333303333361664,0.08368204706886771,15.0,0
2022-06-17,15,14828.0,0.5901906247880007,3.1326852926303843,0.6666666666666666,0.3333333333333333,0.33333300000033333,0.1111110987654335,3.0,,,,,,,,,,,,,3.29952680155941,1.0,0.0,0.9999990000010001,0.11111109876543349,1.0,,,,,,,2.9997311188142732,0.08333333333333333,0.5833333333333334,-0.36111081018545915,0.0989447897346314,12.0,1
2022-06-20,13,14836.0,0.0539519827353673,2.8314502138089894,0.0,0.75,-0.4999996250003125,0.08333332407407512,4.0,3.0493589525538924,0.0,1.0,-0.499999750000125,0.11111109876543349,2.0,,,,,,,,,,,,,,,,,,,2.6694281257654278,0.1111111111111111,1.0,-0.592592098765893,0.13298058114778727,9.0,1
2022-06-21,7,14804.0,-0.2156915610676768,2.9316633904935685,0.0,2.0,-0.99999950000025,0.24999996875000394,1.0,,,,,,,3.1007128218520736,0.0,0.0,0.0,0.0,1.0,,,,,,,,,,,,,3.1240740330087076,0.0,0.16666666666666666,-0.16666650000016667,0.016666665000000167,6.0,0
2022-06-22,4,14860.0,0.3782761415833668,3.8846367952792544,0.0,0.0,0.0,0.0,1.0,,,,,,,,,,,,,,,,,,,,,,,,,3.892012009966535,0.0,0.6666666666666666,-0.6666660000006667,0.095238081632655,3.0,1
2022-06-23,8,14835.0,-0.1682368775235532,2.81132452652893,0.0,0.3333333333333333,-0.33333300000033333,0.0476190408163275,3.0,2.7634489664858792,2.0,0.0,0.99999950000025,0.24999996875000394,1.0,,,,,,,,,,,,,,,,,,,2.978046405754045,0.0,1.25,-0.749999500000375,0.12499998750000127,4.0,0
2022-06-24,7,14846.0,0.0741489720256227,,,,,,,,,,,,,,,,,,,3.1259539543196833,0.0,1.0,-0.9999990000010001,0.1428571224489825,1.0,,,,,,,3.2526617223295426,0.2857142857142857,0.5714285714285714,-0.28571400000028574,0.12970519463269256,7.0,1
2022-06-27,6,14802.0,-0.296376128250031,3.1573273399804376,0.0,0.75,-0.4999996250003125,0.08680554547646724,4.0,2.9484123845581536,0.0,1.0,-0.9999990000010001,0.12499998437500197,1.0,,,,,,,,,,,,,,,,,,,3.528756610031502,0.0,1.0,-0.9999990000010001,0.08846153050295932,2.0,0
2022-06-28,6,14837.0,0.236454533171182,3.330204285429419,0.0,1.0,-0.9999990000010001,0.1428571224489825,2.0,,,,,,,,,,,,,,,,,,,,,,,,,3.4372373897133954,0.5,0.25,0.24999975000025002,0.10606059010560398,4.0,1
2022-06-29,11,14848.0,0.0741389768821099,2.985458599406562,0.0,0.25,-0.24999975000025002,0.02777777469135837,4.0,3.4695117249393688,0.0,0.0,0.0,0.0,1.0,,,,,,,,,,,,,,,,,,,3.2599525761595136,0.0,0.2857142857142857,-0.28571400000028574,0.03469387320699764,7.0,1
2022-06-30,13,14882.0,0.2289870689655249,3.318103560766229,0.6,0.6,-0.19999970000035003,0.15079363174288477,5.0,2.8713520150999767,0.0,1.0,-0.9999990000010001,0.11111109876543349,1.0,,,,,,,,,,,,,,,,,,,3.371834977952335,0.0,0.5,-0.37499968750028123,0.06423610259934531,8.0,1
2022-07-01,7,14956.0,0.4972449939524281,,,,,,,,,,,,,,,,,,,3.510669553978312,0.0,1.5,-0.999999250000625,0.2916666006944604,2.0,,,,,,,2.846856205588747,0.0,0.6,-0.5999994000006,0.08722220862808869,5.0,1
2022-07-04,9,14960.0,0.0267451190157697,3.3499387818768214,0.3333333333333333,0.6666666666666666,-0.33333300000033333,0.08888888092592666,3.0,,,,,,,,,,,,,,,,,,,,,,,,,2.8154737632865032,0.0,0.6666666666666666,-0.4999995833337083,0.0793650697908805,6.0,1
2022-07-05,3,14990.0,0.200534759358284,3.3292148587215737,0.0,2.0,-0.99999950000025,0.1818181652892577,1.0,,,,,,,,,,,,,,,,,,,,,,,,,3.263869015156306,0.5,1.0,-2.499996249460956e-07,0.2111110787654375,2.0,1
2022-07-06,5,15015.0,0.1667778519012674,2.979556418735061,0.0,0.0,0.0,0.0,1.0,,,,,,,3.4290054095299407,0.0,0.0,0.0,0.0,1.0,2.2041104546500243,0.0,0.0,0.0,0.0,1.0,,,,,,,2.9445288582794746,0.0,1.0,-0.6666661666670833,0.17499996812500598,3.0,1
2022-07-07,9,14986.0,-0.1931401931401954,2.8117232975479896,0.0,1.5,-0.4999998333333889,0.1249999895833342,2.0,2.6093043207360145,0.0,0.0,0.0,0.0,1.0,,,,,,,2.7661896950326685,0.0,0.0,0.0,0.0,1.0,,,,,,,2.8325135170010394,0.0,0.3333333333333333,-0.33333300000033333,0.04232803686906933,6.0,0
2022-07-08,5,14981.0,-0.0333644735086124,2.7218358885001415,0.0,1.0,-0.9999990000010001,0.09999999000000101,1.0,,,,,,,,,,,,,,,,,,,,,,,,,2.9529204382016765,0.0,0.25,-0.24999975000025002,0.049999990000002,4.0,0
2022-07-11,14,14969.0,-0.0801014618516782,3.193223926468663,0.0,0.6,-0.39999970000025,0.0666666592592601,5.0,,,,,,,,,,,,,,,,,,,,,,,,,3.181306621135018,0.3333333333333333,0.3333333333333333,0.0,0.09104936841992717,9.0,0
2022-07-12,8,14993.0,0.1603313514596749,3.2948534072862525,1.0,0.5,0.16666661111112963,0.1249999895833342,2.0,,,,,,,,,,,,,,,,,,,,,,,,,3.766534587872099,0.0,0.6666666666666666,-0.6666660000006667,0.09861109554398408,6.0,1
2022-07-13,8,14985.0,-0.0533582338424598,2.815601375782795,0.0,0.0,0.0,0.0,2.0,,,,,,,,,,,,,,,,,,,,,,,,,3.3019907580905445,0.16666666666666666,0.5,-0.166666583333375,0.08465607373813866,6.0,0
2022-07-14,23,14999.0,0.0934267600934291,2.571356063664694,0.0,1.3333333333333333,-0.6666662222225926,0.14166665145833499,3.0,,,,,,,,,,,,,,,,,,,,,,,,,3.178913042343457,0.2,0.3,-0.0999999000001,0.0633730076258357,20.0,1
2022-07-15,14,14999.0,0.0,3.0628317182285287,0.0,0.6666666666666666,-0.33333316666675,0.11111109259259568,3.0,,,,,,,,,,,,,,,,,,,2.798068436312974,0.0,3.0,-0.9999996666667778,0.4285713673469475,1.0,3.1535139046171943,0.0,0.6153846153846154,-0.3846151153848269,0.08391607152822117,13.0,0
2022-07-18,12,14986.0,-0.0866724448296607,3.016657926298504,0.0,1.5,-0.4999998333333889,0.1499999850000015,2.0,,,,,,,,,,,,,,,,,,,3.3020809571549345,0.0,1.0,-0.9999990000010001,0.09090908264462885,1.0,3.04995536507322,0.2,0.1,0.0999999000001,0.042063486010330955,10.0,0
2022-07-19,7,14992.0,0.0400373682103216,,,,,,,,,,,,,,,,,,,,,,,,,,,,,,,3.150562240996759,0.14285714285714285,0.2857142857142857,-0.14285700000014287,0.0674603050044118,7.0,1
2022-07-20,6,14984.0,-0.0533617929562413,3.017176061213347,0.0,1.0,-0.6666661666670833,0.1285714116326553,3.0,,,,,,,,,,,,,,,,,,,,,,,,,3.5918351931079187,0.3333333333333333,1.0,-0.33333316666675,0.18282825472605305,3.0,0
2022-07-21,8,15017.0,0.2202349172450546,,,,,,,,,,,,,,,,,,,,,,,,,,,,,,,3.172227782217684,0.0,0.5,-0.49999950000050003,0.061259913044356434,8.0,1
2022-07-22,7,15024.0,0.0466138376506553,3.0795773886762947,0.0,0.0,0.0,0.0,1.0,,,,,,,,,,,,,,,,,,,,,,,,,3.2170217306373328,0.0,0.0,0.0,0.0,6.0,1
2022-07-25,7,14992.0,-0.2129925452609149,3.08525797668303,0.0,0.5,-0.49999950000050003,0.07142856122449125,2.0,,,,,,,,,,,,,,,,,,,,,,,,,3.1134737013742395,0.0,0.6666666666666666,-0.6666660000006667,0.08928570227466148,6.0,0
2022-07-26,7,14984.0,-0.0533617929562413,3.4267649157343447,0.0,1.0,-0.499999750000125,0.09090908264462885,2.0,,,,,,,,,,,,,,,,,,,,,,,,,3.2486979201365536,0.6,1.2,-0.33333308888910373,0.20380950023885389,5.0,0
2022-07-27,13,15020.0,0.2402562733582414,,,,,,,,,,,,,,,,,,,3.6672720858559344,0.5,0.5,0.0,0.12499998437500197,2.0,,,,,,,3.225765773586265,0.36363636363636365,0.18181818181818182,0.18181800000018183,0.06302308039681204,11.0,1
2022-07-28,11,14958.0,-0.4127829560585883,2.9159606222517116,0.0,1.0,-0.9999990000010001,0.09090908264462885,1.0,,,,,,,,,,,,,,,,,,,,,,,,,3.429180494002072,0.2,0.3,-0.0999999000001,0.05270201457850663,10.0,0
2022-07-29,9,14860.0,-0.6551678031822439,,,,,,,,,,,,,,,,,,,,,,,,,,,,,,,3.2661563464570684,0.2222222222222222,0.5555555555555556,-0.22222205555569444,0.11626704649972416,9.0,0
2022-08-01,7,14874.0,0.0942126514131835,3.642076170213799,0.5,0.5,0.0,0.09401708488567556,2.0,,,,,,,,,,,,,,,,,,,,,,,,,3.3072544601933416,0.4,0.4,0.0,0.10238093874716739,5.0,1
2022-08-02,7,14888.0,0.0941239747209943,3.407596942157747,0.0,0.0,0.0,0.0,1.0,3.407596942157747,0.0,0.0,0.0,0.0,1.0,3.4732438975770465,0.0,1.0,-0.9999990000010001,0.09999999000000101,1.0,2.6105426963199054,0.0,1.0,-0.9999990000010001,0.1428571224489825,1.0,,,,,,,2.92570798294102,0.0,0.75,-0.4999996250003125,0.13571426061224962,4.0,1
2022-08-03,13,14917.0,0.194787748522307,3.1333457996012637,0.0,0.3333333333333333,-0.33333300000033333,0.0476190408163275,3.0,,,,,,,,,,,,,,,,,,,,,,,,,3.1007645382525917,0.3,0.4,-0.0999999000001,0.09384919356772979,10.0,1
2022-08-04,8,14929.0,0.0804451297177655,2.7676608829508975,0.0,1.5,-0.4999998333333889,0.11538460650887643,2.0,,,,,,,,,,,,,,,,,,,,,,,,,2.8962916690216907,0.0,0.3333333333333333,-0.33333300000033333,0.03703703292181116,6.0,1
2022-08-05,6,14904.0,-0.1674593073883068,3.4015662126467854,0.0,0.5,-0.49999950000050003,0.07142856122449125,2.0,,,,,,,,,,,,,,,,,,,2.620726762711858,1.0,1.0,0.0,0.399999920000016,1.0,3.3955765601122856,0.0,1.6666666666666667,-0.999999222222926,0.18019478491929034,3.0,0
2022-08-08,11,14915.0,0.0738056897477079,2.8560489735328387,0.0,1.5,-0.999999250000625,0.1499999850000015,2.0,2.718485032120464,0.0,1.0,-0.9999990000010001,0.12142855622449175,2.0,,,,,,,,,,,,,,,,,,,3.3084215306105627,0.125,0.25,-0.12499987500012501,0.029513886369116747,8.0,1
2022-08-09,16,14862.0,-0.3553469661414676,3.170479111528564,0.3333333333333333,0.0,0.33333300000033333,0.030303027548209616,3.0,,,,,,,,,,,,,,,,,,,,,,,,,3.2806719491447276,0.15384615384615385,0.38461538461538464,-0.17948701709417378,0.06181317929912445,13.0,0
2022-08-10,15,14875.0,0.0874714035796087,3.045766908239271,0.0,0.3333333333333333,-0.33333300000033333,0.033333330000000334,3.0,,,,,,,,,,,,,,,,,,,,,,,,,3.355961662749376,0.08333333333333333,0.5833333333333334,-0.33333308333354167,0.08312982219120175,12.0,1
2022-08-11,16,14799.0,-0.5109243697479005,2.9825295814571735,0.0,0.5,-0.49999950000050003,0.062499992187500984,2.0,,,,,,,,,,,,,,,,,,,,,,,,,3.346076525420241,0.2857142857142857,0.2857142857142857,-0.0714284642858393,0.07477838585255626,14.0,0
2022-08-12,11,14688.0,-0.750050679099934,,,,,,,,,,,,,,,,,,,,,,,,,,,,,,,3.4593091614149434,0.0,0.36363636363636365,-0.36363600000036367,0.056060596035355556,11.0,0
2022-08-15,9,14727.0,0.2655228758170036,3.214590808608869,0.0,1.0,-0.9999990000010001,0.14583331163194774,2.0,,,,,,,,,,,,,,,,,,,,,,,,,2.966072941827972,0.14285714285714285,0.42857142857142855,-0.28571400000028574,0.11111108553792569,7.0,1
2022-08-16,7,14767.0,0.2716099680858397,3.5389829261333627,0.0,0.0,0.0,0.0,1.0,2.1278587055105134,0.0,0.0,0.0,0.0,1.0,,,,,,,,,,,,,,,,,,,3.2171147923309937,0.2,0.8,-0.19999993333335556,0.1246031585002541,5.0,1
2022-08-18,18,14822.0,0.3724520891176253,3.2337029844206278,0.16666666666666666,1.3333333333333333,-0.666666194444838,0.15033668523501156,6.0,3.0744932305118726,0.0,0.0,0.0,0.0,1.0,,,,,,,3.552193917547131,0.0,0.0,0.0,0.0,1.0,,,,,,,3.5312232629293825,0.0,0.3076923076923077,-0.3076920000003077,0.037762232511126065,13.0,1
2022-08-19,9,14858.0,0.2428822021319554,3.2341006049902923,0.0,4.0,-0.9999997500000625,0.4999999375000079,1.0,,,,,,,,,,,,,,,,,,,,,,,,,3.04196495683746,0.125,0.5,-0.2916664027780324,0.08531744857017043,8.0,1
2022-08-22,10,14882.0,0.1615291425494769,2.9202474531085705,0.0,1.0,-0.6666661666670833,0.0976430880182304,3.0,,,,,,,,,,,,,,,,,,,,,,,,,3.1129631979584893,0.0,0.2857142857142857,-0.28571400000028574,0.029761901537698778,7.0,1
2022-08-23,3,14893.0,0.0739147963983333,,,,,,,,,,,,,,,,,,,,,,,,,,,,,,,3.7027071986062334,0.0,1.0,-0.6666661666670833,0.12962961213992016,3.0,1
2022-08-24,5,14851.0,-0.2820116833411656,3.405727540854688,0.0,0.0,0.0,0.0,2.0,3.630089540747749,0.0,0.0,0.0,0.0,1.0,,,,,,,3.086948873182376,0.0,0.0,0.0,0.0,1.0,,,,,,,3.3918934405742207,0.0,0.5,-0.49999950000050003,0.04166666319444474,2.0,0
2022-08-25,7,14827.0,-0.1616052791057809,3.426380768045715,0.0,0.0,0.0,0.0,2.0,,,,,,,,,,,,,,,,,,,,,,,,,3.331487427213493,0.2,0.2,0.0,0.0507936442428832,5.0,0
2022-08-26,4,14814.0,-0.0876778849396409,3.769288511732079,0.0,0.0,0.0,0.0,1.0,,,,,,,,,,,,,,,,,,,,,,,,,3.6309412608687825,0.0,0.3333333333333333,-0.33333300000033333,0.04166666145833399,3.0,0
2022-08-29,12,14887.0,0.4927771027406491,2.5207282731975176,0.6666666666666666,1.3333333333333333,-0.44444407407441977,0.23611108159722613,3.0,2.388858658432139,1.0,2.0,-0.33333322222225925,0.3749999531250059,1.0,,,,,,,,,,,,,,,,,,,3.3450652135184678,0.0,0.3333333333333333,-0.3333330000003334,0.05092591801697656,9.0,1
2022-08-30,8,14875.0,-0.0806072412171676,3.4711688429450835,0.0,0.5,-0.49999950000050003,0.04166666319444474,2.0,,,,,,,,,,,,,,,,,,,,,,,,,3.62199536599998,0.16666666666666666,0.8333333333333334,-0.4999995833337083,0.12030421800640041,6.0,0
2022-08-31,7,14853.0,-0.1478991596638668,3.23912555100501,0.0,0.5,-0.49999950000050003,0.03846153550295881,2.0,,,,,,,,,,,,,,,,,,,,,,,,,3.3081229457805925,0.0,0.6,-0.5999994000006,0.08722220862808869,5.0,0
2022-09-01,5,14884.0,0.2087120447047841,3.099905505168782,0.0,1.0,-0.9999990000010001,0.12499998437500197,1.0,,,,,,,,,,,,,3.341731647695513,0.0,0.0,0.0,0.0,1.0,,,,,,,3.360724067013143,0.0,0.6666666666666666,-0.6666660000006667,0.10317458711262534,3.0,1
2022-09-02,3,14900.0,0.1074979844127854,3.507371845896333,0.0,1.0,-0.9999990000010001,0.1428571224489825,1.0,,,,,,,,,,,,,,,,,,,,,,,,,2.791644568877174,0.0,0.5,-0.49999950000050003,0.08333331944444676,2.0,1
2022-09-05,5,14920.0,0.1342281879194606,3.6142844206863582,0.0,0.0,0.0,0.0,1.0,,,,,,,,,,,,,2.6420658488478828,1.0,0.0,0.9999990000010001,0.12499998437500197,1.0,,,,,,,2.919131622425688,0.0,1.3333333333333333,-0.9999991666674166,0.1583333143750023,3.0,1
2022-09-06,4,14885.0,-0.2345844504021421,3.3251050642541276,0.0,1.0,-0.9999990000010001,0.11111109876543349,2.0,,,,,,,,,,,,,3.1533069103111355,0.0,1.5,-0.999999250000625,0.13888887577160622,2.0,,,,,,,2.3858025744770814,0.0,1.0,-0.499999750000125,0.08333332638888948,2.0,0
2022-09-07,9,14927.0,0.2821632515955574,3.3061787385901,0.0,1.0,-0.9999990000010001,0.10569984382750026,3.0,3.469038664838218,0.0,1.0,-0.9999990000010001,0.09090908264462885,1.0,,,,,,,3.2560010356780498,0.0,1.3333333333333333,-0.9999991666674166,0.13518517130658583,3.0,,,,,,,3.8174751591960563,0.0,0.5,-0.49999950000050003,0.05902777078510886,4.0,1
2022-09-08,5,14905.0,-0.1473839351510686,,,,,,,,,,,,,,,,,,,,,,,,,,,,,,,3.4420892193642794,0.0,0.2,-0.1999998000002,0.0285714244897965,5.0,0
2022-09-09,11,14846.0,-0.3958403220395867,2.582827913041747,0.0,1.0,-0.9999990000010001,0.12499998437500197,1.0,2.57530435899111,0.0,0.0,0.0,0.0,1.0,,,,,,,,,,,,,,,,,,,3.6012316428678437,0.1111111111111111,0.1111111111111111,0.0,0.027777774305555992,9.0,0
2022-09-12,9,14839.0,-0.047150747676139,2.8640641053337577,1.0,0.0,0.9999990000010001,0.09090908264462885,1.0,,,,,,,,,,,,,,,,,,,,,,,,,3.4955748720383033,0.25,0.25,0.0,0.06696427670599611,8.0,0
2022-09-13,10,14861.0,0.148257968865817,2.5714149082124322,0.0,1.0,-0.9999990000010001,0.09999999000000101,1.0,,,,,,,,,,,,,,,,,,,,,,,,,3.680156149886729,0.1111111111111111,0.4444444444444444,-0.3333330000003334,0.07372133028358811,9.0,1
2022-09-14,20,14923.0,0.4171993809299446,2.754400654532982,0.5,0.0,0.49999950000050003,0.05555554938271674,2.0,,,,,,,,,,,,,,,,,,,,,,,,,3.0017593252205823,0.05263157894736842,0.3157894736842105,-0.1578946315790263,0.05816623784266651,19.0,1
2022-09-15,6,14899.0,-0.1608255712658324,2.706788553139565,0.0,2.0,-0.99999950000025,0.24999996875000394,1.0,2.124383285537794,1.0,0.0,0.9999990000010001,0.199999960000008,1.0,,,,,,,,,,,,,,,,,,,3.1012368331517752,0.0,0.25,-0.24999975000025002,0.022727270661157213,4.0,0
2022-09-16,7,14939.0,0.2684743942546586,2.657421462804817,1.0,0.0,0.9999990000010001,0.11111109876543349,1.0,,,,,,,,,,,,,,,,,,,2.7436338696553406,0.0,0.0,0.0,0.0,1.0,2.968097525009734,0.16666666666666666,0.3333333333333333,-0.16666650000016667,0.06613755727723308,6.0,1
2022-09-19,8,14980.0,0.2744494276725406,3.4734391746558972,0.3333333333333333,1.3333333333333333,-0.6666661666670833,0.15502644006130997,3.0,,,,,,,3.563183590862955,1.0,1.0,0.0,0.24999996875000394,1.0,,,,,,,,,,,,,3.253116954542697,0.25,0.25,0.0,0.07499998750000225,4.0,1
2022-09-20,7,14975.0,-0.0333778371161552,,,,,,,,,,,,,,,,,,,,,,,,,,,,,,,3.0999585906938703,0.0,0.2857142857142857,-0.28571400000028574,0.05952379662698702,7.0,0
2022-09-21,13,15011.0,0.2404006677796388,2.8281144788296735,0.0,1.6666666666666667,-0.9999993333338333,0.20357140309098964,3.0,2.521604661948152,0.0,2.0,-0.99999950000025,0.285714244897965,1.0,,,,,,,4.0370241990697275,0.0,0.0,0.0,0.0,1.0,,,,,,,3.504331247774691,0.2,0.0,0.1999998000002,0.0222222197530867,10.0,1
2022-09-22,20,15033.0,0.1465591899273866,2.9814779889903713,0.0,1.4,-0.7999995000003499,0.12929291714621075,5.0,,,,,,,,,,,,,,,,,,,,,,,,,3.3459670744794696,0.13333333333333333,0.4,-0.2222220148150173,0.06521403677578899,15.0,1
2022-09-23,10,15035.0,0.0133040643916615,2.9424030842104933,1.0,3.0,-0.49999987500003124,0.39999996000000404,1.0,,,,,,,,,,,,,3.124459696931591,0.0,2.0,-0.99999950000025,0.19999998000000202,1.0,,,,,,,3.2298380913805307,0.125,0.625,-0.37499968750028123,0.09631408870634259,8.0,1
2022-09-26,13,15119.0,0.558696375124712,2.9340708712117154,0.0,0.5,-0.49999950000050003,0.045454541322314426,2.0,,,,,,,,,,,,,,,,,,,3.0940365254869246,0.0,2.0,-0.99999950000025,0.16666665277777895,1.0,3.156681709115932,0.2,1.0,-0.4333330388891287,0.13325756037326097,10.0,1
2022-09-27,8,15155.0,0.238110986176343,2.916702401179128,0.0,1.0,-0.6666661666670833,0.0976430880182304,3.0,,,,,,,,,,,,,,,,,,,,,,,,,3.057129299142326,0.4,0.6,-0.1999998000002,0.1355555355308674,5.0,1
2022-09-28,4,15243.0,0.5806664467172595,3.750033911047536,0.0,2.0,-0.99999950000025,0.285714244897965,1.0,,,,,,,,,,,,,,,,,,,,,,,,,3.221061396087213,0.0,0.6666666666666666,-0.33333316666675,0.07407406584362232,3.0,1
2022-09-29,4,15247.0,0.0262415534999727,3.61863283184297,0.0,0.0,0.0,0.0,1.0,,,,,,,,,,,,,,,,,,,,,,,,,3.011366625454761,0.0,0.3333333333333333,-0.33333300000033333,0.03703703292181116,3.0,1
2022-09-30,6,15232.0,-0.0983800091821307,3.1756520667899335,0.0,0.0,0.0,0.0,1.0,,,,,,,,,,,,,,,,,,,,,,,,,3.124051285789439,0.6,1.0,-0.06666674444430183,0.19444441925617637,5.0,0
2022-10-03,10,15293.0,0.4004726890756371,3.2164704912801416,0.0,1.0,-0.7499993750005625,0.07994504841474515,4.0,3.067106356677897,0.0,0.5,-0.49999950000050003,0.03846153550295881,2.0,,,,,,,,,,,,,,,,,,,3.2015473420821827,0.0,0.5,-0.33333308333354167,0.06547618186649774,6.0,1
2022-10-04,11,15276.0,-0.1111619695285393,3.153868211852207,0.0,0.5,-0.2499998750000625,0.099999980000004,4.0,,,,,,,,,,,,,3.381370253719853,0.0,1.0,-0.9999990000010001,0.11666665291666832,3.0,,,,,,,3.5017308677078294,0.0,0.25,-0.24999975000025002,0.02777777469135837,4.0,0
2022-10-05,7,15196.0,-0.523697302958892,3.2080090198991003,0.3333333333333333,1.0,-0.16666662500001042,0.12121211019283847,3.0,,,,,,,,,,,,,3.5300231825775468,0.0,1.0,-0.9999990000010001,0.11111109876543349,1.0,,,,,,,3.321688933291832,0.0,0.3333333333333333,-0.33333300000033333,0.0476190408163275,3.0,0
2022-10-06,16,15197.0,0.0065806791260891,2.7937518846884086,0.0,0.5,-0.49999950000050003,0.09821426498724953,4.0,,,,,,,,,,,,,3.199817940548636,0.0,1.125,-0.8749992083340973,0.15500989828741438,8.0,,,,,,,2.6189673175420003,0.0,0.4,-0.19999990000005,0.03076922840236705,5.0,1
2022-10-07,11,15246.0,0.3224320589590101,2.715440245593251,0.0,1.0,-0.9999990000010001,0.08333332638888948,1.0,1.9799959681789558,0.0,0.0,0.0,0.0,1.0,,,,,,,3.370701648267981,0.0,0.5,-0.49999950000050003,0.05208332769097286,4.0,,,,,,,3.217008852451076,0.2,1.2,-0.49999967500025627,0.12803029104396352,5.0,1
2022-10-10,9,15299.0,0.3476321658139936,2.759443046268017,0.0,0.5,-0.49999950000050003,0.03846153550295881,2.0,,,,,,,,,,,,,3.1162871432592922,0.0,1.0,-0.9999990000010001,0.11111109876543349,1.0,,,,,,,3.0875367474403155,0.0,0.16666666666666666,-0.16666650000016667,0.02380952040816375,6.0,1
2022-10-11,12,15362.0,0.4117916203673522,3.6313662489808385,0.0,0.5,-0.49999950000050003,0.03846153550295881,2.0,,,,,,,,,,,,,3.397254921710635,0.0,1.0,-0.9999990000010001,0.09401708488567556,2.0,,,,,,,3.178008085604588,0.0,0.3333333333333333,-0.3333330000003334,0.04012345194615971,9.0,1
2022-10-12,14,15373.0,0.0716052597317995,3.139100257732593,0.0,0.5,-0.49999950000050003,0.047222217731481914,6.0,2.917770762867562,0.0,2.0,-0.99999950000025,0.19999998000000202,1.0,,,,,,,,,,,,,2.7622470355405557,0.0,1.0,-0.9999990000010001,0.12499998437500197,1.0,3.307765323721018,0.0,0.3333333333333333,-0.33333300000033333,0.04047618540816392,6.0,1
2022-10-13,14,15357.0,-0.1040785793273935,3.1969188320992266,0.0,0.0,0.0,0.0,1.0,,,,,,,,,,,,,3.26196516923577,0.0,3.0,-0.9999996666667778,0.33333329629630043,1.0,,,,,,,3.3602175642195156,0.25,0.16666666666666666,0.08333325000008333,0.06696427410183042,12.0,0
2022-10-14,17,15390.0,0.2148857198671638,2.769432878408144,0.0,0.3333333333333333,-0.33333300000033333,0.03703703292181116,3.0,,,,,,,,,,,,,3.4011508373809525,0.0,1.0,-0.9999990000010001,0.09999999000000101,1.0,,,,,,,2.9512262422541986,0.15384615384615385,0.6923076923076923,-0.3461535673079447,0.12179485274216852,13.0,1
2022-10-17,12,15480.0,0.5847953216374213,2.85975229450969,0.0,0.3333333333333333,-0.33333300000033333,0.04166666145833399,3.0,,,,,,,,,,,,,,,,,,,,,,,,,2.804572285100709,0.1111111111111111,0.4444444444444444,-0.14814808024694548,0.054994382829417064,9.0,1
2022-10-18,6,15469.0,-0.0710594315245449,2.5432264588890874,0.0,0.8,-0.59999950000045,0.11818179777892968,5.0,,,,,,,,,,,,,,,,,,,,,,,,,2.6469374952588267,0.0,1.0,-0.9999990000010001,0.19642852997449906,2.0,0
2022-10-19,7,15491.0,0.1422199237184118,3.3629810907015965,0.0,0.6666666666666666,-0.6666660000006667,0.0611111054629635,3.0,3.620376413739235,0.0,1.0,-0.9999990000010001,0.09999999000000101,1.0,,,,,,,,,,,,,,,,,,,3.2260978610895243,0.25,0.5,-0.24999975000025002,0.11904760005669238,4.0,1
2022-10-20,5,15579.0,0.5680717836162863,2.765104522000756,0.0,1.0,-0.499999750000125,0.12499998437500197,2.0,,,,,,,,,,,,,,,,,,,,,,,,,3.054834538606689,0.0,0.3333333333333333,-0.33333300000033333,0.04166666145833399,3.0,1
2022-10-21,7,15610.0,0.1989858142371181,2.1070460354334224,0.0,0.0,0.0,0.0,1.0,3.222295871522093,1.0,0.0,0.9999990000010001,0.11111109876543349,1.0,,,,,,,,,,,,,2.959071011559316,0.0,2.0,-0.99999950000025,0.19999998000000202,1.0,3.4703540903279784,0.75,0.25,0.49999950000050003,0.10389609259571726,4.0,1
2022-10-24,5,15590.0,-0.1281229980781506,3.1307646033362024,0.0,1.5,-0.999999250000625,0.15555553938271777,2.0,,,,,,,,,,,,,,,,,,,,,,,,,3.4665029743121827,0.3333333333333333,0.6666666666666666,-0.33333300000033333,0.09722221238426032,3.0,0
2022-10-25,6,15616.0,0.1667735728030805,,,,,,,,,,,,,,,,,,,3.408604895409643,0.0,1.0,-0.9999990000010001,0.11111109876543349,1.0,,,,,,,2.87621622594773,0.0,0.4,-0.3999996000004,0.064999988875002,5.0,1
2022-10-26,7,15596.0,-0.1280737704917989,4.011971153810583,0.0,1.0,-0.9999990000010001,0.07692307100591762,1.0,,,,,,,,,,,,,2.543924803142332,0.0,1.0,-0.9999990000010001,0.16666663888889352,1.0,,,,,,,3.43984182266297,0.6,0.6,0.0,0.1501587109755631,5.0,0
2022-10-27,3,15573.0,-0.1474737112080015,2.7597955169263506,0.0,0.5,-0.49999950000050003,0.05555554938271674,2.0,3.122716884054673,0.0,1.0,-0.9999990000010001,0.05882352595155729,1.0,,,,,,,,,,,,,,,,,,,,,,,,,0
2022-10-28,6,15542.0,-0.1990624799332208,3.590300030762618,0.0,1.0,-0.9999990000010001,0.07692307100591762,1.0,,,,,,,,,,,,,,,,,,,,,,,,,3.4780089181315836,0.0,0.2,-0.1999998000002,0.0285714244897965,5.0,0
2022-10-31,10,15596.0,0.3474456311928886,3.0386181868488027,0.0,1.0,-0.6666661666670833,0.10317459174225381,3.0,,,,,,,,,,,,,,,,,,,,,,,,,3.262842562663635,0.5714285714285714,0.2857142857142857,0.14285707142860712,0.09995360583760658,7.0,1
2022-11-01,6,15647.0,0.3270069248525242,3.4282273419504543,0.0,1.0,-0.499999750000125,0.1428571224489825,2.0,,,,,,,,,,,,,2.591477094318689,0.0,2.0,-0.99999950000025,0.285714244897965,1.0,2.591477094318689,0.0,2.0,-0.99999950000025,0.285714244897965,1.0,3.055058228904128,0.0,1.0,-0.5999996000003,0.1342856959591862,5.0,1
2022-11-02,9,15652.0,0.0319550073496488,2.648090574792363,0.0,2.0,-0.99999950000025,0.22222219753086697,1.0,,,,,,,,,,,,,3.6982022602462328,0.0,0.0,0.0,0.0,1.0,,,,,,,3.1455821185583743,0.0,0.42857142857142855,-0.42857100000042864,0.05833332439484278,7.0,1
2022-11-03,8,15681.0,0.1852798364426311,3.0671608599842592,0.0,0.0,0.0,0.0,1.0,,,,,,,,,,,,,,,,,,,,,,,,,3.6597782895252746,0.14285714285714285,0.0,0.14285700000014287,0.014285712857143001,7.0,1
2022-11-04,7,15736.0,0.3507429373126758,3.85939288934491,0.0,2.0,-0.99999950000025,0.16666665277777895,1.0,,,,,,,,,,,,,,,,,,,,,,,,,3.246255301694224,0.14285714285714285,0.7142857142857143,-0.42857107142889284,0.08696659551932596,7.0,1
2022-11-07,6,15692.0,-0.2796136248093495,3.0213938211314213,0.0,0.5,-0.49999950000050003,0.049999995000000505,2.0,,,,,,,,,,,,,,,,,,,,,,,,,3.2587054639251685,0.25,0.25,0.0,0.062499992187500984,4.0,0
2022-11-08,2,15684.0,-0.0509813917919932,,,,,,,,,,,,,,,,,,,,,,,,,,,,,,,2.960046423922842,0.0,1.0,-0.499999750000125,0.11111109876543349,2.0,0
2022-11-09,8,15654.0,-0.191277735271611,3.2887421511861437,0.0,1.0,-0.499999750000125,0.09090908264462885,2.0,,,,,,,,,,,,,,,,,,,,,,,,,2.968275095570823,0.0,0.8333333333333334,-0.8333325000008335,0.12427246741305324,6.0,0
2022-11-10,11,15701.0,0.3002427494570137,2.9189811913611505,0.0,0.0,0.0,0.0,1.0,,,,,,,,,,,,,,,,,,,,,,,,,3.399116179468565,0.2,0.5,-0.199999850000125,0.08916665507639043,10.0,1
2022-11-11,19,15493.0,-1.3247563849436372,3.1820856127142623,0.5,0.0,0.49999950000050003,0.05555554938271674,2.0,2.335232764226068,0.0,2.0,-0.99999950000025,0.33333327777778704,1.0,,,,,,,,,,,,,,,,,,,3.0502654422797515,0.0625,0.5,-0.37499965625032816,0.10448906628365395,16.0,0
2022-11-14,7,15499.0,0.0387271671077327,3.0888377580461874,0.0,4.0,-0.9999997500000625,0.3333333055555579,1.0,,,,,,,,,,,,,3.0526314212408803,1.0,1.0,0.0,0.22222219753086697,1.0,2.58725612013348,0.0,2.0,-0.99999950000025,0.285714244897965,1.0,3.1330944886718757,0.0,1.0,-0.49999966666694445,0.14374997828125347,4.0,1
2022-11-15,7,15564.0,0.4193818956061745,3.3392849480439613,0.0,0.0,0.0,0.0,1.0,,,,,,,,,,,,,,,,,,,,,,,,,3.3155846458407225,0.16666666666666666,0.0,0.16666650000016667,0.01388888773148158,6.0,1
2022-11-16,12,15610.0,0.295553842199947,3.3776698742525593,0.16666666666666666,0.8333333333333334,-0.6666660000006667,0.1111832477933808,6.0,3.3996560690953372,0.0,0.0,0.0,0.0,1.0,,,,,,,,,,,,,,,,,,,3.4516326762871183,0.3333333333333333,0.3333333333333333,-0.16666641666695836,0.12103172295446418,6.0,1
2022-11-17,12,15687.0,0.4932735426008916,3.228694218923458,0.16666666666666666,1.1666666666666667,-0.6666661666670833,0.13863634900654428,6.0,,,,,,,,,,,,,,,,,,,,,,,,,3.1911148215911864,0.3333333333333333,0.16666666666666666,0.16666650000016667,0.05370369792181132,6.0,1
2022-11-18,7,15692.0,0.0318735258494351,3.4241073470886563,0.0,2.0,-0.99999950000025,0.22222219753086697,1.0,,,,,,,,,,,,,,,,,,,2.387241843207248,0.0,3.0,-0.9999996666667778,0.4285713673469475,1.0,3.303126253056609,0.4,0.2,0.1999998000002,0.10666664044445225,5.0,1
2022-11-21,8,15707.0,0.0955901096099998,3.3737571768838475,0.0,0.0,0.0,0.0,2.0,,,,,,,,,,,,,,,,,,,,,,,,,2.5485839725795825,0.3333333333333333,0.3333333333333333,0.0,0.08749998739583532,6.0,1
2022-11-22,7,15716.0,0.0572992933087102,,,,,,,4.003068933152335,0.0,1.0,-0.9999990000010001,0.11111109876543349,1.0,,,,,,,,,,,,,,,,,,,3.388165429926565,0.16666666666666666,0.5,-0.33333300000033333,0.07077921295637353,6.0,1
2022-11-23,6,15700.0,-0.1018070755917532,3.2932944839989,0.0,1.0,-0.499999750000125,0.12499998437500197,2.0,,,,,,,,,,,,,,,,,,,2.716954806972479,0.0,2.0,-0.99999950000025,0.22222219753086697,1.0,3.2178995343103622,0.0,0.3333333333333333,-0.33333300000033333,0.05555554629629784,3.0,0
2022-11-24,6,15647.0,-0.3375796178343937,2.485931867050138,0.0,1.0,-0.9999990000010001,0.11805554157021772,2.0,,,,,,,,,,,,,,,,,,,,,,,,,3.0822500227989504,0.0,0.5,-0.2499998750000625,0.062499992187500984,4.0,0
2022-11-25,3,15668.0,0.1342110308685473,3.1132638241737056,0.5,0.0,0.49999950000050003,0.07142856122449125,2.0,,,,,,,,,,,,,,,,,,,,,,,,,3.817184326067685,1.0,0.0,0.9999990000010001,0.199999960000008,1.0,1
2022-11-28,12,15729.0,0.3893285677814662,3.2767111286414683,0.0,0.0,0.0,0.0,3.0,,,,,,,,,,,,,,,,,,,3.036386942941468,0.5,1.5,-0.6666661111116297,0.37499992708334806,2.0,3.0447639743923327,0.14285714285714285,0.7142857142857143,-0.285714095238254,0.11547617441468484,7.0,1
2022-11-29,2,15737.0,0.050861466081753,,,,,,,,,,,,,,,,,,,,,,,,,3.5250024681313756,0.0,1.0,-0.9999990000010001,0.09999999000000101,1.0,3.500488062461396,0.0,1.0,-0.9999990000010001,0.09999999000000101,1.0,1
2022-11-30,6,15742.0,0.0317722564656453,2.733417981358817,0.0,2.0,-0.99999950000025,0.22222219753086697,1.0,2.3539846504102284,0.0,2.0,-0.99999950000025,0.22222219753086697,1.0,,,,,,,3.7480439187851475,0.0,1.0,-0.9999990000010001,0.16666663888889352,1.0,3.111007949020541,0.0,0.0,0.0,0.0,1.0,3.6189207729156347,0.0,0.0,0.0,0.0,2.0,1
2022-12-01,9,15617.0,-0.7940541227290043,3.290397534763718,0.0,1.5,-0.4999998333333889,0.1363636239669433,2.0,,,,,,,,,,,,,,,,,,,2.382610725928857,0.0,1.0,-0.9999990000010001,0.199999960000008,1.0,3.5755991416101374,0.16666666666666666,0.5,-0.166666583333375,0.07870369438014514,6.0,0
2022-12-02,8,15429.0,-1.2038163539732305,2.7872493312979665,0.0,0.0,0.0,0.0,1.0,2.9123362527455066,0.0,0.5,-0.49999950000050003,0.07142856122449125,2.0,,,,,,,,,,,,,2.42502534410394,0.0,2.0,-0.99999950000025,0.285714244897965,1.0,3.425854999340772,0.0,0.0,0.0,0.0,5.0,0
2022-12-05,4,15409.0,-0.1296260289066042,,,,,,,3.668454388118999,0.0,0.5,-0.49999950000050003,0.049999995000000505,2.0,,,,,,,3.668454388118999,0.0,0.5,-0.49999950000050003,0.049999995000000505,2.0,,,,,,,3.2717957003253515,0.0,0.0,0.0,0.0,2.0,0
2022-12-06,5,15576.0,1.083782205204753,2.517284679907202,0.0,0.0,0.0,0.0,2.0,,,,,,,,,,,,,3.4911129863952457,0.0,1.0,-0.9999990000010001,0.11111109876543349,1.0,3.1159043695449578,0.0,1.0,-0.9999990000010001,0.11111109876543349,1.0,3.583524394589234,0.0,1.0,-0.9999990000010001,0.11111109876543349,1.0,1
2022-12-07,9,15619.0,0.2760657421674306,3.6557477101682485,0.0,0.5,-0.49999950000050003,0.045454541322314426,2.0,,,,,,,,,,,,,,,,,,,,,,,,,2.9175262427254767,0.0,0.42857142857142855,-0.28571407142875,0.06428570410714456,7.0,1
2022-12-08,6,15624.0,0.0320122927204069,3.540995312314623,0.0,0.0,0.0,0.0,3.0,3.9974707604704394,0.0,0.5,-0.49999950000050003,0.049999995000000505,2.0,,,,,,,3.2387298862493945,0.0,1.0,-0.9999990000010001,0.08333332638888948,1.0,,,,,,,3.5162361900694767,0.0,1.0,-0.9999990000010001,0.199999960000008,1.0,1
2022-12-09,8,15587.0,-0.2368151561699893,3.517960201087017,0.0,1.25,-0.9999991250008126,0.13749998468750174,4.0,3.60914098302099,0.0,2.0,-0.99999950000025,0.19999998000000202,1.0,,,,,,,,,,,,,,,,,,,3.3892276307816727,0.0,0.75,-0.7499992500007501,0.08969154736715333,4.0,0
2022-12-12,17,15642.0,0.3528581510232831,3.872751287635639,0.0,2.0,-0.99999950000025,0.1818181652892577,1.0,2.7757236212525025,0.0,1.0,-0.9999990000010001,0.08333332638888948,1.0,,,,,,,,,,,,,,,,,,,3.4553354336405895,0.06666666666666667,0.5333333333333333,-0.33333304444471856,0.0817460194286995,15.0,1
2022-12-13,10,15661.0,0.1214678429868332,3.04766668020046,0.0,0.5,-0.49999950000050003,0.099999980000004,2.0,2.550030964561423,0.0,1.0,-0.9999990000010001,0.12499998437500197,1.0,,,,,,,,,,,,,2.550030964561423,0.0,1.0,-0.9999990000010001,0.12499998437500197,1.0,3.7215791770705478,0.14285714285714285,0.14285714285714285,0.0,0.03339517215623019,7.0,1
2022-12-14,25,15619.0,-0.2681821084221991,3.3259827881203803,0.0,0.0,0.0,0.0,2.0,,,,,,,,,,,,,3.2647525214385085,0.0,1.0,-0.9999990000010001,0.09999999000000101,1.0,,,,,,,3.2871237880756428,0.045454545454545456,0.4090909090909091,-0.27272704545474996,0.07256492274640762,22.0,0
2022-12-15,15,15630.0,0.0704270439848997,,,,,,,,,,,,,,,,,,,,,,,,,,,,,,,3.273087891312221,0.2,0.2,0.0,0.053547371067455586,15.0,1
2022-12-16,11,15617.0,-0.0831733845169546,3.53578129099681,0.25,0.0,0.24999975000025002,0.031249996093750492,4.0,3.5893835083860552,0.0,0.0,0.0,0.0,1.0,3.501939047476306,1.0,0.0,0.9999990000010001,0.12499998437500197,1.0,,,,,,,,,,,,,2.8846381991833545,0.14285714285714285,0.2857142857142857,-0.14285700000014287,0.076190462539685,7.0,0
2022-12-19,3,15621.0,0.0256131139143134,,,,,,,2.603897443961932,0.0,2.0,-0.99999950000025,0.22222219753086697,1.0,,,,,,,,,,,,,,,,,,,3.7365879181632184,0.0,0.5,-0.49999950000050003,0.062499992187500984,2.0,1
2022-12-20,5,15608.0,-0.0832213046539909,4.018513318034623,0.0,0.0,0.0,0.0,1.0,,,,,,,,,,,,,3.658252119457391,0.0,2.0,-0.99999950000025,0.19999998000000202,1.0,,,,,,,3.29219054647227,0.3333333333333333,0.3333333333333333,0.0,0.12222219962963383,3.0,0
2022-12-21,3,15601.0,-0.0448487954894938,3.575210319525421,0.0,0.0,0.0,0.0,2.0,,,,,,,,,,,,,,,,,,,,,,,,,2.999302215771818,0.0,0.0,0.0,0.0,1.0,0
2022-12-22,2,15594.0,-0.0448689186590578,,,,,,,,,,,,,,,,,,,,,,,,,,,,,,,3.1496311309708105,0.0,1.0,-0.499999750000125,0.199999960000008,2.0,0
2022-12-23,5,15605.0,0.0705399512633153,2.968412422190693,1.0,0.0,0.9999990000010001,0.09090908264462885,1.0,,,,,,,,,,,,,,,,,,,,,,,,,3.5436898955380194,0.25,0.25,0.0,0.10416664409722728,4.0,1
2022-12-26,3,15636.0,0.1986542774751631,,,,,,,,,,,,,,,,,,,4.336044649625965,0.0,0.0,0.0,0.0,1.0,,,,,,,3.0287109205303437,0.0,0.3333333333333333,-0.33333300000033333,0.05555554629629784,3.0,1
2022-12-27,1,15659.0,0.1470964441033562,,,,,,,2.794927737898412,0.0,2.0,-0.99999950000025,0.33333327777778704,1.0,,,,,,,,,,,,,,,,,,,,,,,,,1
2022-12-28,2,15703.0,0.2809885688741298,3.365123400465357,0.0,1.0,-0.9999990000010001,0.12499998437500197,1.0,3.365123400465357,0.0,1.0,-0.9999990000010001,0.12499998437500197,1.0,,,,,,,,,,,,,,,,,,,2.6911235826424535,2.0,0.0,0.99999950000025,0.399999920000016,1.0,1
2022-12-29,1,15731.0,0.178309877093552,,,,,,,,,,,,,,,,,,,,,,,,,,,,,,,4.098237596340291,0.0,0.0,0.0,0.0,1.0,1
2022-12-30,5,15592.0,-0.8836056194774677,3.1624839950491843,0.0,0.75,-0.4999996250003125,0.09374998828125147,4.0,,,,,,,,,,,,,3.348492299235542,0.0,0.0,0.0,0.0,1.0,3.217770003302073,0.0,2.0,-0.99999950000025,0.24999996875000394,1.0,3.883626725427627,0.0,0.0,0.0,0.0,1.0,0
2023-01-02,1,15572.0,-0.1282709081580346,,,,,,,,,,,,,,,,,,,,,,,,,,,,,,,3.0107722153547156,0.0,0.0,0.0,0.0,1.0,0
2023-01-03,2,15590.0,0.1155920883637362,3.292195323843615,0.0,0.0,0.0,0.0,1.0,,,,,,,,,,,,,,,,,,,,,,,,,3.951504650951246,1.0,0.0,0.9999990000010001,0.1428571224489825,1.0,1
2023-01-04,6,15615.0,0.1603592046183433,3.212094624272291,0.0,0.0,0.0,0.0,1.0,,,,,,,,,,,,,3.7446711945730797,1.0,0.0,0.9999990000010001,0.12499998437500197,1.0,,,,,,,3.4023969475591214,0.25,0.0,0.24999975000025002,0.03571428061224562,4.0,1
2023-01-05,4,15610.0,-0.032020493115592,3.883323980105311,0.0,3.0,-0.9999996666667778,0.21428569897959293,1.0,,,,,,,,,,,,,,,,,,,,,,,,,3.322471627517935,0.0,0.0,0.0,0.0,3.0,0
2023-01-06,4,15635.0,0.1601537475977021,,,,,,,,,,,,,,,,,,,,,,,,,,,,,,,3.047368568678948,0.0,0.25,-0.24999975000025002,0.04166665972222338,4.0,1
2023-01-09,7,15574.0,-0.3901503038055698,3.1041327608146356,0.0,0.0,0.0,0.0,2.0,3.289947873843748,0.0,0.0,0.0,0.0,1.0,,,,,,,,,,,,,,,,,,,3.5621856672067893,0.2,0.2,0.0,0.055555547530865404,5.0,0
2023-01-10,7,15589.0,0.0963143701040225,4.208328406311563,0.0,0.0,0.0,0.0,1.0,,,,,,,,,,,,,,,,,,,,,,,,,3.5012735892768254,0.5,0.0,0.49999950000050003,0.05787036365097816,6.0,1
2023-01-11,8,15527.0,-0.3977163384437765,3.647648181027781,1.0,1.0,0.0,0.16666665277777895,1.0,,,,,,,,,,,,,,,,,,,,,,,,,3.465642455338519,0.14285714285714285,0.14285714285714285,0.0,0.047619039682541005,7.0,0
2023-01-12,13,15366.0,-1.036903458491656,3.150825954008422,0.0,0.0,0.0,0.0,3.0,,,,,,,,,,,,,,,,,,,,,,,,,3.2996542387846377,0.2,0.7,-0.15999993800002738,0.11878786110009473,10.0,0
2023-01-13,16,15177.0,-1.2299882858258449,,,,,,,,,,,,,,,,,,,3.123790698797309,1.0,0.0,0.9999990000010001,0.1428571224489825,1.0,,,,,,,3.047051855244976,0.06666666666666667,0.3333333333333333,-0.2666664000002667,0.06499998856944661,15.0,0
2023-01-16,9,15019.0,-1.0410489556565872,2.881935263378147,0.0,1.0,-0.499999750000125,0.09090908264462885,2.0,,,,,,,,,,,,,,,,,,,,,,,,,3.071754252642864,0.42857142857142855,0.2857142857142857,0.14285700000014287,0.09092097158482823,7.0,0
2023-01-17,5,15154.0,0.8988614421732377,3.2039337973095434,0.0,1.0,-0.499999750000125,0.12499998437500197,2.0,,,,,,,,,,,,,,,,,,,,,,,,,3.3573858014063336,0.6666666666666666,0.3333333333333333,0.33333300000033333,0.09259258384773748,3.0,1
2023-01-18,11,15137.0,-0.1121816022172317,3.3035733435139383,0.5,0.5,0.0,0.11111109876543349,4.0,3.0439703108839358,0.0,1.0,-0.9999990000010001,0.12499998437500197,1.0,,,,,,,,,,,,,,,,,,,3.5750960482928336,0.0,0.0,0.0,0.0,6.0,0
2023-01-19,11,15113.0,-0.1585518927132212,2.818400816929097,0.0,0.8,-0.59999950000045,0.1099999837500026,5.0,,,,,,,2.132735294844473,0.0,1.0,-0.9999990000010001,0.199999960000008,1.0,3.5279567255378073,0.0,2.0,-0.99999950000025,0.19999998000000202,1.0,,,,,,,3.4717603010977394,0.4,0.6,-0.1999998000002,0.1404761705073725,5.0,0
2023-01-20,6,15121.0,0.0529345596506303,3.4364655330043776,0.0,1.0,-0.9999990000010001,0.09090908264462885,1.0,,,,,,,,,,,,,2.9481979115977373,1.0,0.0,0.9999990000010001,0.07692307100591762,1.0,,,,,,,3.3234296887354344,0.5,0.0,0.49999950000050003,0.06696427670599611,4.0,1
2023-01-24,13,14930.0,-1.263143971959524,2.9157145762781966,0.0,1.0,-0.499999750000125,0.09999999000000101,2.0,2.679423368636227,0.0,1.0,-0.9999990000010001,0.14583331163194774,2.0,,,,,,,3.5177770041670633,0.0,0.0,0.0,0.0,1.0,,,,,,,3.3888498499449593,0.25,0.5,-0.24999975000025002,0.08919551551975008,8.0,0
2023-01-25,7,14958.0,0.1875418620227664,2.894166183619983,0.0,0.0,0.0,0.0,3.0,3.3695928713393615,0.0,2.0,-0.99999950000025,0.285714244897965,1.0,,,,,,,,,,,,,,,,,,,2.460252803562381,0.0,0.3333333333333333,-0.33333300000033333,0.0476190408163275,3.0,1
2023-01-26,6,14964.0,0.0401123144805559,2.9192811565771857,0.25,0.5,-0.24999975000025002,0.09722220910494012,4.0,3.5114583917566615,0.0,0.0,0.0,0.0,1.0,,,,,,,,,,,,,,,,,,,2.9369851487619285,0.0,0.0,0.0,0.0,2.0,1
2023-01-27,4,14978.0,0.0935578722266683,3.250205059321431,1.0,0.0,0.9999990000010001,0.08333332638888948,1.0,,,,,,,,,,,,,,,,,,,,,,,,,3.3537660000645055,0.0,0.6666666666666666,-0.6666660000006667,0.0611111054629635,3.0,1
2023-01-30,8,14979.0,0.006676458806254,3.237805020482357,0.0,0.6666666666666666,-0.6666660000006667,0.092592579218109,3.0,3.6393052861750403,0.0,0.0,0.0,0.0,1.0,,,,,,,,,,,,,,,,,,,3.3951506050662013,0.0,0.6,-0.39999970000025,0.08214284585459339,5.0,1
2023-01-31,6,14992.0,0.0867881701048123,2.9495459579119983,0.5,1.0,-0.16666661111112963,0.11538460650887643,2.0,,,,,,,,,,,,,,,,,,,,,,,,,3.0421269448961628,0.25,0.0,0.24999975000025002,0.03571428061224562,4.0,1
2023-02-01,10,14991.0,-0.0066702241195315,,,,,,,2.7123475025325776,0.0,2.0,-0.99999950000025,0.19999998000000202,1.0,,,,,,,,,,,,,,,,,,,3.494051983617983,0.0,0.4444444444444444,-0.4444440000004445,0.060493818504802385,9.0,0
2023-02-02,14,14868.0,-0.8204922953772287,3.2049009618583204,0.0,0.5,-0.49999950000050003,0.08571427061224762,4.0,,,,,,,,,,,,,2.7659410231719086,0.0,0.0,0.0,0.0,1.0,,,,,,,3.368553734695952,0.2222222222222222,0.3333333333333333,-0.11111100000011112,0.05892255216304544,9.0,0
2023-02-03,4,14898.0,0.20177562550443,2.9482647621409717,0.0,1.0,-0.9999990000010001,0.14583331163194774,2.0,3.0538686601265983,0.0,1.0,-0.9999990000010001,0.09999999000000101,1.0,,,,,,,,,,,,,,,,,,,3.946849257657745,0.0,0.0,0.0,0.0,1.0,1
2023-02-06,3,15055.0,1.0538327292253902,1.9407483986777083,0.0,1.0,-0.9999990000010001,0.1428571224489825,1.0,,,,,,,,,,,,,,,,,,,,,,,,,3.226695970337881,0.0,0.0,0.0,0.0,2.0,1
2023-02-07,8,15139.0,0.5579541680504896,2.890858849885466,0.3333333333333333,0.3333333333333333,0.0,0.08465607373813866,3.0,2.33717488897202,0.0,1.0,-0.9999990000010001,0.1428571224489825,1.0,,,,,,,,,,,,,,,,,,,3.471837576924722,0.5,0.5,0.0,0.12510820849562648,4.0,1
2023-02-08,10,15122.0,-0.1122927538146467,3.516273809090641,0.0,0.0,0.0,0.0,1.0,,,,,,,,,,,,,,,,,,,,,,,,,3.657269410387558,0.1111111111111111,0.3333333333333333,-0.22222200000022224,0.050841744614836044,9.0,0
2023-02-09,5,15120.0,-0.0132257637878607,2.4089737313142896,0.0,1.0,-0.9999990000010001,0.1428571224489825,1.0,,,,,,,,,,,,,,,,,,,,,,,,,3.393363639072552,0.0,0.25,-0.24999975000025002,0.03571428061224562,4.0,0
2023-02-10,6,15140.0,0.1322751322751392,3.346262370834731,0.5,0.5,0.0,0.11458331749132188,2.0,3.773993635753013,0.0,1.0,-0.9999990000010001,0.06249999609375024,1.0,,,,,,,,,,,,,,,,,,,3.184267710736135,0.0,0.25,-0.24999975000025002,0.049999990000002,4.0,1
2023-02-13,10,15216.0,0.5019815059445154,2.9336590968217897,0.0,0.3333333333333333,-0.33333300000033333,0.033333330000000334,3.0,2.4032336774409293,0.0,0.0,0.0,0.0,1.0,,,,,,,,,,,,,,,,,,,3.3070784055181974,0.0,0.0,0.0,0.0,6.0,1
2023-02-14,11,15168.0,-0.3154574132492094,3.4305363828927677,0.0,0.3333333333333333,-0.33333300000033333,0.0476190408163275,3.0,,,,,,,,,,,,,,,,,,,,,,,,,3.272545785257982,0.0,0.375,-0.37499962500037504,0.05357142091836843,8.0,0
2023-02-15,17,15194.0,0.1714135021096963,3.6039317568601277,0.0,1.0,-0.9999990000010001,0.10555554438271725,2.0,,,,,,,,,,,,,,,,,,,,,,,,,3.3537392081102637,0.13333333333333333,0.2,-0.06666660000006668,0.04113996543216732,15.0,1
2023-02-16,10,15176.0,-0.1184678162432506,2.5132456407297608,0.0,0.6666666666666666,-0.6666660000006667,0.14814810699589756,3.0,3.9611731555369,0.0,0.0,0.0,0.0,1.0,,,,,,,,,,,,,,,,,,,3.9844979273184182,0.42857142857142855,0.42857142857142855,0.1428569285716786,0.0905380235848022,7.0,0
2023-02-17,7,15199.0,0.1515550869794379,,,,,,,3.025422950138126,1.0,0.0,0.9999990000010001,0.12499998437500197,1.0,,,,,,,,,,,,,,,,,,,3.6254547164068254,0.0,0.5,-0.49999950000050003,0.05833332645833416,6.0,1
2023-02-20,10,15168.0,-0.2039607868938753,3.220508914784567,0.3333333333333333,0.6666666666666666,-0.166666583333375,0.13095236373299549,6.0,,,,,,,,,,,,,,,,,,,,,,,,,3.201060776139568,0.25,0.0,0.24999975000025002,0.031249996093750492,4.0,0
2023-02-21,5,15179.0,0.0725210970464074,3.6653138432834087,0.0,0.25,-0.24999975000025002,0.022727270661157213,4.0,,,,,,,,,,,,,,,,,,,,,,,,,3.0889300598502047,0.0,0.0,0.0,0.0,3.0,1
2023-02-22,10,15218.0,0.2569339218657429,3.164076163804808,0.25,0.75,-0.2499998750000625,0.11647725894240869,4.0,,,,,,,,,,,,,,,,,,,,,,,,,3.2483035219347727,0.3333333333333333,0.16666666666666666,0.16666650000016667,0.07103173480631332,6.0,1
2023-02-23,11,15187.0,-0.2037061374687843,3.017619128112412,0.0,0.75,-0.4999996250003125,0.08571427561224612,4.0,,,,,,,,,,,,,,,,,,,,,,,,,3.539745915554503,0.14285714285714285,0.14285714285714285,0.0,0.042857135714287,7.0,0
2023-02-24,9,15216.0,0.1909527885691764,2.922790143948223,0.0,1.3333333333333333,-0.6666663333335,0.24444439925926767,3.0,,,,,,,,,,,,,,,,,,,,,,,,,3.575169117517959,0.16666666666666666,0.6666666666666666,-0.49999950000050003,0.10277776460648325,6.0,1
2023-02-27,19,15274.0,0.3811777076761391,2.758225795366175,0.0,0.6,-0.39999970000025,0.07222221350308748,5.0,2.7187618753318192,0.5,0.5,0.0,0.18055551813272455,2.0,,,,,,,,,,,,,,,,,,,3.3982472278627656,0.07692307692307693,0.15384615384615385,-0.07692300000007693,0.029670325761381997,13.0,1
2023-02-28,2,15240.0,-0.2226004975775852,3.1899541117274444,0.0,2.0,-0.99999950000025,0.15384614201183525,1.0,,,,,,,,,,,,,,,,,,,,,,,,,4.540818486964385,0.0,0.0,0.0,0.0,1.0,0
2023-03-01,3,15250.0,0.0656167979002697,2.379729807665231,0.0,1.0,-0.9999990000010001,0.11111109876543349,1.0,,,,,,,,,,,,,,,,,,,,,,,,,3.0844999317173674,0.0,0.0,0.0,0.0,2.0,1
2023-03-02,9,15273.0,0.1508196721311527,2.8291647609031143,0.0,0.0,0.0,0.0,2.0,,,,,,,,,,,,,,,,,,,,,,,,,3.2318465500965696,0.0,0.2857142857142857,-0.14285707142860712,0.04081632069970929,7.0,1
2023-03-03,9,15306.0,0.2160675702219672,2.9594621076686516,0.5,0.5,0.0,0.11111109876543349,2.0,2.429774545790429,1.0,1.0,0.0,0.16666665277777895,1.0,,,,,,,,,,,,,,,,,,,3.4615828669270647,0.16666666666666666,0.0,0.16666650000016667,0.016666665000000167,6.0,1
2023-03-06,8,15301.0,-0.0326669280020897,3.0127108851937274,0.0,0.25,-0.24999975000025002,0.022727270661157213,4.0,,,,,,,,,,,,,3.381458977235431,1.0,0.0,0.9999990000010001,0.09999999000000101,1.0,,,,,,,3.47533480696583,0.0,0.0,0.0,0.0,3.0,0
2023-03-07,7,15359.0,0.3790601921443093,2.959218258293104,0.0,1.5,-0.4999998333333889,0.1363636239669433,2.0,,,,,,,,,,,,,3.389318819053891,1.0,0.0,0.9999990000010001,0.11111109876543349,1.0,,,,,,,3.602684023795713,0.25,0.0,0.24999975000025002,0.02777777469135837,4.0,1
2023-03-08,7,15451.0,0.5989973305553731,3.069554990219901,0.0,3.0,-0.9999996666667778,0.3030302721150935,2.0,,,,,,,,,,,,,,,,,,,,,,,,,3.2619658782137337,0.0,0.0,0.0,0.0,5.0,1
2023-03-09,9,15438.0,-0.0841369490647836,3.044657841081943,0.3333333333333333,1.0,-0.33333316666675,0.10822509931410655,3.0,,,,,,,,,,,,,,,,,,,,,,,,,3.440864429576156,0.0,0.8333333333333334,-0.499999611111463,0.11574072209362492,6.0,0
2023-03-10,2,15468.0,0.1943256898562007,,,,,,,,,,,,,,,,,,,,,,,,,,,,,,,3.0491736829008915,0.0,0.0,0.0,0.0,2.0,1
2023-03-13,6,15374.0,-0.6077062322213611,2.9198575842058685,0.0,0.0,0.0,0.0,2.0,,,,,,,,,,,,,,,,,,,,,,,,,3.0075390283341576,0.0,0.5,-0.49999950000050003,0.06944443441358175,4.0,0
2023-03-14,7,15380.0,0.0390269285807098,3.0787003251693816,0.0,2.0,-0.99999950000025,0.22222219753086697,1.0,,,,,,,,,,,,,,,,,,,,,,,,,3.2220042159070683,0.16666666666666666,0.3333333333333333,-0.16666650000016667,0.05555554938271675,6.0,1
2023-03-15,9,15365.0,-0.0975292587776288,2.9174012293920724,0.0,0.5,-0.49999950000050003,0.062499992187500984,2.0,,,,,,,,,,,,,,,,,,,,,,,,,3.3302624837975268,0.2857142857142857,0.42857142857142855,-0.14285700000014287,0.11479589846028072,7.0,0
2023-03-16,7,15418.0,0.3449397982427493,3.650341419753435,0.0,0.0,0.0,0.0,1.0,,,,,,,,,,,,,,,,,,,,,,,,,3.3406174038245964,0.0,0.3333333333333333,-0.33333300000033333,0.04047618540816392,6.0,1
2023-03-17,6,15364.0,-0.3502399792450372,3.0699913137452377,0.0,0.0,0.0,0.0,2.0,,,,,,,,,,,,,,,,,,,,,,,,,3.2321276887859547,0.25,0.25,0.0,0.07777776469136037,4.0,0
2023-03-20,7,15372.0,0.052069773496477,3.335955038406467,0.0,2.3333333333333335,-0.66666647222228,0.16666665476190562,3.0,,,,,,,,,,,,,,,,,,,,,,,,,3.431837972809845,0.25,0.5,-0.24999975000025002,0.10555553938271875,4.0,1
2023-03-21,4,15349.0,-0.1496226906062991,2.744668817380127,0.0,0.0,0.0,0.0,2.0,,,,,,,,,,,,,,,,,,,,,,,,,3.32169307072385,0.0,0.5,-0.49999950000050003,0.07142856122449125,2.0,0
2023-03-24,30,15189.0,-1.0424131865268138,3.2071733994484304,0.16666666666666666,0.5,-0.166666583333375,0.07943721959043247,6.0,,,,,,,,,,,,,3.2830196635405677,0.0,1.0,-0.9999990000010001,0.12499998437500197,1.0,,,,,,,3.3988730270426815,0.043478260869565216,0.43478260869565216,-0.30434756521763046,0.05271189574962748,23.0,0
2023-03-27,7,15174.0,-0.098755678451512,3.1531113685177266,0.0,0.75,-0.4999996250003125,0.09126982999496236,4.0,,,,,,,,,,,,,3.046376060654046,0.0,1.0,-0.9999990000010001,0.1428571224489825,1.0,,,,,,,3.4418707002131694,0.0,1.0,-0.499999750000125,0.199999960000008,2.0,0
2023-03-28,3,15088.0,-0.5667589297482567,3.219276330918415,0.0,1.0,-0.9999990000010001,0.12499998437500197,1.0,2.8942473133569826,1.0,0.0,0.9999990000010001,0.09090908264462885,1.0,,,,,,,,,,,,,,,,,,,3.479977263420752,0.0,1.0,-0.9999990000010001,0.16666663888889352,1.0,0
2023-03-29,6,15094.0,0.0397667020148428,3.046552750755387,0.0,0.0,0.0,0.0,1.0,2.1293670716400652,0.0,2.0,-0.99999950000025,0.1818181652892577,1.0,,,,,,,,,,,,,,,,,,,3.317693056020889,0.0,0.75,-0.24999991666669444,0.07499999250000075,4.0,1
2023-03-30,3,15062.0,-0.2120047701073324,2.850134091000822,0.0,1.0,-0.499999750000125,0.11111109876543349,2.0,,,,,,,,,,,,,,,,,,,,,,,,,3.4818527719277776,0.0,1.0,-0.9999990000010001,0.09999999000000101,1.0,0
2023-03-31,1,14977.0,-0.5643340857787837,2.9366716999409253,0.0,1.0,-0.9999990000010001,0.16666663888889352,1.0,,,,,,,,,,,,,,,,,,,,,,,,,,,,,,,0
2023-04-03,14,14990.0,0.0867997596314396,2.953445447350262,0.0,1.0,-0.499999750000125,0.09090908264462885,2.0,2.893121656368494,1.0,1.0,0.0,0.17424240903351834,2.0,,,,,,,3.86763742204021,0.25,0.75,-0.49999950000050003,0.10894659662591842,4.0,,,,,,,3.1150022529149966,0.0,0.16666666666666666,-0.16666650000016667,0.033333326666668,6.0,1
2023-04-04,11,14913.0,-0.5136757838559047,2.6821920366579506,0.3333333333333333,1.0,-0.33333316666675,0.17222219805555916,3.0,,,,,,,,,,,,,3.318032109488466,0.0,0.8,-0.7999992000008,0.1190476012471682,5.0,,,,,,,3.2215952509042496,0.3333333333333333,0.0,0.33333300000033333,0.066666653333336,3.0,0
2023-04-05,4,14933.0,0.134111178166707,2.91617846406019,1.0,0.0,0.9999990000010001,0.1428571224489825,1.0,,,,,,,,,,,,,3.0967063088071276,0.0,0.0,0.0,0.0,1.0,,,,,,,3.425916497845854,0.0,0.0,0.0,0.0,3.0,1
2023-04-06,3,14943.0,0.0669657804861723,2.6099976760460457,0.0,0.5,-0.49999950000050003,0.045454541322314426,2.0,,,,,,,,,,,,,,,,,,,,,,,,,3.3446840615651983,0.0,1.0,-0.9999990000010001,0.07692307100591762,1.0,1
2023-04-10,6,14905.0,-0.2542996720872659,2.5185146811982784,0.0,0.3333333333333333,-0.33333300000033333,0.08333331250000521,3.0,,,,,,,,,,,,,,,,,,,,,,,,,3.0165654213129254,0.0,0.3333333333333333,-0.33333300000033333,0.02777777546296316,3.0,0
2023-04-11,5,14888.0,-0.114055686011405,,,,,,,,,,,,,,,,,,,3.113618130783522,0.0,0.0,0.0,0.0,1.0,,,,,,,4.125021219176702,0.0,0.0,0.0,0.0,4.0,0
2023-04-12,8,14866.0,-0.1477700161203632,2.8369528592120146,0.0,0.0,0.0,0.0,1.0,,,,,,,,,,,,,,,,,,,,,,,,,3.43169797160716,0.0,0.5714285714285714,-0.42857107142889284,0.06746030946869584,7.0,0
2023-04-13,13,14792.0,-0.497780169514328,3.1039161159017854,0.0,0.0,0.0,0.0,1.0,3.1039161159017854,0.0,0.0,0.0,0.0,1.0,,,,,,,2.557530439037052,1.0,1.0,0.0,0.22222219753086697,1.0,,,,,,,2.99104016497747,0.3333333333333333,0.4166666666666667,-4.1666604157682606e-08,0.12496690839106389,12.0,0
2023-04-14,9,14666.0,-0.8518117901568423,3.4363672061462434,0.0,1.0,-0.9999990000010001,0.09090908264462885,1.0,3.4363672061462434,0.0,1.0,-0.9999990000010001,0.09090908264462885,1.0,,,,,,,,,,,,,,,,,,,3.3968288720103277,0.0,0.25,-0.24999975000025002,0.04513887953318114,8.0,0
2023-04-17,9,14773.0,0.7295786172098806,3.6404287354614975,0.0,5.0,-0.99999980000004,0.3333333111111126,1.0,,,,,,,,,,,,,3.655922988910793,0.0,2.0,-0.99999950000025,0.1818181652892577,1.0,,,,,,,3.2337556270035166,0.2857142857142857,0.5714285714285714,-0.28571400000028574,0.11123478127895203,7.0,1
2023-04-18,4,14855.0,0.5550666756921396,2.784305569273464,0.0,0.3333333333333333,-0.33333300000033333,0.02564102366863921,3.0,,,,,,,,,,,,,,,,,,,,,,,,,2.392240941322528,0.0,0.0,0.0,0.0,1.0,1
2023-04-26,26,14882.0,0.1817569841804145,2.8941457054094286,0.4,0.8,-0.19999990000005,0.15813489933114744,10.0,2.8809225375820917,0.0,1.0,-0.499999750000125,0.08333332638888948,2.0,,,,,,,3.1178730096578744,0.0,1.0,-0.9999990000010001,0.1428571224489825,1.0,2.912079416571087,0.0,1.0,-0.9999990000010001,0.1428571224489825,1.0,3.508045666044715,0.07692307692307693,0.6923076923076923,-0.6153840000006154,0.10231988838009189,13.0,1
2023-04-27,4,14751.0,-0.8802580298347018,3.0502433432324416,0.0,0.3333333333333333,-0.33333300000033333,0.0476190408163275,3.0,,,,,,,,,,,,,,,,,,,,,,,,,2.8827494899067174,1.0,0.0,0.9999990000010001,0.12499998437500197,1.0,0
2023-04-28,7,14661.0,-0.6101281269066505,3.066329007600384,0.0,1.2,-0.7999994000005,0.10858584864427193,5.0,2.7227284726173053,0.0,2.0,-0.99999950000025,0.1818181652892577,1.0,,,,,,,2.1016414791936944,0.0,1.0,-0.9999990000010001,0.1428571224489825,1.0,,,,,,,3.4264287405590803,0.0,2.0,-0.99999950000025,0.19999998000000202,1.0,0
2023-05-02,9,14703.0,0.2864743196234975,3.211520771664774,0.5,2.0,-3.7499953120523344e-07,0.22916664496527994,2.0,,,,,,,2.9104804168967777,0.0,1.0,-0.9999990000010001,0.11111109876543349,1.0,,,,,,,,,,,,,3.196365170015581,0.0,0.3333333333333333,-0.166666583333375,0.033333330000000334,6.0,1
2023-05-03,7,14706.0,0.0204039991838378,3.207675180812834,0.0,1.0,-0.9999990000010001,0.11111109876543349,1.0,,,,,,,,,,,,,3.1166740466463665,0.0,1.0,-0.9999990000010001,0.16666663888889352,1.0,,,,,,,3.4851827979400354,0.0,0.8,-0.59999950000045,0.08484847555670445,5.0,1
2023-05-04,12,14632.0,-0.5031959744322023,4.011652078667434,0.0,0.0,0.0,0.0,1.0,,,,,,,,,,,,,,,,,,,,,,,,,3.205503909545241,0.18181818181818182,0.18181818181818182,0.0,0.04797979149130282,11.0,0
2023-05-05,4,14674.0,0.287042099507917,3.378881508305163,0.0,1.0,-0.9999990000010001,0.08333332638888948,1.0,,,,,,,,,,,,,,,,,,,,,,,,,3.9411697601013613,0.3333333333333333,0.6666666666666666,-0.33333300000033333,0.12169310665994981,3.0,1
2023-05-08,4,14709.0,0.2385171050838241,3.2669078192876406,0.0,1.0,-0.9999990000010001,0.11111109876543349,1.0,,,,,,,,,,,,,,,,,,,,,,,,,3.6163731548482385,0.0,0.0,0.0,0.0,3.0,1
2023-05-09,6,14757.0,0.3263308178666158,3.617166987929138,0.0,1.0,-0.9999990000010001,0.11111109876543349,1.0,,,,,,,,,,,,,,,,,,,,,,,,,3.6124843203857138,0.2,0.4,-0.06666664444445185,0.06666665925926009,5.0,1
2023-05-10,10,14746.0,-0.0745408958460425,2.3964323866285118,0.0,1.0,-0.9999990000010001,0.12499998437500197,1.0,,,,,,,,,,,,,,,,,,,,,,,,,3.387476923971754,0.0,0.0,0.0,0.0,9.0,0
2023-05-11,16,14722.0,-0.1627560016275619,2.955840791730648,0.0,0.3333333333333333,-0.33333300000033333,0.04166666145833399,3.0,,,,,,,,,,,,,,,,,,,,,,,,,2.9831664633543236,0.38461538461538464,0.7692307692307693,-0.3846150000003847,0.22701459950285555,13.0,0
2023-05-12,14,14752.0,0.2037766607797753,2.6482116177654356,0.25,0.25,0.0,0.08571427061224762,4.0,,,,,,,,,,,,,,,,,,,,,,,,,3.2869693169649827,0.1,0.6,-0.4999995000005001,0.1096825220330087,10.0,1
2023-05-15,9,14812.0,0.4067245119305784,3.298288495959481,0.5,0.0,0.2499998750000625,0.045454541322314426,4.0,,,,,,,,,,,,,2.933947129816758,0.0,0.0,0.0,0.0,1.0,,,,,,,3.5779271946160893,0.25,0.25,0.0,0.08571427061224762,4.0,1
2023-05-16,4,14810.0,-0.0135025654874443,2.95569653905671,0.0,0.0,0.0,0.0,1.0,,,,,,,,,,,,,,,,,,,,,,,,,3.222635257175154,0.0,1.0,-0.33333322222225925,0.11111109876543347,3.0,0
2023-05-17,4,14875.0,0.4388926401080351,2.7325833238537305,0.0,0.0,0.0,0.0,1.0,,,,,,,,,,,,,,,,,,,,,,,,,3.395191315446679,0.0,0.0,0.0,0.0,3.0,1
2023-05-19,8,14936.0,0.4100840336134448,3.0124949647119093,0.0,0.3333333333333333,-0.33333300000033333,0.03703703292181116,3.0,3.198516243106154,0.0,0.0,0.0,0.0,1.0,,,,,,,,,,,,,,,,,,,3.1284235171596952,0.0,0.6,-0.5999994000006,0.06103895428402847,5.0,1
2023-05-22,8,14897.0,-0.2611140867702199,3.1183932443150404,0.0,0.75,-0.4999996250003125,0.0732323160136728,4.0,2.9085090738504116,0.0,0.5,-0.49999950000050003,0.05555554938271674,2.0,,,,,,,,,,,,,,,,,,,3.496617934523455,0.0,0.0,0.0,0.0,5.0,0
2023-05-23,4,14878.0,-0.1275424582130591,2.5219829479665616,0.0,1.0,-0.9999990000010001,0.10416665538194572,2.0,,,,,,,,,,,,,,,,,,,,,,,,,3.702631578036958,0.0,0.0,0.0,0.0,2.0,0
2023-05-24,6,14905.0,0.1814760048393537,2.893702486528918,0.0,1.0,-0.9999990000010001,0.13333331444444727,2.0,,,,,,,,,,,,,3.209064442838608,0.0,1.0,-0.9999990000010001,0.09999999000000101,1.0,,,,,,,3.100716273834634,0.0,0.3333333333333333,-0.33333300000033333,0.030303027548209616,3.0,1
2023-05-25,3,14952.0,0.3153304260315348,3.083630138600873,0.0,0.0,0.0,0.0,1.0,,,,,,,,,,,,,,,,,,,,,,,,,3.3829522578185998,0.5,0.0,0.49999950000050003,0.05555554938271674,2.0,1
2023-05-29,5,14973.0,0.0935891436593339,3.501339155740042,0.0,1.0,-0.9999990000010001,0.09999999000000101,1.0,,,,,,,,,,,,,,,,,,,,,,,,,3.1863270042442497,0.0,0.0,0.0,0.0,4.0,1
2023-05-30,3,14969.0,-0.0267147532224676,2.863888140593485,0.0,0.3333333333333333,-0.33333300000033333,0.03703703292181116,3.0,,,,,,,,,,,,,,,,,,,,,,,,,,,,,,,0
2023-05-31,2,15003.0,0.2271360812345468,2.908902452822581,0.0,2.0,-0.99999950000025,0.1818181652892577,1.0,2.9289208845153154,0.0,0.0,0.0,0.0,1.0,,,,,,,,,,,,,,,,,,,,,,,,,1
2023-06-05,28,14888.0,-0.7665133639938704,2.8424986384943525,0.0,0.8571428571428571,-0.7142850714291785,0.10374148392789813,7.0,,,,,,,,,,,,,3.210264737749466,0.0,0.6666666666666666,-0.6666660000006667,0.0726851771900729,6.0,,,,,,,2.8603613001515673,0.06666666666666667,0.3333333333333333,-0.2666664000002667,0.06328281765316225,15.0,0
2023-06-06,3,14839.0,-0.3291241268135403,3.0664812441635596,0.0,1.0,-0.9999990000010001,0.11111109876543349,1.0,,,,,,,,,,,,,4.0159917402136935,0.0,0.0,0.0,0.0,1.0,,,,,,,4.21773845703047,0.0,0.0,0.0,0.0,1.0,0
2023-06-07,4,14875.0,0.2426039490531772,2.446998011384813,0.3333333333333333,0.6666666666666666,-0.33333300000033333,0.1428571224489825,3.0,,,,,,,,,,,,,,,,,,,2.428249289690903,1.0,2.0,-0.33333322222225925,0.33333329629630043,1.0,,,,,,,1
2023-06-08,6,14903.0,0.1882352941176446,2.8270481318082816,0.0,0.3333333333333333,-0.33333300000033333,0.08333331250000521,3.0,,,,,,,,,,,,,,,,,,,,,,,,,2.921530525833757,0.6666666666666666,1.0,-0.33333300000033333,0.20952378244898318,3.0,1
2023-06-09,1,14853.0,-0.3355029188753966,,,,,,,,,,,,,,,,,,,,,,,,,,,,,,,3.4791364461432086,0.0,0.0,0.0,0.0,1.0,0
2023-06-12,10,14874.0,0.1413855786709827,2.830549436128449,0.0,0.5,-0.49999950000050003,0.05555554938271674,2.0,,,,,,,,,,,,,,,,,,,,,,,,,3.2167753972129933,0.125,0.125,0.0,0.033333328611111816,8.0,1
2023-06-13,7,14868.0,-0.0403388463089959,2.950866252848638,0.0,1.0,-0.9999990000010001,0.08333332638888948,1.0,,,,,,,,,,,,,,,,,,,,,,,,,3.5017280787959595,0.0,0.3333333333333333,-0.33333300000033333,0.05555554629629784,6.0,0
2023-06-14,13,14895.0,0.1815980629539915,2.8626855961440323,1.0,1.0,0.0,0.1818181652892577,1.0,,,,,,,,,,,,,,,,,,,,,,,,,3.0152549437622027,0.08333333333333333,0.6666666666666666,-0.5833327500005834,0.1230218620277105,12.0,1
2023-06-15,16,14943.0,0.322255790533732,3.3711115101457922,0.0,1.0,-0.9999990000010001,0.09090908264462885,1.0,,,,,,,,,,,,,,,,,,,,,,,,,3.0781392624799673,0.0,0.2,-0.1999998000002,0.02148147916872453,15.0,1
2023-06-16,7,14945.0,0.0133841932677514,2.451691424772765,0.0,0.5,-0.49999950000050003,0.07142856122449125,2.0,,,,,,,,,,,,,,,,,,,,,,,,,3.1003380370297746,0.2,0.0,0.1999998000002,0.033333327777778705,5.0,1
2023-06-19,8,14994.0,0.3278688524590123,2.8260420870841796,0.0,0.5,-0.2499998750000625,0.045454541322314426,4.0,,,,,,,,,,,,,,,,,,,,,,,,,3.1227384146860664,0.0,0.25,-0.24999975000025002,0.024999997500000253,4.0,1
2023-06-20,4,15040.0,0.3067893824196366,3.0312615088868027,0.0,1.5,-0.999999250000625,0.1464646320273456,2.0,,,,,,,,,,,,,,,,,,,,,,,,,3.4553119064256004,0.0,0.0,0.0,0.0,2.0,1
2023-06-21,5,14982.0,-0.3856382978723371,3.703920731267231,0.0,0.5,-0.49999950000050003,0.07142856122449125,2.0,,,,,,,,,,,,,,,,,,,,,,,,,3.453492084821933,0.0,0.0,0.0,0.0,3.0,0
2023-06-22,9,14918.0,-0.4271792818048348,2.6342387822061717,0.0,0.0,0.0,0.0,3.0,,,,,,,,,,,,,,,,,,,,,,,,,3.3354469640599835,0.0,0.0,0.0,0.0,6.0,0
2023-06-23,12,14998.0,0.5362649148679344,2.57245225624127,1.0,0.0,0.9999990000010001,0.24999993750001562,1.0,1.9580393210018467,0.0,0.0,0.0,0.0,1.0,3.331616740469704,0.0,2.0,-0.99999950000025,0.13333332444444504,1.0,,,,,,,,,,,,,3.415331056015603,0.1111111111111111,0.1111111111111111,0.0,0.04166665798611307,9.0,1
2023-06-26,4,15026.0,0.1866915588745188,3.2515354273153956,0.0,0.0,0.0,0.0,1.0,,,,,,,,,,,,,3.1814994950492403,0.0,0.0,0.0,0.0,1.0,,,,,,,3.4089198968127112,0.0,0.5,-0.49999950000050003,0.062499992187500984,2.0,1
2023-06-27,6,15000.0,-0.1730334087581497,3.1057854407281424,0.0,0.6666666666666666,-0.6666660000006667,0.0793650684051415,3.0,3.9997156159603273,0.0,1.0,-0.9999990000010001,0.07142856632653098,1.0,,,,,,,,,,,,,,,,,,,3.5110310056274385,0.0,0.6666666666666666,-0.33333316666675,0.06060605509641923,3.0,0
2023-07-03,16,15034.0,0.2266666666666639,3.177851573761199,0.2,0.6,-0.3999996000004,0.10262624803510076,5.0,,,,,,,,,,,,,,,,,,,,,,,,,3.47887122791482,0.09090909090909091,0.5454545454545454,-0.27272709090922725,0.09025972647263676,11.0,1
2023-07-04,5,15018.0,-0.1064254356791249,3.3186437892838967,0.0,2.0,-0.9999993333338889,0.1818181652892577,2.0,,,,,,,,,,,,,2.763491091619127,0.0,1.0,-0.9999990000010001,0.09999999000000101,1.0,,,,,,,3.7088312789228466,0.0,0.0,0.0,0.0,2.0,0
2023-07-05,4,15013.0,-0.0332933812758007,4.002279510888421,0.0,1.5,-0.4999998333333889,0.10714284948979647,2.0,,,,,,,,,,,,,,,,,,,,,,,,,2.997712956049993,0.0,0.5,-0.49999950000050003,0.04166666319444474,2.0,0
2023-07-06,5,15062.0,0.3263838007060649,4.077035205136798,0.0,0.0,0.0,0.0,1.0,,,,,,,,,,,,,3.0230495604475798,0.0,0.0,0.0,0.0,1.0,,,,,,,3.5016184854746117,0.3333333333333333,0.3333333333333333,0.0,0.09722220775463182,3.0,1
2023-07-07,6,15136.0,0.4913026158544609,2.684883746806849,0.3333333333333333,0.6666666666666666,-0.33333300000033333,0.10822509591274672,3.0,,,,,,,,,,,,,,,,,,,,,,,,,3.4315096701522414,0.0,0.6666666666666666,-0.6666660000006667,0.0703703629218115,3.0,1
2023-07-10,9,15192.0,0.36997885835095,2.9152972358119946,0.0,0.0,0.0,0.0,3.0,,,,,,,,,,,,,,,,,,,,,,,,,3.141819227852172,0.0,0.3333333333333333,-0.33333300000033333,0.0462962896090545,6.0,1
2023-07-11,10,15162.0,-0.1974723538704537,3.0087225058608533,0.5,0.5,0.0,0.09090908264462885,2.0,,,,,,,,,,,,,,,,,,,,,,,,,3.46111704945486,0.0,0.25,-0.24999975000025002,0.034722217206790876,8.0,0
2023-07-12,7,15084.0,-0.5144440047487153,2.838268541097225,0.5,0.0,0.49999950000050003,0.049999995000000505,2.0,,,,,,,,,,,,,,,,,,,2.4228952428222,0.0,1.0,-0.9999990000010001,0.1428571224489825,1.0,3.7568222155948674,0.25,0.0,0.24999975000025002,0.022727270661157213,4.0,0
2023-07-13,18,14978.0,-0.7027313709891292,3.0761149731766446,0.0,0.0,0.0,0.0,1.0,,,,,,,,,,,,,,,,,,,,,,,,,3.2647510572898226,0.058823529411764705,0.47058823529411764,-0.41176429411805887,0.07360367249749998,17.0,0
2023-07-14,7,14945.0,-0.2203231406062267,3.8323264637356425,0.0,3.0,-0.9999996666667778,0.33333329629630043,1.0,,,,,,,,,,,,,,,,,,,,,,,,,3.0360409981749217,0.16666666666666666,0.0,0.16666650000016667,0.02777777314814892,6.0,0
2023-07-17,7,15007.0,0.4148544663767239,2.795707755858005,0.0,0.0,0.0,0.0,2.0,,,,,,,,,,,,,,,,,,,,,,,,,2.5900725251598495,0.6,0.6,-0.19999970000035003,0.14333331430555837,5.0,1
2023-07-18,3,14994.0,-0.0866262410874951,2.971865720319257,0.0,0.0,0.0,0.0,2.0,,,,,,,,,,,,,,,,,,,,,,,,,2.7814932046428806,0.0,0.0,0.0,0.0,2.0,0
2023-07-20,8,14991.0,-0.0200080032012772,3.491853904495503,0.0,0.25,-0.24999975000025002,0.02777777469135837,4.0,,,,,,,,,,,,,,,,,,,,,,,,,3.443796659698785,0.0,0.5,-0.2499998750000625,0.062499992187500984,4.0,0
2023-07-21,5,15026.0,0.233473417383756,3.0425665330834955,0.0,0.0,0.0,0.0,1.0,,,,,,,3.089804079206862,0.0,1.0,-0.9999990000010001,0.199999960000008,1.0,,,,,,,,,,,,,3.0810081993781804,0.0,0.0,0.0,0.0,4.0,1
2023-07-24,5,15028.0,0.0133102622121628,3.2292738207276708,0.5,0.5,0.0,0.09999999000000101,2.0,,,,,,,,,,,,,,,,,,,,,,,,,3.1568008692970024,0.0,0.3333333333333333,-0.33333300000033333,0.0476190408163275,3.0,1
2023-07-25,3,15007.0,-0.1397391535799874,3.9691356775792617,0.0,1.0,-0.499999750000125,0.07692307100591762,2.0,,,,,,,4.3368869815431,0.0,2.0,-0.99999950000025,0.15384614201183525,1.0,,,,,,,,,,,,,3.3463635445955355,0.0,0.0,0.0,0.0,1.0,0
2023-07-26,6,15032.0,0.1665889251682539,3.8561438283876965,0.0,3.0,-0.9999996666667778,0.2727272479338866,1.0,,,,,,,,,,,,,,,,,,,,,,,,,3.5457160571032977,0.2,0.0,0.1999998000002,0.016666665277777895,5.0,1
2023-07-27,13,15003.0,-0.1929217668972804,3.775668871318229,0.0,1.0,-0.9999990000010001,0.11111109876543349,1.0,,,,,,,,,,,,,,,,,,,,,,,,,3.0851487503895108,0.3333333333333333,0.16666666666666666,0.16666650000016667,0.08327018685812013,12.0,0
2023-07-28,9,15083.0,0.5332266879957359,4.206340801428255,0.0,0.0,0.0,0.0,1.0,,,,,,,3.0354415306436078,1.0,0.0,0.9999990000010001,0.33333322222225925,1.0,3.298685599067755,0.5,1.0,-0.49999950000050003,0.16111109376543398,2.0,,,,,,,3.742252410346991,0.0,0.0,0.0,0.0,5.0,1
2023-07-31,8,15092.0,0.0596698269575091,3.3592551749043684,0.0,1.0,-0.499999750000125,0.11111109876543349,2.0,,,,,,,,,,,,,,,,,,,,,,,,,3.0773600030298156,0.3333333333333333,0.5,-0.16666650000016667,0.1420634672978124,6.0,1
2023-08-01,7,15117.0,0.1656506758547671,2.9100785228750006,0.0,1.5,-0.4999998333333889,0.18749997656250295,2.0,,,,,,,,,,,,,,,,,,,2.58476944389514,0.0,3.0,-0.9999996666667778,0.3749999531250059,1.0,3.323913615120459,0.0,0.0,0.0,0.0,5.0,1
2023-08-02,7,15171.0,0.3572137328835101,3.0091445125068894,0.0,0.8333333333333334,-0.666666083333875,0.07426831753229314,6.0,,,,,,,3.2763211168829334,0.0,2.0,-0.99999950000025,0.33333327777778704,1.0,,,,,,,,,,,,,,,,,,,1
2023-08-03,2,15198.0,0.1779711291279406,2.8836174497637033,0.0,2.0,-0.99999950000025,0.19999998000000202,1.0,,,,,,,,,,,,,,,,,,,,,,,,,2.1447228105729144,1.0,0.0,0.9999990000010001,0.24999993750001562,1.0,1
2023-08-04,6,15168.0,-0.1973943939992062,3.7016048959314607,0.0,1.0,-0.9999990000010001,0.07692307100591762,1.0,,,,,,,3.04842967114935,0.0,2.0,-0.99999950000025,0.19999998000000202,1.0,4.050732864763478,0.0,1.0,-0.9999990000010001,0.11111109876543349,1.0,,,,,,,3.472460435829332,0.0,0.3333333333333333,-0.33333300000033333,0.03703703292181116,3.0,0
2023-08-07,9,15178.0,0.0659282700421926,2.8355551812927415,0.6666666666666666,0.0,0.6666660000006667,0.06944443692129715,3.0,3.0812280359773694,1.0,0.0,0.9999990000010001,0.10416665538194572,2.0,2.6819303075232312,0.0,0.0,0.0,0.0,1.0,,,,,,,,,,,,,3.318878113229688,0.0,0.0,0.0,0.0,5.0,1
2023-08-08,4,15229.0,0.3360126498880067,2.335618013620496,0.0,2.0,-0.99999950000025,0.285714244897965,1.0,,,,,,,,,,,,,,,,,,,,,,,,,3.3188640282637714,0.3333333333333333,0.3333333333333333,0.0,0.08333332291666798,3.0,1
2023-08-09,4,15206.0,-0.1510276446253899,2.858542505161278,0.0,0.0,0.0,0.0,1.0,,,,,,,,,,,,,,,,,,,,,,,,,3.7875638396113103,0.0,0.3333333333333333,-0.33333300000033333,0.030303027548209616,3.0,0
2023-08-10,10,15204.0,-0.0131527028804367,2.7828908255053726,0.0,2.0,-0.99999950000025,0.22222219753086697,1.0,,,,,,,,,,,,,,,,,,,,,,,,,3.5718387219273575,0.2222222222222222,0.2222222222222222,0.0,0.046024957623247015,9.0,0
2023-08-11,12,15225.0,0.1381215469613339,2.6991555555889284,0.0,1.5,-0.999999250000625,0.18749997656250295,2.0,,,,,,,,,,,,,,,,,,,,,,,,,2.928767821499222,0.0,0.3,-0.2999997000003,0.05595236988378917,10.0,1
2023-08-14,3,15323.0,0.6436781609195474,2.904487778429595,0.0,0.0,0.0,0.0,2.0,2.5774913503852885,0.0,0.0,0.0,0.0,1.0,,,,,,,,,,,,,,,,,,,2.3148293781278726,0.0,0.0,0.0,0.0,1.0,1
2023-08-15,6,15346.0,0.1501011551262809,3.2859658010884942,0.0,1.0,-0.499999750000125,0.12499998437500197,2.0,,,,,,,,,,,,,,,,,,,,,,,,,3.395552475449846,0.75,0.5,1.249998124730478e-07,0.17738092288549287,4.0,1
2023-08-16,8,15308.0,-0.2476215300403983,2.8802584536329157,0.0,1.5,-0.999999250000625,0.19841267183169925,2.0,2.7695956362225966,0.0,2.0,-0.99999950000025,0.1818181652892577,1.0,,,,,,,3.3658088450475927,0.0,0.0,0.0,0.0,1.0,,,,,,,3.696924154749646,0.0,1.0,-0.499999750000125,0.12499998437500197,4.0,0
2023-08-18,16,15308.0,0.0,3.131061410750039,0.0,0.5,-0.49999950000050003,0.05624999359375074,4.0,3.070196167959748,0.0,1.0,-0.9999990000010001,0.09999999000000101,1.0,,,,,,,,,,,,,,,,,,,3.4435034533765734,0.16666666666666666,0.4166666666666667,-0.24999975000025002,0.07586278320199778,12.0,0
2023-08-21,3,15329.0,0.1371831721975525,2.759547113724952,0.5,1.0,-0.16666661111112963,0.16666664814815021,2.0,,,,,,,,,,,,,,,,,,,,,,,,,2.609897857222803,0.0,0.0,0.0,0.0,1.0,1
2023-08-22,3,15326.0,-0.0195707482549378,3.4930785603194288,0.0,2.0,-0.99999950000025,0.19999998000000202,1.0,,,,,,,,,,,,,,,,,,,,,,,,,3.5401883591706462,0.5,0.0,0.49999950000050003,0.099999980000004,2.0,0
2023-08-23,2,15319.0,-0.0456740180086123,3.8843079090535686,0.0,1.0,-0.9999990000010001,0.07142856632653098,1.0,,,,,,,,,,,,,,,,,,,,,,,,,3.771844164811356,0.0,1.0,-0.9999990000010001,0.12499998437500197,1.0,0
2023-08-24,4,15253.0,-0.4308375220314686,3.2318886515568677,0.0,0.0,0.0,0.0,2.0,,,,,,,,,,,,,,,,,,,,,,,,,2.7829508395596187,0.5,0.5,0.0,0.1607142519132733,2.0,0
2023-08-25,7,15297.0,0.2884678423916709,3.3567209598264807,0.0,0.6666666666666666,-0.33333316666675,0.06060605509641923,3.0,,,,,,,,,,,,,,,,,,,,,,,,,3.5788724152461007,0.25,0.25,0.0,0.07272726066115921,4.0,1
2023-08-28,1,15294.0,-0.0196116885663899,,,,,,,,,,,,,,,,,,,,,,,,,,,,,,,3.6045615992765265,0.0,1.0,-0.9999990000010001,0.1428571224489825,1.0,0
2023-08-29,2,15263.0,-0.2026938668759026,2.932067785463789,0.0,1.5,-0.999999250000625,0.12698411570924772,2.0,2.936281781175955,0.0,2.0,-0.99999950000025,0.14285713265306196,1.0,,,,,,,,,,,,,,,,,,,,,,,,,0
2023-08-30,3,15239.0,-0.1572430059621266,3.1577264421198534,0.0,1.0,-0.9999990000010001,0.09090908264462885,1.0,,,,,,,,,,,,,,,,,,,,,,,,,3.344363688521957,0.5,0.5,0.0,0.12499998437500197,2.0,0
2023-08-31,4,15237.0,-0.0131242207493942,3.322244853695841,0.0,2.5,-0.9999995833335138,0.22727270661157215,2.0,2.199985806071012,0.0,1.0,-0.9999990000010001,0.1428571224489825,1.0,,,,,,,,,,,,,,,,,,,4.361937788133086,0.0,1.0,-0.9999990000010001,0.1428571224489825,1.0,0
2023-09-01,6,15252.0,0.098444575703871,3.286970733473862,0.0,0.5,-0.49999950000050003,0.045454541322314426,2.0,3.0303817832068782,0.0,0.0,0.0,0.0,1.0,,,,,,,,,,,,,,,,,,,3.134612722514619,0.0,0.6666666666666666,-0.6666660000006667,0.10833331479167001,3.0,1
2023-09-04,3,15247.0,-0.0327825858903785,3.57559978425472,0.0,1.0,-0.9999990000010001,0.11111109876543349,1.0,,,,,,,,,,,,,,,,,,,2.950062042851735,0.0,0.0,0.0,0.0,1.0,2.839908473551084,0.0,2.0,-0.99999950000025,0.16666665277777895,1.0,0
2023-09-05,4,15260.0,0.0852626746245199,2.917901703888502,0.3333333333333333,0.3333333333333333,0.0,0.07870369438014514,3.0,,,,,,,,,,,,,,,,,,,,,,,,,3.984980601415264,0.0,0.0,0.0,0.0,1.0,1
2023-09-06,8,15307.0,0.3079947575360453,2.8019580985960393,0.0,1.0,-0.9999990000010001,0.09999999000000101,1.0,2.9030666963257943,0.0,2.0,-0.99999950000025,0.24999996875000394,1.0,,,,,,,,,,,,,2.6409251114916414,0.0,0.0,0.0,0.0,1.0,3.4006033526597235,0.0,0.0,0.0,0.0,5.0,1
2023-09-07,6,15334.0,0.1763898869798108,3.230894585470388,0.0,1.0,-0.9999990000010001,0.1079545335098154,2.0,,,,,,,,,,,,,,,,,,,,,,,,,2.971124291338617,0.0,0.25,-0.24999975000025002,0.049999990000002,4.0,1
2023-09-08,3,15341.0,0.0456501891222149,2.7096155262909107,0.0,0.0,0.0,0.0,1.0,,,,,,,,,,,,,,,,,,,,,,,,,3.0137857773871337,0.0,0.0,0.0,0.0,2.0,1
2023-09-11,7,15352.0,0.0717032787953764,2.80927085788842,0.0,0.0,0.0,0.0,3.0,2.7562547926753034,1.0,0.0,0.9999990000010001,0.1428571224489825,1.0,,,,,,,,,,,,,,,,,,,3.334265289668752,0.0,1.0,-0.6666661666670833,0.1388888692129658,3.0,1
2023-09-12,6,15344.0,-0.0521104742053135,3.127839237136847,0.3333333333333333,0.3333333333333333,0.0,0.0703703629218115,3.0,,,,,,,,,,,,,,,,,,,,,,,,,4.021624379275806,0.3333333333333333,0.0,0.33333300000033333,0.03703703292181116,3.0,0
2023-09-13,11,15367.0,0.1498957247132448,2.921046139144984,0.5,0.0,0.49999950000050003,0.05555554938271674,2.0,,,,,,,,,,,,,,,,,,,2.9382512759991495,0.0,1.0,-0.9999990000010001,0.15277775405092966,3.0,3.6902016127907733,0.0,0.0,0.0,0.0,6.0,1
2023-09-14,13,15357.0,-0.0650745103143113,2.936465711162106,0.0,0.0,0.0,0.0,2.0,,,,,,,,,,,,,,,,,,,,,,,,,3.197838227691609,0.09090909090909091,0.2727272727272727,-0.18181800000018183,0.058441548063545644,11.0,0
2023-09-15,5,15367.0,0.0651168848082361,3.213718909068006,0.0,1.0,-0.9999990000010001,0.08333332638888948,1.0,,,,,,,,,,,,,3.1251872362384527,0.0,2.0,-0.99999950000025,0.22222219753086697,1.0,1.8850172495670754,0.0,1.0,-0.9999990000010001,0.16666663888889352,1.0,3.673190404612977,0.0,0.0,0.0,0.0,2.0,1
2023-09-18,11,15373.0,0.0390447061885845,2.525383081074803,0.25,1.0,-0.7499992500007501,0.14583331626157608,4.0,,,,,,,,,,,,,,,,,,,,,,,,,3.0283434665782742,0.0,0.0,0.0,0.0,7.0,1
2023-09-19,5,15381.0,0.0520392896636856,3.4038550144086663,0.0,0.0,0.0,0.0,1.0,,,,,,,,,,,,,,,,,,,,,,,,,3.7351994376906528,0.25,0.0,0.24999975000025002,0.049999990000002,4.0,1
2023-09-20,7,15396.0,0.0975229178856951,3.0961518070826797,0.0,3.0,-0.9999996666667778,0.49999991666668053,1.0,,,,,,,,,,,,,3.8510507314550715,0.0,1.0,-0.9999990000010001,0.11111109876543349,1.0,3.1016385033940788,0.0,1.0,-0.9999990000010001,0.1428571224489825,1.0,2.9912955984049123,0.0,0.25,-0.24999975000025002,0.04166665972222338,4.0,1
2023-09-21,10,15397.0,0.0064951935567769,2.78207559349776,0.0,0.5,-0.49999950000050003,0.062499992187500984,2.0,,,,,,,,,,,,,,,,,,,,,,,,,3.272976346136061,0.25,0.75,-0.41666627777815746,0.11840276367573473,8.0,1
2023-09-22,7,15383.0,-0.0909268039228416,3.8129741114794604,0.0,0.0,0.0,0.0,2.0,,,,,,,3.264132850741715,0.0,1.0,-0.9999990000010001,0.08333332638888948,1.0,,,,,,,,,,,,,3.1100136360237456,0.2,0.2,0.0,0.038888885030864594,5.0,0
2023-09-25,6,15399.0,0.1040109211467132,3.809271367399407,0.0,2.0,-0.99999950000025,0.16666665277777895,1.0,,,,,,,,,,,,,2.7144425066973947,0.0,0.0,0.0,0.0,1.0,,,,,,,3.1882376399736976,0.0,0.0,0.0,0.0,4.0,1
2023-09-26,3,15464.0,0.4221053315150325,3.6188280244748814,0.0,0.5,-0.49999950000050003,0.04166666319444474,2.0,,,,,,,,,,,,,,,,,,,,,,,,,4.126288757415921,1.0,0.0,0.9999990000010001,0.1428571224489825,1.0,1
2023-09-27,10,15526.0,0.4009311950336158,2.938605792874283,0.0,0.6666666666666666,-0.6666660000006667,0.08465607373813866,3.0,,,,,,,,,,,,,,,,,,,,,,,,,3.13177130874773,0.0,0.5714285714285714,-0.42857107142889284,0.06938774641399528,7.0,1
2023-09-29,12,15487.0,-0.2511915496586359,2.6690473799153502,0.8,0.4,0.3999996000004,0.1466666472592621,5.0,,,,,,,,,,,,,,,,,,,2.871910499915824,0.0,1.5,-0.999999250000625,0.17499997937500247,2.0,3.253389272751785,0.0,0.6,-0.39999970000025,0.08666665355555761,5.0,0
2023-10-02,4,15519.0,0.206624911215858,3.496451644268749,1.0,2.0,-0.33333322222225925,0.23076921301775286,1.0,,,,,,,,,,,,,,,,,,,,,,,,,3.6520335451852737,0.3333333333333333,0.3333333333333333,0.0,0.09722220775463182,3.0,1
2023-10-03,6,15600.0,0.5219408467040498,3.161015318242219,0.0,1.0,-0.9999990000010001,0.1428571224489825,1.0,,,,,,,,,,,,,2.991524034817892,0.0,0.0,0.0,0.0,3.0,,,,,,,3.8297860378734705,1.0,0.5,0.49999950000050003,0.18749997656250295,2.0,1
2023-10-04,2,15636.0,0.2307692307692344,,,,,,,,,,,,,,,,,,,,,,,,,,,,,,,2.413585283198187,0.0,0.0,0.0,0.0,2.0,1
2023-10-05,2,15601.0,-0.2238424149398787,2.954666385719058,0.5,0.5,0.0,0.16666663888889352,2.0,,,,,,,,,,,,,,,,,,,,,,,,,,,,,,,0
2023-10-06,3,15628.0,0.1730658291135167,3.5021560293682343,0.0,0.0,0.0,0.0,1.0,,,,,,,,,,,,,,,,,,,,,,,,,2.9312039218072483,0.0,1.0,-0.9999990000010001,0.154761880668938,2.0,1
2023-10-09,14,15675.0,0.3007422574865526,3.3091955317782737,0.0,0.36363636363636365,-0.27272704545474996,0.05303029421717332,11.0,,,,,,,,,,,,,3.0813256450293287,0.0,0.0,0.0,0.0,1.0,,,,,,,3.3793310707256037,0.0,0.5,-0.49999950000050003,0.062499992187500984,2.0,1
2023-10-10,15,15708.0,0.2105263157894832,3.449389959036497,0.2857142857142857,0.7142857142857143,-0.2380950873016971,0.14070292725581154,14.0,,,,,,,,,,,,,3.388847252679338,0.0,0.0,0.0,0.0,1.0,,,,,,,3.1905374364966015,0.0,0.0,0.0,0.0,1.0,1
2023-10-11,11,15710.0,0.01273236567354,3.362557300178845,0.0,1.0,-0.6249995625003437,0.11647725865305696,8.0,,,,,,,,,,,,,,,,,,,,,,,,,3.786494895002981,0.25,1.0,-0.4999996250003125,0.1493055376639682,4.0,1
2023-10-12,12,15702.0,-0.0509229789942722,3.412285668013921,0.0,1.1666666666666667,-0.8333326666672499,0.149394566779024,6.0,,,,,,,,,,,,,,,,,,,,,,,,,3.288185663020986,0.0,0.16666666666666666,-0.16666650000016667,0.01851851646090558,6.0,0
2023-10-13,19,15709.0,0.0445803082409934,3.0917494465478113,0.0,1.25,-0.8749992187507578,0.14077379285820787,8.0,,,,,,,,,,,,,,,,,,,,,,,,,3.250106941435756,0.18181818181818182,0.36363636363636365,-0.18181800000018183,0.07521643814097832,11.0,1
2023-10-16,13,15716.0,0.044560443058117,3.298970295139382,0.1111111111111111,1.1111111111111112,-0.5555551851854753,0.12580566243451724,9.0,,,,,,,,,,,,,,,,,,,,,,,,,3.204120950572837,0.25,0.0,0.24999975000025002,0.049999990000002,4.0,1
2023-10-17,7,15718.0,0.0127258844489608,3.1049642983242305,0.0,0.16666666666666666,-0.16666650000016667,0.02777777314814892,6.0,,,,,,,,,,,,,,,,,,,,,,,,,2.8633345778739154,0.0,2.0,-0.99999950000025,0.19999998000000202,1.0,1
2023-10-18,10,15731.0,0.0827077236289497,3.142868842417618,0.125,0.625,-0.29166646527793866,0.07061965134715896,8.0,,,,,,,,,,,,,,,,,,,,,,,,,3.1159476784596034,0.0,0.5,-0.49999950000050003,0.062499992187500984,2.0,1
2023-10-19,4,15838.0,0.6801856207488299,2.750943039593938,0.0,1.5,-0.999999250000625,0.21428568367347373,2.0,,,,,,,,,,,,,,,,,,,,,,,,,3.1096449184419757,0.0,0.0,0.0,0.0,2.0,1
2023-10-20,10,15856.0,0.1136507134739339,3.435088780817156,0.25,1.0,-0.4999996250003125,0.1582341067009585,4.0,,,,,,,,,,,,,,,,,,,,,,,,,3.5722866660048838,0.16666666666666666,0.5,-0.166666583333375,0.08888887629629817,6.0,1
2023-10-23,6,15943.0,0.548688193743696,3.0321730295173346,0.0,0.25,-0.24999975000025002,0.031249996093750492,4.0,,,,,,,3.2444311686490255,1.0,1.0,0.0,0.16666665277777895,1.0,,,,,,,,,,,,,3.038472004233263,0.0,2.0,-0.99999950000025,0.22222219753086697,1.0,1
2023-10-24,3,15869.0,-0.4641535470112257,3.012890003258093,0.0,1.0,-0.6666661666670833,0.13227511455446617,3.0,,,,,,,,,,,,,,,,,,,,,,,,,,,,,,,0
2023-10-25,5,15871.0,0.012603188606719,2.914095289389831,0.25,1.0,-0.7499992500007501,0.14166664935185413,4.0,,,,,,,,,,,,,,,,,,,,,,,,,3.4558959575387442,1.0,0.0,0.9999990000010001,0.12499998437500197,1.0,1
2023-10-26,9,15933.0,0.390649612500793,3.2939760059114414,0.0,1.0,-0.7777771111117223,0.12938032238607744,9.0,3.604407876725734,0.0,1.0,-0.9999990000010001,0.06249999609375024,1.0,,,,,,,,,,,,,3.2546060897883105,0.0,2.0,-0.99999950000025,0.19999998000000202,1.0,,,,,,,1
2023-10-27,6,15941.0,0.0502102554446715,3.254545322794435,0.5,0.0,0.49999950000050003,0.062499992187500984,2.0,,,,,,,,,,,,,,,,,,,2.9709568358182583,0.0,1.0,-0.9999990000010001,0.16666663888889352,1.0,3.6500097761541,0.3333333333333333,0.0,0.33333300000033333,0.030303027548209616,3.0,1
2023-10-30,12,15916.0,-0.1568283043723695,3.1446340569400917,0.0,1.6666666666666667,-0.8333328611114212,0.19623614465085146,6.0,2.5690418991868396,0.0,0.0,0.0,0.0,1.0,,,,,,,,,,,,,,,,,,,3.5938814346922747,0.0,0.0,0.0,0.0,5.0,0
2023-10-31,10,15897.0,-0.1193767278210633,3.0834092938546296,0.14285714285714285,0.7142857142857143,-0.42857107142889284,0.09557822018383678,7.0,,,,,,,,,,,,,,,,,,,,,,,,,3.4286843295247813,0.0,0.6666666666666666,-0.6666660000006667,0.10317458711262534,3.0,0
2023-11-01,12,15946.0,0.3082342580360997,3.023855247656004,0.0,0.0,0.0,0.0,5.0,,,,,,,,,,,,,2.9504876931053285,0.0,0.0,0.0,0.0,1.0,,,,,,,3.242994490327103,0.0,0.3333333333333333,-0.33333300000033333,0.054166657395835004,6.0,1
2023-11-02,8,15861.0,-0.5330490405117239,2.741307659027869,0.0,1.0,-0.6666661666670833,0.10833332145833467,3.0,,,,,,,,,,,,,,,,,,,,,,,,,3.2522138863935814,0.0,0.0,0.0,0.0,5.0,0
2023-11-03,8,15771.0,-0.5674295441649324,3.5436566005560817,0.25,1.0,-0.49999958333372224,0.11950756287252412,8.0,3.4987769604817105,0.0,1.0,-0.9999990000010001,0.09090908264462885,1.0,,,,,,,,,,,,,,,,,,,3.9725088637665635,0.0,2.0,-0.99999950000025,0.24999996875000394,1.0,0
2023-11-06,3,15550.0,-1.40130619491472,3.052813942566709,0.0,1.6666666666666667,-0.9999993333338333,0.18282826139271777,3.0,,,,,,,,,,,,,,,,,,,,,,,,,,,,,,,0
2023-11-07,5,15593.0,0.2765273311897021,3.3615980514018764,0.0,0.0,0.0,0.0,2.0,,,,,,,,,,,,,,,,,,,,,,,,,3.594717266578188,0.6666666666666666,0.6666666666666666,0.0,0.10317459514361364,3.0,1
2023-11-08,5,15629.0,0.230872827550832,3.2360161670708134,0.0,0.5,-0.49999950000050003,0.08124998609375249,4.0,,,,,,,,,,,,,,,,,,,,,,,,,3.4212498187490796,0.0,2.0,-0.99999950000025,0.19999998000000202,1.0,1
2023-11-09,5,15649.0,0.1279672403864618,2.80862075139844,0.3333333333333333,0.6666666666666666,-0.33333300000033333,0.14999997250000588,3.0,,,,,,,,,,,,,,,,,,,,,,,,,3.367763120352676,0.0,0.0,0.0,0.0,2.0,1
2023-11-10,10,15693.0,0.2811681257588239,3.3758569362639377,0.0,0.0,0.0,0.0,3.0,,,,,,,,,,,,,3.1123899542422007,0.0,0.0,0.0,0.0,1.0,,,,,,,3.002787064530139,0.3333333333333333,0.16666666666666666,0.16666650000016667,0.06527776887731608,6.0,1
2023-11-13,9,15713.0,0.1274453578028467,3.4781327009224943,0.0,0.8333333333333334,-0.8333325000008335,0.08472221346064908,6.0,,,,,,,,,,,,,,,,,,,,,,,,,3.3567434121042123,0.0,0.0,0.0,0.0,3.0,1
2023-11-14,4,15699.0,-0.089098198943549,2.841208924135834,0.0,0.0,0.0,0.0,1.0,,,,,,,,,,,,,,,,,,,1.7191156146584698,0.0,0.0,0.0,0.0,1.0,4.015126626676368,0.0,0.0,0.0,0.0,2.0,0
2023-11-15,17,15503.0,-1.2484871647875706,2.6762051918085845,0.0,0.2,-0.1999998000002,0.016666665277777895,5.0,,,,,,,,,,,,,,,,,,,,,,,,,3.2924930631784726,0.25,0.25,-0.08333320833347918,0.07175924781378808,12.0,0
2023-11-16,11,15595.0,0.5934335289943915,3.241920153806761,0.0,0.3333333333333333,-0.33333300000033333,0.02380952210884366,3.0,,,,,,,,,,,,,,,,,,,,,,,,,3.43607909003254,0.375,0.625,-0.12499993750003124,0.14632934318999924,8.0,1
2023-11-17,8,15504.0,-0.5835203590894511,2.7242139399513836,0.0,1.0,-0.6666661666670833,0.099999990000001,3.0,2.887135554498474,0.0,1.0,-0.9999990000010001,0.11111109876543349,1.0,,,,,,,3.6064994224739624,0.0,0.0,0.0,0.0,1.0,,,,,,,3.003947901843358,0.0,0.3333333333333333,-0.33333300000033333,0.0476190408163275,3.0,0
2023-11-20,6,15419.0,-0.5482456140350922,3.151927108167549,0.25,0.5,-0.24999975000025002,0.08333332407407512,4.0,,,,,,,,,,,,,,,,,,,,,,,,,3.3814370210989253,0.0,0.3333333333333333,-0.33333300000033333,0.03703703292181116,3.0,0
2023-11-21,1,15436.0,0.1102535832414597,2.9004682787265237,0.0,0.0,0.0,0.0,1.0,,,,,,,,,,,,,,,,,,,,,,,,,,,,,,,1
2023-11-22,6,15584.0,0.958797615962692,3.1922545253741186,0.0,1.25,-0.4999997916667569,0.15714283683673738,4.0,,,,,,,,,,,,,,,,,,,,,,,,,3.4974977716306586,0.0,0.5,-0.49999950000050003,0.05555554938271674,2.0,1
2023-11-23,4,15593.0,0.0577515400410622,4.334065305154207,0.0,0.0,0.0,0.0,1.0,,,,,,,,,,,,,2.7667646111772193,0.0,1.5,-0.999999250000625,0.19642854559949322,2.0,,,,,,,3.1913893471361576,0.0,1.0,-0.9999990000010001,0.09090908264462885,1.0,1
2023-11-24,7,15587.0,-0.0384788045918016,3.1638586743454975,0.0,1.25,-0.749999500000375,0.1197115265967098,4.0,,,,,,,,,,,,,2.526287034901399,0.0,0.0,0.0,0.0,2.0,,,,,,,3.774466243636947,0.0,0.0,0.0,0.0,1.0,0
2023-11-27,3,15527.0,-0.3849361647526805,,,,,,,,,,,,,,,,,,,2.944828926846047,0.0,0.0,0.0,0.0,1.0,,,,,,,2.7672735396829564,1.0,0.5,0.49999950000050003,0.20833330381944873,2.0,0
2023-11-28,4,15450.0,-0.4959103497134021,3.2708056389070124,0.3333333333333333,0.3333333333333333,0.0,0.08465607373813866,3.0,,,,,,,,,,,,,2.8635120113355215,0.0,1.0,-0.9999990000010001,0.09999999000000101,1.0,,,,,,,,,,,,,0
2023-11-29,6,15384.0,-0.4271844660194146,3.2107202609881704,0.0,1.3333333333333333,-0.33333325000002084,0.12121211019283847,3.0,,,,,,,,,,,,,,,,,,,,,,,,,3.1729634575569468,0.6666666666666666,0.6666666666666666,0.0,0.2202380555909942,3.0,0
2023-11-30,7,15484.0,0.6500260010400494,3.2779485788149745,0.0,0.6666666666666666,-0.33333316666675,0.08333332291666798,3.0,,,,,,,,,,,,,2.9260336365150303,0.0,0.0,0.0,0.0,1.0,,,,,,,3.011020340397984,0.0,0.6666666666666666,-0.6666660000006667,0.1923076070020142,3.0,1
2023-12-01,10,15524.0,0.2583311805735011,3.1532301709101134,0.0,0.3333333333333333,-0.33333300000033333,0.030303027548209616,3.0,,,,,,,,,,,,,3.017078934627381,0.5,1.0,-0.49999950000050003,0.19563489464034112,4.0,,,,,,,3.397662790058732,0.3333333333333333,0.3333333333333333,0.0,0.08928570227466148,3.0,1
2023-12-04,5,15446.0,-0.5024478227261042,3.3627977711643524,0.5,1.0,-2.499996249460956e-07,0.18831166377129693,2.0,,,,,,,,,,,,,,,,,,,,,,,,,3.6198666950011,0.0,1.6666666666666667,-0.6666663888890092,0.19907405021862426,3.0,0
2023-12-05,1,15504.0,0.3755017480253864,,,,,,,,,,,,,,,,,,,,,,,,,,,,,,,3.2824236238218996,0.0,1.0,-0.9999990000010001,0.11111109876543349,1.0,1
2023-12-06,6,15504.0,0.0,2.6323003783162604,0.0,1.0,-0.6666661666670833,0.13095236373299549,3.0,,,,,,,,,,,,,,,,,,,3.3781287535296642,0.0,1.0,-0.9999990000010001,0.12499998437500197,1.0,2.612419767743349,0.0,1.0,-0.9999990000010001,0.11249998718750148,2.0,0
2023-12-07,3,15536.0,0.2063983488132192,3.6288419506832352,0.5,0.5,0.0,0.09166665819444525,2.0,,,,,,,,,,,,,,,,,,,,,,,,,2.980650257089879,0.0,1.0,-0.9999990000010001,0.11111109876543349,1.0,1
2023-12-08,2,15500.0,-0.2317198764160699,3.3316217122294387,0.0,1.0,-0.9999990000010001,0.09090908264462885,1.0,,,,,,,,,,,,,,,,,,,,,,,,,3.046486127846275,1.0,2.0,-0.33333322222225925,0.299999970000003,1.0,0
2023-12-11,4,15614.0,0.7354838709677347,,,,,,,,,,,,,,,,,,,,,,,,,,,,,,,3.2331589350719847,0.25,0.25,0.0,0.07142856122449125,4.0,1
2023-12-12,5,15631.0,0.108876649161016,2.9338947031294946,0.0,0.0,0.0,0.0,1.0,,,,,,,,,,,,,,,,,,,,,,,,,3.3648956256736584,0.25,0.25,0.0,0.08571427061224762,4.0,1
2023-12-13,16,15629.0,-0.0127950866867121,2.6300515986597497,0.0,0.5,-0.49999950000050003,0.07777776469136037,4.0,,,,,,,,,,,,,,,,,,,,,,,,,2.962001277437029,0.08333333333333333,0.6666666666666666,-0.4999995416671042,0.13065473534876382,12.0,0
2023-12-14,12,15493.0,-0.8701772346279335,3.302747879662043,0.0,1.0,-0.6666661666670833,0.1111110987654335,3.0,,,,,,,,,,,,,,,,,,,,,,,,,3.082633975922294,0.1111111111111111,0.3333333333333333,-0.11111105555558333,0.056613749037542,9.0,0
2023-12-15,4,15503.0,0.064545278512873,4.144864966651822,0.0,0.0,0.0,0.0,1.0,,,,,,,,,,,,,,,,,,,2.4193356311235124,1.0,0.0,0.9999990000010001,0.16666663888889352,1.0,3.6483812134727995,0.0,1.0,-0.499999750000125,0.12499998437500197,2.0,1
2023-12-18,10,15516.0,0.0838547377926879,2.9729976378632292,0.0,0.25,-0.24999975000025002,0.04166665972222338,4.0,3.666771354953035,0.0,0.0,0.0,0.0,1.0,,,,,,,,,,,,,,,,,,,3.1496889154035816,0.0,0.5,-0.33333308333354167,0.05714285040816408,6.0,1
2023-12-20,4,15512.0,0.0386946988262693,,,,,,,,,,,,,,,,,,,,,,,,,,,,,,,3.1333515843630875,0.5,0.25,1.249998124730478e-07,0.07777776969135888,4.0,1
2023-12-21,4,15533.0,0.135379061371843,3.0315245302652376,1.0,0.0,0.9999990000010001,0.09999999000000101,1.0,3.0315245302652376,1.0,0.0,0.9999990000010001,0.09999999000000101,1.0,2.8965481376666533,0.0,0.5,-0.49999950000050003,0.062499992187500984,2.0,,,,,,,,,,,,,3.677650258219536,0.0,1.0,-0.9999990000010001,0.11111109876543349,1.0,1
2023-12-22,4,15489.0,-0.2832678812850098,3.2239589026572846,0.0,0.5,-0.49999950000050003,0.04166666319444474,2.0,,,,,,,,,,,,,,,,,,,,,,,,,3.795364834799426,0.0,0.5,-0.49999950000050003,0.08333331944444676,2.0,0
2023-12-27,9,15414.0,-0.4842146039124584,2.8717660961482556,0.0,0.0,0.0,0.0,1.0,,,,,,,,,,,,,2.773217057110284,0.0,0.0,0.0,0.0,1.0,,,,,,,3.112682868713667,0.42857142857142855,0.0,0.42857100000042864,0.06683672383199893,7.0,0
2023-12-28,2,15416.0,0.0129752173348984,3.2540791579234822,0.0,2.0,-0.99999950000025,0.19999998000000202,1.0,,,,,,,,,,,,,,,,,,,,,,,,,3.4096045693600843,0.0,0.0,0.0,0.0,1.0,1
2023-12-29,2,15439.0,0.1491956408925743,2.6965191121104155,0.0,1.0,-0.499999750000125,0.09090908264462885,2.0,,,,,,,,,,,,,,,,,,,,,,,,,,,,,,,1
2024-01-02,1,15473.0,0.2202215169376353,3.221068080893821,0.0,1.0,-0.9999990000010001,0.12499998437500197,1.0,,,,,,,,,,,,,,,,,,,,,,,,,,,,,,,1
2024-01-03,1,15495.0,0.1421831577586685,3.2106309981401253,0.0,0.0,0.0,0.0,1.0,,,,,,,,,,,,,,,,,,,,,,,,,,,,,,,1
2024-01-04,14,15525.0,0.1936108422071703,3.1582937550992276,0.25,0.375,-0.12499987500012501,0.07857141841836869,8.0,,,,,,,,,,,,,3.5303827028822354,0.0,1.0,-0.9999990000010001,0.09999999000000101,1.0,,,,,,,3.2089780505193244,0.2857142857142857,0.7142857142857143,-0.21428555357157592,0.13543597390550338,7.0,1
2024-01-05,4,15518.0,-0.0450885668277001,3.815822265066127,0.0,1.0,-0.9999990000010001,0.09545453632231493,2.0,,,,,,,,,,,,,,,,,,,,,,,,,3.581447069279795,0.3333333333333333,0.3333333333333333,0.0,0.08888887629629817,3.0,0
2024-01-08,8,15522.0,0.0257765175924795,3.2581272311932348,0.0,0.6666666666666666,-0.33333316666675,0.095238081632655,3.0,,,,,,,,,,,,,,,,,,,,,,,,,3.3815277670726926,0.2,0.4,-0.1999998000002,0.0793650687326797,5.0,1
2024-01-09,3,15518.0,-0.0257698750161017,3.7937760033716805,0.0,0.0,0.0,0.0,1.0,,,,,,,,,,,,,,,,,,,,,,,,,3.3968596842658894,0.0,0.5,-0.49999950000050003,0.05555554938271674,2.0,0
2024-01-10,4,15568.0,0.3222064699059057,2.9817846106756347,0.0,0.5,-0.49999950000050003,0.049999995000000505,2.0,,,,,,,,,,,,,3.4007290531509433,0.0,0.0,0.0,0.0,1.0,,,,,,,4.107215460520216,0.0,0.0,0.0,0.0,1.0,1
2024-01-11,6,15558.0,-0.0642343268242529,3.0310255086969278,0.0,0.0,0.0,0.0,2.0,,,,,,,,,,,,,,,,,,,,,,,,,3.646648094601391,0.0,0.5,-0.2499998750000625,0.049999995000000505,4.0,0
2024-01-12,13,15559.0,0.0064275613832043,3.4343536785131543,0.0,1.75,-0.4999997083335903,0.1362179381060988,4.0,,,,,,,,,,,,,,,,,,,,,,,,,3.236069596281073,0.0,0.4444444444444444,-0.33333305555580556,0.07186947568482378,9.0,1
2024-01-15,4,15555.0,-0.02570859309724,1.706128615835536,0.0,1.0,-0.9999990000010001,0.24999993750001562,1.0,,,,,,,,,,,,,,,,,,,,,,,,,3.2770010682655717,0.6666666666666666,1.3333333333333333,-0.44444407407441977,0.29924236910297325,3.0,0
2024-01-16,7,15592.0,0.2378656380584987,3.39904251276194,0.0,0.4,-0.3999996000004,0.03151514897337028,5.0,,,,,,,,,,,,,,,,,,,,,,,,,3.559434364035278,0.5,1.0,-0.49999950000050003,0.1499999850000015,2.0,1
2024-01-17,10,15639.0,0.3014366341713703,3.2138205646227993,0.0,1.5,-0.999999250000625,0.17142855122449224,2.0,,,,,,,,,,,,,,,,,,,,,,,,,3.015015442419779,0.0,0.625,-0.4999995625004063,0.09494046126098599,8.0,1
2024-01-18,3,15630.0,-0.0575484366008072,3.2049574888854933,0.0,2.5,-0.9999995833335138,0.261111083765435,2.0,,,,,,,,,,,,,,,,,,,,,,,,,3.26323303384936,0.0,2.0,-0.9999993333338889,0.20555553438271823,2.0,0
2024-01-19,5,15628.0,-0.0127959053103032,3.6625055020746293,0.0,1.5,-0.999999250000625,0.12937061814758766,2.0,,,,,,,,,,,,,,,,,,,,,,,,,3.3329780463919554,0.25,1.25,-0.499999750000125,0.22104974664403296,4.0,0
2024-01-22,7,15627.0,-0.0063987714358892,3.072945694727089,0.0,0.6666666666666666,-0.6666660000006667,0.07407406584362232,3.0,,,,,,,,,,,,,3.490347790786536,0.0,0.0,0.0,0.0,1.0,,,,,,,3.390349235725091,0.0,0.25,-0.24999975000025002,0.031249996093750492,4.0,0
2024-01-23,7,15656.0,0.1855762462404708,3.3956321932114357,0.0,0.0,0.0,0.0,1.0,,,,,,,3.5644750344616116,0.0,0.0,0.0,0.0,1.0,,,,,,,,,,,,,2.691027667928492,0.0,1.2,-0.7999994000005,0.19325392980521863,5.0,1
2024-01-24,1,15719.0,0.4024016351558579,2.99333658559754,0.0,1.0,-0.9999990000010001,0.11111109876543349,1.0,,,,,,,,,,,,,,,,,,,,,,,,,,,,,,,1
2024-01-25,5,15767.0,0.3053629365735721,2.66553348476231,0.0,2.0,-0.99999950000025,0.2916666232638955,2.0,,,,,,,,,,,,,3.086424596927478,0.0,1.0,-0.9999990000010001,0.199999960000008,1.0,,,,,,,3.398527865989718,0.0,0.5,-0.49999950000050003,0.05555554938271674,2.0,1
2024-01-26,5,15829.0,0.3932263588507734,3.6143428565105484,0.0,0.0,0.0,0.0,1.0,,,,,,,,,,,,,,,,,,,,,,,,,2.7612509101513476,0.25,0.5,-0.24999975000025002,0.08680554547646724,4.0,1
2024-01-29,5,15825.0,-0.0252700739149625,2.9340590170880687,0.0,0.5,-0.49999950000050003,0.062499992187500984,2.0,,,,,,,,,,,,,,,,,,,,,,,,,3.6890686428085466,0.6666666666666666,0.0,0.6666660000006667,0.12222219962963383,3.0,0
2024-01-30,5,15796.0,-0.1832543443917811,2.9321125214404415,0.0,1.0,-0.9999990000010001,0.11111109876543349,1.0,,,,,,,2.768894213913597,0.0,0.0,0.0,0.0,1.0,,,,,,,,,,,,,3.4095116608641214,0.0,0.6666666666666666,-0.33333316666675,0.07407406584362232,3.0,0
2024-01-31,6,15803.0,0.0443150164598726,3.124241962602511,0.0,2.0,-0.9999993333338889,0.24999996875000394,2.0,,,,,,,,,,,,,,,,,,,,,,,,,3.248784980663585,0.0,0.5,-0.49999950000050003,0.05208332769097286,4.0,1
2024-02-01,11,15775.0,-0.1771815478073812,3.596706793406124,0.0,0.3333333333333333,-0.33333300000033333,0.066666653333336,3.0,,,,,,,,,,,,,,,,,,,,,,,,,3.454605987015852,0.0,0.625,-0.6249993750006251,0.10257934751291568,8.0,0
2024-02-02,5,15688.0,-0.5515055467511853,3.347677046169353,0.0,1.5,-0.4999998333333889,0.1499999850000015,2.0,,,,,,,,,,,,,,,,,,,,,,,,,3.7049977470166824,0.3333333333333333,1.0,-0.33333316666675,0.24444439925926767,3.0,0
2024-02-05,8,15705.0,0.1083630800611912,3.4817686979718045,0.0,0.75,-0.4999996250003125,0.08571427561224612,4.0,,,,,,,2.69431096870523,0.0,0.0,0.0,0.0,1.0,,,,,,,1.9818190528368476,0.0,0.0,0.0,0.0,1.0,3.0590161911960867,0.0,0.0,0.0,0.0,2.0,1
2024-02-06,6,15734.0,0.1846545686087219,3.0671535066875557,0.0,2.0,-0.9999993333338889,0.1778845986963774,2.0,,,,,,,,,,,,,,,,,,,,,,,,,3.5016030830788343,0.0,0.75,-0.7499992500007501,0.09642855872449149,4.0,1
2024-02-07,5,15685.0,-0.3114274818863616,3.2207894387146223,0.0,0.0,0.0,0.0,4.0,,,,,,,,,,,,,,,,,,,,,,,,,3.2511067583298674,0.0,2.0,-0.99999950000025,0.285714244897965,1.0,0
2024-02-12,20,15612.0,-0.4654128147911995,2.9875263005626067,0.25,0.9166666666666666,-0.3611108935186674,0.1319733351397811,12.0,2.9207538153733386,2.0,1.0,0.33333322222225925,0.299999970000003,1.0,,,,,,,,,,,,,2.941753910696082,0.0,2.0,-0.99999950000025,0.33333327777778704,1.0,3.485130205191877,0.0,0.5,-0.33333308333354167,0.05370369792181132,6.0,0
2024-02-13,6,15585.0,-0.1729438893159129,2.5412096610893036,0.0,0.0,0.0,0.0,1.0,,,,,,,,,,,,,,,,,,,,,,,,,3.7589979177054658,0.0,0.6,-0.5999994000006,0.07579364111788359,5.0,0
2024-02-15,21,15606.0,0.1347449470644912,3.1393384841952905,0.2,0.8,-0.19999993333335556,0.11746030350214327,5.0,3.4750869700048854,0.0,0.0,0.0,0.0,1.0,,,,,,,,,,,,,,,,,,,3.120606498669217,0.1875,0.375,-0.12499990625007812,0.08903768305110987,16.0,1
2024-02-16,3,15654.0,0.3075740099961477,3.1869146721637747,0.0,1.0,-0.9999990000010001,0.07692307100591762,1.0,,,,,,,,,,,,,,,,,,,,,,,,,3.564599092109881,0.0,1.0,-0.9999990000010001,0.13333331444444727,2.0,1
2024-02-19,10,15630.0,-0.1533154465312325,2.737310535540148,0.4,0.6,-0.1999998000002,0.1215872864857666,5.0,,,,,,,,,,,,,,,,,,,,,,,,,3.3563094820797885,0.2,0.2,0.0,0.0799999840000032,5.0,0
2024-02-20,3,15659.0,0.1855406269993587,2.8719460443320757,0.0,1.3333333333333333,-0.6666662222225926,0.17989415537079367,3.0,2.6107392591404874,0.0,0.0,0.0,0.0,1.0,,,,,,,,,,,,,,,,,,,,,,,,,1
2024-02-21,9,15658.0,-0.0063861038380519,2.988839890999889,0.0,1.0,-0.6666661666670833,0.1587301334089232,3.0,2.915322273071406,0.0,0.0,0.0,0.0,2.0,,,,,,,2.5980123121964014,0.0,0.0,0.0,0.0,1.0,,,,,,,2.9058158682702686,0.0,0.3333333333333333,-0.33333300000033333,0.05555554629629784,3.0,0
2024-02-22,6,15630.0,-0.1788223272448541,3.157891543968187,0.3333333333333333,1.0,-0.33333316666675,0.17857140454932297,3.0,,,,,,,,,,,,,,,,,,,,,,,,,3.209135944331648,0.0,0.6666666666666666,-0.6666660000006667,0.0703703629218115,3.0,0
2024-02-23,6,15589.0,-0.2623160588611672,2.8386425798707773,0.6666666666666666,0.3333333333333333,0.33333300000033333,0.14444442259259602,3.0,,,,,,,,,,,,,,,,,,,,,,,,,3.2063833303901284,0.0,0.3333333333333333,-0.33333300000033333,0.04166666145833399,3.0,0
2024-02-26,8,15635.0,0.2950798640066754,3.2544834067051216,0.0,0.0,0.0,0.0,3.0,3.6234571031897733,0.0,0.0,0.0,0.0,1.0,,,,,,,,,,,,,,,,,,,3.446398832139489,0.4,0.6,-9.999984997843825e-08,0.12532465925851954,5.0,1
2024-02-27,4,15655.0,0.1279181323952771,3.411430600899471,0.0,1.75,-0.7499995625003282,0.2054923981828261,4.0,3.6991990178483025,0.0,1.0,-0.9999990000010001,0.12499998437500197,1.0,,,,,,,,,,,,,,,,,,,,,,,,,1
2024-02-28,5,15673.0,0.1149792398594806,3.214251302808159,0.0,1.5,-0.4999998333333889,0.18749997656250295,2.0,,,,,,,,,,,,,3.7619758603774422,0.0,3.0,-0.9999996666667778,0.2727272479338866,1.0,,,,,,,3.7054612568686105,0.0,0.0,0.0,0.0,2.0,1
2024-02-29,11,15715.0,0.2679767753461348,2.8917888235432008,0.25,0.75,-0.2499998750000625,0.09999998962963075,4.0,,,,,,,,,,,,,3.363115864872358,0.0,1.0,-0.9999990000010001,0.09090908264462885,1.0,2.9606611891327326,0.0,2.0,-0.99999950000025,0.1818181652892577,1.0,3.643023307565509,0.0,0.0,0.0,0.0,5.0,1
2024-03-01,10,15696.0,-0.1209035952911219,2.8475515241776903,0.0,1.0,-0.6666661666670833,0.12499998437500197,3.0,3.282087788213666,0.0,1.0,-0.9999990000010001,0.09999999000000101,1.0,,,,,,,3.5870020681623855,0.0,1.0,-0.9999990000010001,0.12499998437500197,1.0,,,,,,,3.605955393742974,0.0,0.3333333333333333,-0.33333300000033333,0.04861110387731591,6.0,0
2024-03-04,6,15723.0,0.1720183486238591,,,,,,,,,,,,,,,,,,,3.307532279415313,0.0,0.6666666666666666,-0.6666660000006667,0.07499999145833432,3.0,,,,,,,3.7464814588271342,0.0,0.3333333333333333,-0.33333300000033333,0.033333330000000334,3.0,1
2024-03-05,5,15756.0,0.209883609998096,3.2257566437424248,0.3333333333333333,0.6666666666666666,-0.33333300000033333,0.14999997625000397,3.0,,,,,,,,,,,,,,,,,,,,,,,,,2.9045070977717504,0.5,0.5,0.0,0.11111109876543349,2.0,1
2024-03-06,3,15723.0,-0.2094440213252113,3.8884047146982463,0.0,2.0,-0.99999950000025,0.16666665277777895,1.0,,,,,,,3.215699476272433,0.0,1.0,-0.9999990000010001,0.07692307100591762,1.0,3.868253130696452,0.0,1.0,-0.9999990000010001,0.11111109876543349,1.0,,,,,,,,,,,,,0
2024-03-07,3,15658.0,-0.413407110602304,3.405286078712238,0.0,1.0,-0.9999990000010001,0.09999999000000101,1.0,,,,,,,,,,,,,,,,,,,,,,,,,3.5156291777742874,0.5,1.0,-0.49999950000050003,0.21428568367347373,2.0,0
2024-03-08,8,15603.0,-0.351258142802402,2.773274422838215,0.3333333333333333,1.0,-0.33333316666675,0.18560602905475843,3.0,,,,,,,,,,,,,,,,,,,2.7763507248557673,1.0,0.0,0.9999990000010001,0.12499998437500197,1.0,3.5625780068258353,0.0,0.8,-0.7999992000008,0.1190476012471682,5.0,0
2024-03-13,36,15576.0,-0.1730436454527972,3.2200037284168843,0.14285714285714285,0.7142857142857143,-0.28571414285721425,0.08809522878968355,7.0,,,,,,,2.728648848872133,0.3333333333333333,0.0,0.33333300000033333,0.04166666145833399,3.0,3.329083472095105,0.0,0.0,0.0,0.0,1.0,,,,,,,3.2731648933843873,0.1111111111111111,0.37037037037037035,-0.19753069341579665,0.06715341213859748,27.0,0
2024-03-14,8,15582.0,0.0385208012326554,3.0559946734207624,0.0,1.0,-0.9999990000010001,0.09999999000000101,1.0,,,,,,,2.491891657301927,0.0,0.0,0.0,0.0,1.0,,,,,,,2.9626478649918426,0.0,2.0,-0.99999950000025,0.24999996875000394,2.0,3.9543395382249353,0.25,0.0,0.24999975000025002,0.031249996093750492,4.0,1
2024-03-15,13,15624.0,0.2695417789757348,4.009119595933405,0.0,2.0,-0.99999950000025,0.11764705190311459,1.0,,,,,,,,,,,,,2.873483748530118,0.0,0.5,-0.49999950000050003,0.062499992187500984,2.0,,,,,,,3.474208707576713,0.09090909090909091,0.45454545454545453,-0.27272704545474996,0.0629870055635445,11.0,1
2024-03-18,6,15672.0,0.3072196620583778,2.916565504997273,0.0,0.0,0.0,0.0,2.0,,,,,,,,,,,,,,,,,,,,,,,,,3.417035695517934,0.0,0.25,-0.24999975000025002,0.019230767751479406,4.0,1
2024-03-19,7,15712.0,0.2552322613578406,3.131305341274833,0.3333333333333333,0.6666666666666666,-1.6666641663073042e-07,0.0949073978748724,3.0,,,,,,,,,,,,,,,,,,,,,,,,,3.4271059539137414,0.5,1.0,-0.2499998750000625,0.1683711921382888,4.0,1
2024-03-20,9,15727.0,0.0954684317718834,3.9936342564632916,0.0,0.0,0.0,0.0,1.0,,,,,,,,,,,,,,,,,,,,,,,,,3.4062251873898903,0.0,0.125,-0.12499987500012501,0.011363635330578607,8.0,1
2024-03-21,7,15662.0,-0.41330196477396,4.151706142260436,0.0,1.5,-0.999999250000625,0.10476189743764225,2.0,,,,,,,,,,,,,,,,,,,,,,,,,3.5183925087421564,0.0,0.6,-0.5999994000006,0.0793650687326797,5.0,0
2024-03-22,7,15773.0,0.7087217469033291,,,,,,,,,,,,,,,,,,,3.6852252683824194,0.0,0.0,0.0,0.0,1.0,,,,,,,3.368861552620951,0.16666666666666666,0.3333333333333333,-0.16666650000016667,0.05574979875657333,6.0,1
2024-03-25,4,15795.0,0.1394788562733895,4.346541479297304,0.0,0.0,0.0,0.0,1.0,,,,,,,,,,,,,,,,,,,,,,,,,3.459160726299547,0.0,0.6666666666666666,-0.6666660000006667,0.08928570227466148,3.0,1
2024-03-26,9,15797.0,0.0126622348844529,3.4115484635730335,0.3333333333333333,1.0,-0.33333316666675,0.11212860236793325,3.0,2.381504542715864,0.0,2.0,-0.99999950000025,0.22222219753086697,1.0,,,,,,,3.7490709373090594,0.0,1.0,-0.9999990000010001,0.08333332638888948,1.0,,,,,,,3.1800516984799194,0.0,0.75,-0.4999996250003125,0.08749998968750124,4.0,1
2024-03-27,1,15853.0,0.3544976894346963,,,,,,,,,,,,,,,,,,,,,,,,,,,,,,,3.9530954506333127,0.0,1.0,-0.9999990000010001,0.11111109876543349,1.0,1
2024-03-28,5,15873.0,0.126159086608224,3.60583158703467,0.0,1.0,-0.499999750000125,0.1428571224489825,2.0,,,,,,,,,,,,,,,,,,,,,,,,,3.279632875783076,0.0,0.3333333333333333,-0.33333300000033333,0.11111107407408642,3.0,1
2024-04-01,8,15909.0,0.2268002268002167,4.043740764190361,0.0,0.5,-0.49999950000050003,0.03124999804687512,2.0,,,,,,,,,,,,,,,,,,,,,,,,,3.5362797774971937,0.0,0.6666666666666666,-0.4999995833337083,0.057407402201646585,6.0,1
2024-04-02,3,15934.0,0.1571437551071808,3.2091163323178162,0.0,0.3333333333333333,-0.33333300000033333,0.033333330000000334,3.0,,,,,,,,,,,,,,,,,,,,,,,,,,,,,,,1
2024-04-03,5,15923.0,-0.069034768419729,,,,,,,,,,,,,,,,,,,,,,,,,,,,,,,3.3686159505655895,0.2,0.6,-0.3999996000004,0.10865799328629748,5.0,0
2024-04-04,9,15907.0,-0.1004835772153489,3.76769421382022,0.0,0.5,-0.49999950000050003,0.03846153550295881,2.0,,,,,,,,,,,,,2.911796119471437,0.0,0.0,0.0,0.0,1.0,,,,,,,3.3084619415643757,0.16666666666666666,0.8333333333333334,-0.33333316666675,0.15370367903292592,6.0,0
2024-04-05,5,15873.0,-0.2137423775696256,3.3411032904387947,0.6666666666666666,0.3333333333333333,1.6666641663073042e-07,0.09444443546296383,3.0,,,,,,,,,,,,,,,,,,,,,,,,,3.0526208292199657,0.0,1.0,-0.499999750000125,0.12499998437500197,2.0,0
2024-04-16,80,16176.0,1.9089019089019168,3.384695762525098,0.05,0.85,-0.46666634444470184,0.09223483853269296,20.0,3.293557427838444,0.0,0.6666666666666666,-0.6666660000006667,0.0719696890065436,3.0,3.1300856536222383,0.0,0.5,-0.49999950000050003,0.062499992187500984,2.0,3.006470088422477,0.0,0.0,0.0,0.0,1.0,2.927640425194369,0.0,1.0,-0.9999990000010001,0.11111109876543349,1.0,3.3585395580521604,0.14285714285714285,0.5535714285714286,-0.2857140505954519,0.08446775361203336,56.0,1
2024-04-17,10,16240.0,0.3956478733926794,2.7468384267471673,0.0,0.3333333333333333,-0.33333300000033333,0.033333330000000334,3.0,3.4544064268487564,0.0,0.0,0.0,0.0,3.0,,,,,,,,,,,,,,,,,,,3.505342227984247,0.5,1.0,-0.2499998750000625,0.18948410279470898,4.0,1
2024-04-18,7,16177.0,-0.387931034482758,3.7419520028406077,0.0,0.0,0.0,0.0,3.0,,,,,,,2.8999128252981663,0.0,0.0,0.0,0.0,1.0,,,,,,,,,,,,,3.967363154498037,0.0,1.6666666666666667,-0.999999222222926,0.18095236081632882,3.0,0
2024-04-19,7,16280.0,0.6367064350621288,3.4569154928613606,0.0,1.2,-0.5999996333336055,0.11676766533986442,5.0,3.222072208068909,0.0,0.0,0.0,0.0,1.0,,,,,,,,,,,,,,,,,,,3.13539449286845,0.0,0.5,-0.49999950000050003,0.07142856122449125,2.0,1
2024-04-22,10,16224.0,-0.3439803439803435,2.9607973025288223,0.0,1.0,-0.79999930000065,0.14714283247959653,5.0,,,,,,,2.790577835920313,1.0,0.0,0.9999990000010001,0.07692307100591762,1.0,,,,,,,,,,,,,2.86730578094257,0.4,0.2,0.1999998000002,0.06538460795118431,5.0,0
2024-04-23,6,16244.0,0.123274161735698,3.1390034164245937,0.0,1.6,-0.7999995333336555,0.1979364829724774,5.0,,,,,,,,,,,,,,,,,,,,,,,,,3.498910075277733,0.0,0.0,0.0,0.0,1.0,1
2024-04-24,5,16161.0,-0.5109578921447921,4.355955436441028,0.0,2.0,-0.99999950000025,0.15384614201183525,1.0,,,,,,,,,,,,,3.51764948684055,0.0,2.0,-0.99999950000025,0.15384614201183525,1.0,,,,,,,3.533407611189397,0.25,1.0,-0.4999996250003125,0.11324785263715496,4.0,0
2024-04-25,4,16208.0,0.2908235876492693,3.591051188607813,0.0,1.0,-0.9999990000010001,0.09999999000000101,1.0,3.591051188607813,0.0,1.0,-0.9999990000010001,0.09999999000000101,1.0,3.092905520462998,0.0,0.0,0.0,0.0,1.0,3.4066072933581135,0.0,2.0,-0.99999950000025,0.19999998000000202,1.0,,,,,,,2.881401221284709,0.0,1.0,-0.9999990000010001,0.16666663888889352,1.0,1
2024-04-26,8,16222.0,0.0863770977295175,3.0861340826274515,0.0,2.0,-0.99999950000025,0.22222219753086697,1.0,,,,,,,,,,,,,3.855514940708705,0.0,3.0,-0.9999996666667778,0.33333329629630043,1.0,,,,,,,3.5660383141473253,0.14285714285714285,1.2857142857142858,-0.571428190476508,0.17063489985670452,7.0,1
2024-04-29,10,16249.0,0.1664406361731041,2.8768287186027255,0.0,1.0,-0.49999966666694445,0.09340658386668384,4.0,3.473786438585009,0.0,3.0,-0.9999996666667778,0.23076921301775286,1.0,,,,,,,3.6447252009122013,0.5,0.0,0.49999950000050003,0.049999995000000505,2.0,3.07803074300224,0.0,0.0,0.0,0.0,1.0,3.4200830379280642,0.0,0.0,0.0,0.0,4.0,1
2024-04-30,5,16276.0,0.1661640716351886,3.0336506543457102,0.0,0.0,0.0,0.0,1.0,,,,,,,3.4690929793419003,0.0,0.0,0.0,0.0,1.0,3.516748341030914,0.0,2.0,-0.99999950000025,0.285714244897965,1.0,,,,,,,3.1519502961401535,0.5,1.0,-0.16666661111112963,0.1499999850000015,2.0,1
2024-05-02,18,16202.0,-0.4546571639223451,3.143752393853772,0.5,2.0,-0.6666663611112547,0.24090906764463035,2.0,,,,,,,,,,,,,3.0517853088855773,0.0,0.6666666666666666,-0.6666660000006667,0.0703703629218115,3.0,,,,,,,3.361485961202279,0.13333333333333333,0.6,-0.3999996333336834,0.0870658864373118,15.0,0
2024-05-03,9,16094.0,-0.6665843722997167,3.0356670911244708,0.0,1.0,-0.9999990000010001,0.1428571224489825,1.0,,,,,,,,,,,,,2.8780807056876028,0.6666666666666666,0.6666666666666666,0.0,0.140740725843623,3.0,,,,,,,3.3207507842724153,0.0,0.8,-0.3999998000001,0.11111109506173081,5.0,0
2024-05-06,6,16025.0,-0.4287312041754698,3.0932330480309695,0.0,0.0,0.0,0.0,2.0,,,,,,,,,,,,,3.4573172149353137,1.5,0.0,0.999999250000625,0.16666664814815024,2.0,,,,,,,2.7991960637594673,0.5,0.0,0.49999950000050003,0.099999980000004,2.0,0
2024-05-07,6,16054.0,0.1809672386895444,3.346346507583365,0.0,1.0,-0.499999750000125,0.09090908264462885,2.0,,,,,,,,,,,,,3.492348840498283,0.0,1.5,-0.4999998333333889,0.1499999850000015,2.0,,,,,,,3.4863100095061417,0.0,0.5,-0.49999950000050003,0.062499992187500984,2.0,1
2024-05-08,4,16081.0,0.1681823844524643,2.8289734677828378,0.0,2.5,-0.9999995833335138,0.32539678243890724,2.0,,,,,,,,,,,,,3.3877954175660228,0.0,2.0,-0.99999950000025,0.19999998000000202,1.0,,,,,,,2.67682618511835,0.0,0.0,0.0,0.0,1.0,1
2024-05-13,19,16085.0,0.0248740749953402,3.292991646468404,0.0,0.8,-0.59999950000045,0.08358584968593863,5.0,,,,,,,3.0438384865801456,0.0,0.0,0.0,0.0,1.0,2.4191757509673844,0.0,2.0,-0.99999950000025,0.22222219753086697,1.0,,,,,,,3.2848072741861105,0.0,0.3333333333333333,-0.24999979166685415,0.04940475426658287,12.0,1
2024-05-14,10,16131.0,0.2859807273857706,3.169927503194265,0.0,0.3333333333333333,-0.33333300000033333,0.033333330000000334,3.0,,,,,,,,,,,,,,,,,,,,,,,,,3.7841626323933495,0.14285714285714285,0.0,0.14285700000014287,0.01587301410934764,7.0,1
2024-05-15,15,16070.0,-0.3781538652284366,2.9183782774285363,0.0,1.5,-0.999999250000625,0.21428568367347373,2.0,,,,,,,3.261903733093653,0.0,0.0,0.0,0.0,2.0,,,,,,,,,,,,,3.356584963752628,0.18181818181818182,0.09090909090909091,0.09090900000009092,0.03838383250280682,11.0,0
2024-05-16,14,15944.0,-0.7840696950840109,2.546054847027614,0.5,1.0,-0.49999950000050003,0.15277776195987822,2.0,,,,,,,3.1751419664176246,0.0,0.6666666666666666,-0.6666660000006667,0.06734006047002078,3.0,2.744372816682812,0.0,0.0,0.0,0.0,1.0,,,,,,,3.5685312865124557,0.0,0.625,-0.6249993750006251,0.09806545915161183,8.0,0
2024-05-17,7,15978.0,0.2132463622679381,2.7253725501232218,0.0,0.5,-0.49999950000050003,0.03333333111111126,2.0,,,,,,,,,,,,,3.309618342473801,0.0,1.0,-0.9999990000010001,0.12499998437500197,1.0,,,,,,,3.2655130819618265,0.0,0.6,-0.5999994000006,0.09038459857618704,5.0,1
2024-05-20,4,15980.0,0.0125172111653526,2.9523772128189663,0.0,1.0,-0.499999750000125,0.1428571224489825,2.0,,,,,,,,,,,,,,,,,,,,,,,,,2.4382455079226926,0.5,0.0,0.49999950000050003,0.099999980000004,2.0,1
2024-05-21,4,16024.0,0.2753441802252787,2.49637063164373,0.0,0.0,0.0,0.0,1.0,,,,,,,3.1345286726359114,1.0,0.0,0.9999990000010001,0.11111109876543349,1.0,3.574001904926612,0.0,0.0,0.0,0.0,2.0,,,,,,,,,,,,,1
2024-05-22,9,15995.0,-0.1809785322016921,3.5534113869090644,0.0,1.0,-0.9999990000010001,0.09999999000000101,1.0,,,,,,,,,,,,,2.8687859324808707,0.0,0.0,0.0,0.0,1.0,,,,,,,3.735453070054845,0.0,0.7142857142857143,-0.5714280714290357,0.09297050926825921,7.0,0
2024-05-27,18,16064.0,0.4313848077524218,2.885611144299395,0.0,0.8,-0.59999950000045,0.0795454464617777,5.0,,,,,,,3.212419681083183,0.0,0.5,-0.49999950000050003,0.07142856122449125,2.0,3.2818466437923286,0.0,1.0,-0.499999750000125,0.16666663888889352,2.0,,,,,,,3.149786220332411,0.2222222222222222,0.5555555555555556,-0.25925902469158435,0.10489416506325283,9.0,1
2024-05-28,2,16095.0,0.192978087649398,3.5002045194533675,0.0,0.0,0.0,0.0,1.0,,,,,,,,,,,,,,,,,,,,,,,,,3.530176685708811,1.0,1.0,0.0,0.22222219753086697,1.0,1
2024-05-29,6,16160.0,0.4038521279900564,3.0360120427548036,0.0,0.3333333333333333,-0.33333300000033333,0.03703703292181116,3.0,,,,,,,,,,,,,3.514544567799772,0.0,0.0,0.0,0.0,1.0,,,,,,,3.8740038723170236,0.0,0.5,-0.49999950000050003,0.045454541322314426,2.0,1
2024-05-30,2,16253.0,0.5754950495049593,3.8506446666262177,0.0,0.0,0.0,0.0,1.0,,,,,,,,,,,,,,,,,,,,,,,,,3.0838842427072555,1.0,0.0,0.9999990000010001,0.199999960000008,1.0,1
2024-05-31,7,16251.0,-0.0123054205377504,3.511383544825009,0.3333333333333333,1.0,-0.33333316666675,0.09523808843537464,3.0,,,,,,,,,,,,,3.9556014712667125,0.5,1.0,-0.49999950000050003,0.12698411570924772,2.0,,,,,,,3.48679700068995,0.6666666666666666,0.3333333333333333,0.11111107407408642,0.099999990000001,3.0,0
2024-06-03,10,16225.0,-0.1599901544520388,3.1837208340740237,0.0,0.5,-0.49999950000050003,0.04166666319444474,2.0,3.0751020596567633,0.0,1.0,-0.9999990000010001,0.08333332638888948,1.0,,,,,,,3.500309679914122,0.25,1.0,-0.7499992500007501,0.1393849045542426,4.0,,,,,,,3.349387914702903,0.25,0.5,-0.24999975000025002,0.09374998828125147,4.0,0
2024-06-04,4,16220.0,-0.030816640986131,3.6149212444007652,0.0,0.0,0.0,0.0,1.0,,,,,,,,,,,,,3.3874754333261974,0.0,1.0,-0.9999990000010001,0.09999999000000101,1.0,,,,,,,2.8934088261754676,0.5,0.0,0.49999950000050003,0.03846153550295881,2.0,0
2024-06-05,4,16282.0,0.3822441430332945,,,,,,,,,,,,,3.328999949565249,0.0,1.0,-0.9999990000010001,0.09090908264462885,1.0,3.348420653477252,0.0,0.5,-0.49999950000050003,0.045454541322314426,2.0,,,,,,,3.4552918714789427,0.0,3.0,-0.9999996666667778,0.2499999791666684,1.0,1
2024-06-06,4,16279.0,-0.0184252548826924,2.706486139864423,0.0,1.0,-0.9999990000010001,0.12499998437500197,1.0,,,,,,,,,,,,,3.455892707494567,0.5,0.0,0.49999950000050003,0.08333331944444676,2.0,,,,,,,3.8428517652602383,0.0,0.0,0.0,0.0,1.0,0
2024-06-07,3,16218.0,-0.3747158916395321,3.0822124134342035,0.0,1.0,-0.9999990000010001,0.11111109876543349,1.0,,,,,,,,,,,,,3.9956918640210275,0.0,2.0,-0.99999950000025,0.285714244897965,1.0,,,,,,,3.9273030223664103,0.0,1.0,-0.9999990000010001,0.1428571224489825,1.0,0
2024-06-10,5,16290.0,0.4439511653718142,2.409633186565992,0.0,0.0,0.0,0.0,1.0,,,,,,,,,,,,,3.6508725584608905,0.0,1.0,-0.9999990000010001,0.12499998437500197,1.0,,,,,,,3.5779003345881306,0.0,0.3333333333333333,-0.33333300000033333,0.04166666145833399,3.0,1
2024-06-11,6,16295.0,0.0306936771025112,2.92217221077868,0.0,3.0,-0.9999996666667778,0.2499999791666684,1.0,,,,,,,2.8948577583222015,0.0,0.0,0.0,0.0,1.0,3.4519749766074606,0.0,0.5,-0.49999950000050003,0.07142856122449125,2.0,,,,,,,3.9512187054990413,0.0,0.0,0.0,0.0,2.0,1
2024-06-12,9,16297.0,0.0122737035900488,,,,,,,,,,,,,,,,,,,3.6388073019953513,0.0,0.0,0.0,0.0,1.0,,,,,,,3.6528343456663332,0.125,0.125,0.0,0.02777777469135837,8.0,1
2024-06-13,18,16286.0,-0.0674970853531298,2.574412461309286,0.0,1.0,-0.9999990000010001,0.11111109876543349,1.0,,,,,,,3.5626204174063085,0.25,0.0,0.24999975000025002,0.02083333159722237,4.0,3.311163761201631,0.0,0.5,-0.49999950000050003,0.07142856122449125,2.0,,,,,,,3.1213608577889476,0.0,0.45454545454545453,-0.4545450000004546,0.08874457047516371,11.0,0
2024-06-14,8,16374.0,0.5403413975193505,,,,,,,,,,,,,3.166306300326175,0.0,0.0,0.0,0.0,2.0,3.359857656549189,0.0,2.0,-0.9999993333338889,0.20555553438271823,2.0,,,,,,,2.867354589019984,0.2,0.4,-0.1999998000002,0.10222220375308991,5.0,1
2024-06-19,16,16368.0,-0.0366434591425379,3.2466692806275272,1.0,2.5,-0.3333332638889016,0.3863635927169472,2.0,,,,,,,2.8182618537845334,0.0,0.0,0.0,0.0,2.0,3.036591317364938,0.0,0.3333333333333333,-0.33333300000033333,0.030303027548209616,3.0,,,,,,,3.3863885662591517,0.0,0.7777777777777778,-0.444444129629892,0.08977071249209277,9.0,0
2024-06-20,3,16420.0,0.3176930596285432,2.7251377428235477,0.0,3.0,-0.9999996666667778,0.299999970000003,1.0,,,,,,,,,,,,,,,,,,,,,,,,,3.50328320697176,0.5,1.0,-2.499996249460956e-07,0.162499982187502,2.0,1
2024-06-21,4,16458.0,0.231425091352011,2.899196397853055,0.0,2.0,-0.99999950000025,0.285714244897965,1.0,,,,,,,,,,,,,3.113604106931304,0.0,0.0,0.0,0.0,1.0,,,,,,,3.4398091680561516,0.5,0.0,0.49999950000050003,0.07142856122449125,2.0,1
2024-06-24,7,16431.0,-0.1640539555231468,3.217591382118621,0.0,0.0,0.0,0.0,1.0,,,,,,,3.619044888147618,0.0,0.0,0.0,0.0,1.0,3.3010968362879263,0.0,0.5,-0.49999950000050003,0.049999995000000505,2.0,,,,,,,3.7229202263795216,0.0,0.0,0.0,0.0,3.0,0
2024-06-25,5,16379.0,-0.3164749558760893,2.57544317702163,0.0,3.0,-0.9999996666667778,0.299999970000003,1.0,,,,,,,,,,,,,3.6295665592191364,0.0,0.0,0.0,0.0,1.0,,,,,,,3.1690085354290454,0.0,0.6666666666666666,-0.6666660000006667,0.092592579218109,3.0,0
2024-06-26,4,16435.0,0.341901214970397,,,,,,,,,,,,,,,,,,,3.648304915446562,0.0,0.0,0.0,0.0,1.0,,,,,,,3.007421039953838,0.6666666666666666,0.6666666666666666,0.0,0.17104374672516795,3.0,1
2024-06-27,8,16421.0,-0.0851840584119245,2.5371161918782437,0.0,2.0,-0.99999950000025,0.399999920000016,1.0,,,,,,,,,,,,,3.3376849251414926,1.0,1.0,0.0,0.1818181652892577,1.0,3.2588012247112577,1.0,3.0,-0.49999987500003124,0.4999999375000079,1.0,3.3752731559612754,0.2,1.0,-0.59999950000045,0.15833331215278068,5.0,0
2024-06-28,9,16394.0,-0.1644236039218038,2.6962900573606827,0.0,0.0,0.0,0.0,1.0,,,,,,,,,,,,,3.221593248806566,0.0,1.0,-0.9999990000010001,0.12499998437500197,1.0,2.6241725128903526,1.0,1.0,0.0,0.1818181652892577,1.0,3.4686771298205037,0.0,0.16666666666666666,-0.16666650000016667,0.020833330729166995,6.0,0
2024-07-01,4,16355.0,-0.2378919116750033,4.002255652153806,0.0,0.0,0.0,0.0,1.0,,,,,,,,,,,,,4.002255652153806,0.0,0.0,0.0,0.0,1.0,,,,,,,3.3852876924020783,0.0,0.6666666666666666,-0.6666660000006667,0.08465607373813866,3.0,0
2024-07-02,3,16384.0,0.1773158055640378,,,,,,,,,,,,,,,,,,,3.402756698451424,0.0,0.0,0.0,0.0,1.0,,,,,,,3.846963465183343,0.5,0.0,0.49999950000050003,0.05555554938271674,2.0,1
2024-07-03,7,16387.0,0.018310546875,,,,,,,,,,,,,2.2949078493339075,0.0,0.0,0.0,0.0,1.0,3.5078034679539334,0.0,0.0,0.0,0.0,2.0,,,,,,,3.6851397052816752,0.5,0.75,-0.24999975000025002,0.14090907264463085,4.0,1
2024-07-04,6,16341.0,-0.2807103191554305,1.8519350033688866,0.0,1.5,-0.999999250000625,0.3095237335601121,2.0,,,,,,,,,,,,,3.1508990301136137,0.0,0.5,-0.49999950000050003,0.045454541322314426,2.0,,,,,,,3.1710542223477183,1.0,1.0,-0.3333328888893704,0.19166664819444623,2.0,0
2024-07-05,3,16312.0,-0.1774677192338258,3.043082774976306,0.0,1.0,-0.9999990000010001,0.16666663888889352,1.0,,,,,,,3.246618866147364,0.0,0.0,0.0,0.0,2.0,,,,,,,,,,,,,,,,,,,0
2024-07-08,6,16265.0,-0.2881314369789112,2.897429027724555,0.0,1.5,-0.999999250000625,0.14166665319444574,2.0,,,,,,,,,,,,,3.7989747356004484,0.0,0.0,0.0,0.0,1.0,2.908277502559245,0.0,2.0,-0.99999950000025,0.19999998000000202,1.0,3.352180872124593,0.0,0.0,0.0,0.0,3.0,0
2024-07-09,4,16281.0,0.0983707347064211,3.26128769104413,0.0,0.0,0.0,0.0,1.0,,,,,,,,,,,,,3.211792413582608,0.0,0.0,0.0,0.0,1.0,,,,,,,3.7066078158367124,0.5,0.0,0.49999950000050003,0.05555554938271674,2.0,1
2024-07-10,10,16256.0,-0.1535532215465873,2.6347527772596946,0.0,0.0,0.0,0.0,2.0,,,,,,,,,,,,,3.0702144773591726,0.0,0.0,0.0,0.0,1.0,,,,,,,3.1842384889965536,0.14285714285714285,0.14285714285714285,0.0,0.044217680191125146,7.0,0
2024-07-11,5,16200.0,-0.3444881889763773,2.898464924466757,1.0,0.0,0.9999990000010001,0.12499998437500197,1.0,,,,,,,,,,,,,3.515399784987782,1.0,0.0,0.9999990000010001,0.08333332638888948,1.0,,,,,,,3.6586423902985534,0.6666666666666666,1.0,-0.33333300000033333,0.19576717250357215,3.0,0
2024-07-12,13,16154.0,-0.2839506172839456,2.839546685811529,1.0,2.0,-0.33333322222225925,0.33333329629630043,1.0,,,,,,,3.2493587038643192,0.0,1.0,-0.9999990000010001,0.12499998437500197,1.0,4.143768048121504,1.0,2.0,-0.33333322222225925,0.299999970000003,1.0,,,,,,,3.1288961640740514,0.08333333333333333,0.5,-0.361110768518855,0.080555542928243,12.0,0
2024-07-15,7,16174.0,0.1238083446824411,,,,,,,,,,,,,,,,,,,3.2146210583762174,1.0,0.0,0.9999990000010001,0.199999960000008,1.0,,,,,,,3.3849896581061394,0.0,0.6666666666666666,-0.4999995833337083,0.08994707768539682,6.0,1
2024-07-16,3,16203.0,0.1793001112897263,,,,,,,,,,,,,,,,,,,,,,,,,,,,,,,3.553361740008384,0.0,0.6666666666666666,-0.6666660000006667,0.09722220775463182,3.0,1
2024-07-17,5,16129.0,-0.4567055483552407,,,,,,,,,,,,,,,,,,,,,,,,,,,,,,,3.299167368288984,0.0,0.6,-0.5999994000006,0.0885714144897983,5.0,0
2024-07-18,4,16160.0,0.1922003844007758,2.827189816592427,0.0,0.0,0.0,0.0,1.0,,,,,,,,,,,,,,,,,,,,,,,,,3.4516178702603137,0.3333333333333333,0.6666666666666666,-0.33333300000033333,0.12632273519647266,3.0,1
2024-07-19,4,16199.0,0.2413366336633693,2.7617804800261494,0.0,0.0,0.0,0.0,1.0,,,,,,,,,,,,,2.7608349241659105,0.0,1.0,-0.9999990000010001,0.1428571224489825,1.0,,,,,,,4.039176984537942,0.0,0.0,0.0,0.0,2.0,1
2024-07-22,2,16228.0,0.1790233965059506,,,,,,,,,,,,,,,,,,,3.2347438745155768,0.0,0.0,0.0,0.0,1.0,,,,,,,3.4857737177376715,0.0,0.0,0.0,0.0,1.0,1
2024-07-24,1,16224.0,0.1234263144902492,,,,,,,,,,,,,,,,,,,3.1015898656353684,0.0,0.0,0.0,0.0,1.0,,,,,,,,,,,,,1
2024-07-25,2,16268.0,0.2712031558185446,,,,,,,,,,,,,,,,,,,3.082580637794864,1.0,0.0,0.9999990000010001,0.11111109876543349,1.0,,,,,,,2.7247465529450863,0.0,1.0,-0.9999990000010001,0.199999960000008,1.0,1
2024-07-26,4,16294.0,0.1598229653307026,2.7430290999667717,0.0,1.0,-0.9999990000010001,0.11111109876543349,1.0,,,,,,,,,,,,,3.534557565871572,0.0,0.0,0.0,0.0,1.0,,,,,,,3.5777081429429423,0.0,0.5,-0.49999950000050003,0.07142856122449125,2.0,1
2024-07-29,5,16286.0,-0.0490978274211406,,,,,,,,,,,,,,,,,,,3.3883796087296982,0.0,2.0,-0.99999950000025,0.24999996875000394,1.0,,,,,,,3.6940176608034623,0.75,0.75,0.0,0.16351008289253216,4.0,0
2024-07-30,2,16320.0,0.2087682672233803,,,,,,,,,,,,,,,,,,,3.514693106795877,0.0,1.0,-0.9999990000010001,0.11111109876543349,1.0,,,,,,,3.47130210529377,0.0,1.0,-0.9999990000010001,0.09090908264462885,1.0,1
2024-07-31,7,16294.0,-0.1593137254901955,2.718366174540497,1.0,1.0,0.0,0.19999998000000202,1.0,3.0856453280768252,0.0,0.0,0.0,0.0,1.0,,,,,,,3.421059903358772,0.0,0.0,0.0,0.0,1.0,,,,,,,3.3662531877654303,0.0,0.25,-0.24999975000025002,0.049999990000002,4.0,0
2024-08-01,7,16243.0,-0.3129986498097481,,,,,,,,,,,,,,,,,,,2.95331103693628,0.0,0.0,0.0,0.0,1.0,,,,,,,3.843717593244298,0.16666666666666666,0.6666666666666666,-0.49999950000050003,0.09451658337208413,6.0,0
2024-08-02,3,16234.0,-0.0554084836544954,3.493817269289367,0.0,0.0,0.0,0.0,1.0,,,,,,,,,,,,,3.28313641658918,0.0,2.0,-0.99999950000025,0.22222219753086697,1.0,,,,,,,2.7127305225549074,0.0,1.0,-0.9999990000010001,0.1428571224489825,1.0,0
2024-08-05,4,16154.0,-0.492792903782191,2.9067097279142375,0.0,0.5,-0.49999950000050003,0.049999995000000505,2.0,,,,,,,,,,,,,,,,,,,,,,,,,3.012135218488252,0.0,0.5,-0.49999950000050003,0.05555554938271674,2.0,0
2024-08-06,3,16183.0,0.1795220997895308,,,,,,,,,,,,,,,,,,,3.3995066308114663,0.0,1.0,-0.9999990000010001,0.1428571224489825,1.0,,,,,,,3.485963566125373,0.0,1.5,-0.999999250000625,0.18253965998992472,2.0,1
2024-08-07,5,16100.0,-0.5128838905023803,2.7486052110074604,1.0,0.0,0.9999990000010001,0.09999999000000101,1.0,,,,,,,,,,,,,4.002893884907408,0.0,0.0,0.0,0.0,1.0,,,,,,,3.0915566026448524,0.0,0.6666666666666666,-0.33333316666675,0.08333332291666798,3.0,0
2024-08-08,4,15952.0,-0.9192546583850936,,,,,,,,,,,,,,,,,,,3.089881554657086,0.0,0.0,0.0,0.0,1.0,,,,,,,3.129679805908926,0.3333333333333333,1.3333333333333333,-0.44444424074083644,0.13657406193737257,3.0,0
2024-08-09,5,15914.0,-0.2382146439318,,,,,,,,,,,,,,,,,,,3.7788780089904837,0.0,1.0,-0.9999990000010001,0.09999999000000101,1.0,,,,,,,2.951530116553858,0.0,0.25,-0.24999975000025002,0.04166665972222338,4.0,0
2024-08-12,14,15963.0,0.3079049893175867,2.82737653588393,0.0,0.0,0.0,0.0,3.0,,,,,,,,,,,,,4.05386494697085,0.0,2.0,-0.99999950000025,0.22222219753086697,1.0,,,,,,,3.507742735803769,0.2,0.3,-0.0999999000001,0.059722215065587295,10.0,1
2024-08-13,7,15885.0,-0.488629956775044,3.116961719306746,0.0,1.0,-0.9999990000010001,0.09090908264462885,1.0,,,,,,,,,,,,,3.410386557663974,0.0,1.0,-0.9999990000010001,0.09999999000000101,1.0,,,,,,,3.4680698291959273,0.4,0.0,0.3999996000004,0.0507936442428832,5.0,0
2024-08-14,9,15691.0,-1.2212779351589598,,,,,,,3.5183038099824118,0.0,1.0,-0.9999990000010001,0.08333332638888948,1.0,,,,,,,3.3896793436319492,0.0,2.0,-0.99999950000025,0.19999998000000202,1.0,,,,,,,3.25607749673567,0.42857142857142855,0.42857142857142855,0.09523796825410583,0.1122448828690227,7.0,0
2024-08-15,11,15687.0,-0.0254923204384693,3.0709347368925495,0.0,2.0,-0.99999950000025,0.24999996875000394,1.0,,,,,,,,,,,,,3.459337652735715,0.0,2.0,-0.99999950000025,0.22222219753086697,1.0,,,,,,,3.1935934412954206,0.0,0.6666666666666666,-0.4444441111113889,0.12433859974175371,9.0,0
2024-08-16,2,15716.0,0.1848664499267016,,,,,,,,,,,,,,,,,,,3.0900843493364514,1.0,2.0,-0.33333322222225925,0.4285713673469475,1.0,,,,,,,2.6241542853301194,0.0,1.0,-0.9999990000010001,0.24999993750001562,1.0,1
2024-08-19,11,15591.0,-0.7953677780605739,2.723271708509433,1.0,0.0,0.6666661666670833,0.09890108815360592,3.0,,,,,,,2.6839643416191494,0.0,0.0,0.0,0.0,1.0,3.5358177580742023,0.0,2.0,-0.99999950000025,0.15384614201183525,1.0,,,,,,,3.355955501545779,0.5,0.6666666666666666,-0.11111104629633178,0.14252643738911683,6.0,0
2024-08-20,2,15480.0,-0.7119492014623807,2.99591017209261,1.0,2.0,-0.33333322222225925,0.299999970000003,1.0,,,,,,,,,,,,,3.7770765165630995,0.0,2.0,-0.99999950000025,0.13333332444444504,1.0,,,,,,,,,,,,,0
2024-08-21,3,15456.0,-0.1550387596899183,,,,,,,,,,,,,3.5028343391863808,0.0,0.0,0.0,0.0,1.0,2.9300359989892755,0.0,0.0,0.0,0.0,1.0,,,,,,,3.0574643206918144,1.0,0.0,0.9999990000010001,0.11111109876543349,1.0,0
2024-08-22,6,15579.0,0.7958074534161419,,,,,,,,,,,,,3.300456671443954,0.0,2.0,-0.99999950000025,0.1818181652892577,1.0,3.438257913282088,0.25,0.75,-0.49999950000050003,0.13392855341199222,4.0,,,,,,,3.5115949116823306,0.0,1.0,-0.9999990000010001,0.1428571224489825,3.0,1
2024-08-23,3,15554.0,-0.160472430836378,,,,,,,,,,,,,,,,,,,2.787304956117952,0.0,0.0,0.0,0.0,1.0,,,,,,,3.2721777020593334,0.0,0.5,-0.49999950000050003,0.08333331944444676,2.0,0
2024-08-26,9,15380.0,-1.118683296901124,3.817788776444146,0.0,1.6666666666666667,-0.999999222222926,0.17424240440388986,3.0,,,,,,,,,,,,,3.6571134734796678,0.0,2.0,-0.99999950000025,0.19999998000000202,1.0,,,,,,,3.1623028015071832,0.0,0.4,-0.3999996000004,0.05151514430670447,5.0,0
2024-08-27,3,15509.0,0.8387516254876548,,,,,,,,,,,,,3.3811062733799004,0.0,1.0,-0.9999990000010001,0.12499998437500197,1.0,3.3904679287568107,0.0,1.0,-0.9999990000010001,0.11111109876543349,1.0,,,,,,,3.382060805050574,0.0,1.0,-0.9999990000010001,0.12499998437500197,1.0,1
2024-08-28,4,15476.0,-0.2127796763169764,3.628214006494,0.0,0.0,0.0,0.0,1.0,,,,,,,2.866492694723018,0.0,0.0,0.0,0.0,1.0,3.514201629095893,0.0,1.0,-0.9999990000010001,0.12499998437500197,1.0,,,,,,,4.194025355887524,0.0,1.0,-0.9999990000010001,0.08333332638888948,1.0,0
2024-08-29,5,15409.0,-0.4329284052726811,,,,,,,,,,,,,,,,,,,3.6705320804390498,0.5,0.5,0.0,0.1287878607667612,2.0,,,,,,,3.905101681737308,0.0,0.3333333333333333,-0.33333300000033333,0.03703703292181116,3.0,0
2024-08-30,5,15473.0,0.415341683431758,2.7993099504892682,0.0,1.0,-0.9999990000010001,0.11111109876543349,1.0,,,,,,,,,,,,,3.774562016441603,1.0,2.0,-0.33333322222225925,0.23076921301775286,1.0,,,,,,,2.8960667651660827,0.0,0.3333333333333333,-0.33333300000033333,0.11111107407408642,3.0,1
2024-09-02,3,15536.0,0.4071608608543942,,,,,,,,,,,,,,,,,,,,,,,,,,,,,,,3.0947867381581364,0.3333333333333333,0.3333333333333333,0.0,0.1309523533163327,3.0,1
2024-09-03,4,15557.0,0.1351699279093621,3.4076399751869495,0.5,1.0,-2.499996249460956e-07,0.16111109376543398,2.0,2.5683468687459143,0.0,0.0,0.0,0.0,1.0,,,,,,,,,,,,,,,,,,,4.121111156400666,0.0,0.0,0.0,0.0,1.0,1
2024-09-04,2,15490.0,-0.4306742945297981,,,,,,,,,,,,,,,,,,,3.3388774873054268,0.0,0.0,0.0,0.0,2.0,,,,,,,,,,,,,0
2024-09-05,5,15410.0,-0.5164622336991553,3.3400112454220734,2.0,0.0,0.99999950000025,0.285714244897965,1.0,,,,,,,,,,,,,3.8061327655179356,0.0,0.0,0.0,0.0,1.0,,,,,,,3.388325898598179,0.0,1.0,-0.9999990000010001,0.12037035583847915,3.0,0
2024-09-06,4,15372.0,-0.2465931213497696,,,,,,,,,,,,,,,,,,,3.1777236360100707,0.5,1.0,-0.49999950000050003,0.162499982187502,2.0,,,,,,,3.1850603153047166,0.0,2.0,-0.9999993333338889,0.23749997156250346,2.0,0
2024-09-09,6,15446.0,0.4813947436898225,3.5896503419201737,0.0,0.0,0.0,0.0,1.0,,,,,,,,,,,,,4.257924007287481,0.0,1.0,-0.9999990000010001,0.12499998437500197,1.0,,,,,,,3.5243825359323457,0.25,0.75,-0.33333305555581483,0.13492061652809523,4.0,1
2024-09-10,4,15447.0,0.0064741680694035,2.3652379778293025,0.0,0.0,0.0,0.0,1.0,,,,,,,2.9221787619663857,0.0,2.0,-0.99999950000025,0.16666665277777895,1.0,2.928734328549697,1.0,1.0,0.0,0.33333327777778704,1.0,,,,,,,3.1232642520567637,0.0,0.0,0.0,0.0,1.0,1
2024-09-11,8,15415.0,-0.2071599663365009,3.0526404283348225,0.0,0.0,0.0,0.0,1.0,,,,,,,3.2362490512156783,0.0,0.0,0.0,0.0,1.0,3.5142995145286973,0.0,1.0,-0.9999990000010001,0.16666663888889352,1.0,,,,,,,3.41783733101231,0.4,0.2,0.1999998000002,0.0649999928750008,5.0,0
2024-09-12,10,15421.0,0.0389231268245193,,,,,,,,,,,,,3.6184648508101738,0.0,1.0,-0.9999990000010001,0.09999999000000101,1.0,2.9374990597384154,1.0,0.0,0.9999990000010001,0.1428571224489825,1.0,,,,,,,3.289755597978681,0.0,0.5,-0.37499968750028123,0.08779760266085926,8.0,1
2024-09-13,8,15405.0,-0.1037546203229378,,,,,,,1.7046288527527895,0.0,4.0,-0.9999997500000625,0.39999996000000404,1.0,,,,,,,2.947360783529984,0.0,1.0,-0.9999990000010001,0.1428571224489825,1.0,,,,,,,3.3899358405927345,0.0,0.5,-0.33333308333354167,0.07196968379821223,6.0,0
2024-09-17,12,15338.0,-0.4349237260629635,,,,,,,,,,,,,2.9505040106427876,0.0,0.0,0.0,0.0,2.0,,,,,,,,,,,,,3.2843472898405937,0.3,0.6,-0.199999850000125,0.10980878784819889,10.0,0
2024-09-18,6,15350.0,0.0782370582866009,,,,,,,,,,,,,,,,,,,3.635759333019304,0.0,1.0,-0.9999990000010001,0.09090908264462885,1.0,,,,,,,3.403867255684792,0.0,0.2,-0.1999998000002,0.024999996875000395,5.0,1
2024-09-19,11,15287.0,-0.4104234527687267,,,,,,,,,,,,,3.0128246028908547,0.0,1.0,-0.9999990000010001,0.09999999000000101,1.0,3.9657869018584075,0.0,1.0,-0.9999990000010001,0.1428571224489825,1.0,,,,,,,3.156159628769137,0.1111111111111111,1.0,-0.7777770555562501,0.1269841119593535,9.0,0
2024-09-20,9,15100.0,-1.223261594819125,3.1258211341358506,0.0,0.0,0.0,0.0,1.0,,,,,,,3.213835068273811,0.0,0.0,0.0,0.0,1.0,3.737647355322668,0.0,2.0,-0.99999950000025,0.1818181652892577,1.0,,,,,,,3.329077331486557,0.0,0.6666666666666666,-0.4999995833337083,0.0726851771900729,6.0,0
2024-09-23,6,15191.0,0.6026490066225243,2.965297048203364,0.5,0.5,0.0,0.11111109876543349,2.0,,,,,,,2.8835596528211553,0.0,0.0,0.0,0.0,1.0,,,,,,,,,,,,,3.4961081882451284,0.25,0.5,-0.24999975000025002,0.09564392647713109,4.0,1
2024-09-24,3,15186.0,-0.0329142255282688,,,,,,,,,,,,,3.0551298685438377,0.0,1.0,-0.9999990000010001,0.199999960000008,1.0,,,,,,,,,,,,,3.5304087202468697,0.5,1.5,-0.499999750000125,0.21978019345490013,2.0,0
2024-09-25,4,15092.0,-0.618991176083239,,,,,,,,,,,,,,,,,,,3.249624434961315,0.0,0.0,0.0,0.0,1.0,,,,,,,3.3434426210510266,0.3333333333333333,1.0,-0.33333316666675,0.1677488897052681,3.0,0
2024-09-26,5,15171.0,0.5234561357010392,3.249214239947613,0.0,1.0,-0.9999990000010001,0.12499998437500197,1.0,,,,,,,3.009830159500072,0.0,1.0,-0.9999990000010001,0.12499998437500197,1.0,,,,,,,,,,,,,3.3269192257360785,0.0,1.6666666666666667,-0.9999993333338333,0.1525252384741366,3.0,1
2024-09-27,5,15138.0,-0.217520268934146,,,,,,,,,,,,,,,,,,,3.532307585317484,0.0,0.0,0.0,0.0,1.0,,,,,,,3.159172438862345,0.75,0.5,-0.2499995833338056,0.15416664451389248,4.0,0
2024-09-30,7,15144.0,0.0396353547364336,2.745321999573701,0.0,0.0,0.0,0.0,1.0,,,,,,,2.6772250789725756,0.0,1.0,-0.9999990000010001,0.11111109876543349,1.0,3.2119685206307595,0.5,1.0,-0.49999950000050003,0.1499999850000015,2.0,,,,,,,3.0831507126101676,0.0,0.3333333333333333,-0.33333300000033333,0.030303027548209616,3.0,1
2024-10-01,8,15204.0,0.3961965134706924,3.3291041970712723,0.0,1.0,-0.9999990000010001,0.12499998437500197,1.0,,,,,,,,,,,,,2.7753854656498222,0.0,1.0,-0.9999990000010001,0.199999960000008,1.0,,,,,,,3.3526442409255197,0.0,0.5,-0.49999950000050003,0.09259256995885438,6.0,1
2024-10-02,9,15247.0,0.2828203104446203,2.899507166299941,0.3333333333333333,1.6666666666666667,-0.4444442962963457,0.24285711244898348,3.0,,,,,,,2.998661454897953,0.0,0.0,0.0,0.0,1.0,2.8427892747342645,0.5,0.5,0.0,0.14583331163194774,2.0,,,,,,,2.932424230763488,0.3333333333333333,0.0,0.33333300000033333,0.03703703292181116,3.0,1
2024-10-03,1,15394.0,0.964124089984919,3.5056880079953165,0.0,0.0,0.0,0.0,1.0,,,,,,,,,,,,,3.5056880079953165,0.0,0.0,0.0,0.0,1.0,,,,,,,,,,,,,1
2024-10-04,3,15495.0,0.6560997791347223,3.3488292567661615,0.0,0.0,0.0,0.0,1.0,,,,,,,,,,,,,3.2208880013279493,0.0,1.0,-0.9999990000010001,0.09090908264462885,1.0,,,,,,,2.8816917143297642,0.0,0.0,0.0,0.0,1.0,1
2024-10-07,8,15680.0,1.1939335269441689,3.3853479693300255,0.0,2.0,-0.99999950000025,0.16666665277777895,1.0,,,,,,,3.3386482573494494,0.5,0.5,0.0,0.12499998437500197,2.0,3.5840694388028282,0.0,1.0,-0.9999990000010001,0.12499998437500197,1.0,,,,,,,3.298924179915459,0.25,0.25,0.0,0.06696427670599611,4.0,1
2024-10-08,4,15671.0,-0.0573979591836693,,,,,,,,,,,,,3.247326769436051,0.0,0.0,0.0,0.0,2.0,3.334080383226622,0.0,0.0,0.0,0.0,1.0,,,,,,,2.669926128115119,0.0,0.0,0.0,0.0,1.0,0
2024-10-09,4,15607.0,-0.4083976772382147,3.2452210122866587,0.5,0.5,0.0,0.08333332638888948,2.0,,,,,,,,,,,,,2.8526609885871803,0.0,0.0,0.0,0.0,2.0,,,,,,,4.342691338985122,0.0,0.0,0.0,0.0,1.0,0
2024-10-10,7,15658.0,0.3267764464663258,,,,,,,,,,,,,,,,,,,2.6112302331725012,0.0,0.0,0.0,0.0,1.0,,,,,,,3.6244059857112796,0.0,0.3333333333333333,-0.33333300000033333,0.033333330000000334,6.0,1
2024-10-11,7,15609.0,-0.3129390726784975,3.039712838024109,0.0,2.0,-0.99999950000025,0.24999996875000394,1.0,,,,,,,,,,,,,,,,,,,,,,,,,3.159993409949022,0.16666666666666666,0.5,-0.33333300000033333,0.10185183416924216,6.0,0
2024-10-14,8,15581.0,-0.1793836888974276,3.8947596813519954,0.0,0.0,0.0,0.0,1.0,,,,,,,3.5632124167167,0.0,0.0,0.0,0.0,1.0,3.8947596813519954,0.0,0.0,0.0,0.0,1.0,,,,,,,3.0687063840164392,0.0,0.5,-0.49999950000050003,0.07870368917181376,6.0,0
2024-10-15,6,15555.0,-0.166869905654321,,,,,,,3.7560049503968784,1.0,0.0,0.9999990000010001,0.07142856632653098,1.0,3.473519628029382,1.0,0.0,0.9999990000010001,0.09999999000000101,1.0,3.3897536975632425,0.0,1.0,-0.9999990000010001,0.12499998437500197,1.0,,,,,,,3.4018690805511063,0.0,0.3333333333333333,-0.33333300000033333,0.05555554629629784,3.0,0
2024-10-16,3,15536.0,-0.1221472195435557,2.9519792263726963,1.0,1.0,0.0,0.1818181652892577,1.0,,,,,,,,,,,,,3.5894488681368384,0.0,0.0,0.0,0.0,1.0,,,,,,,3.500198093661717,0.0,1.0,-0.9999990000010001,0.16666663888889352,1.0,0
2024-10-17,2,15516.0,-0.1287332646755956,,,,,,,,,,,,,,,,,,,2.765603932786511,0.0,0.0,0.0,0.0,1.0,,,,,,,3.725929750513077,0.0,1.0,-0.9999990000010001,0.11111109876543349,1.0,0
2024-10-18,3,15466.0,-0.3222480020623863,2.9345653512543017,0.0,0.0,0.0,0.0,1.0,,,,,,,3.2575751243733797,0.0,0.0,0.0,0.0,1.0,3.512747896726007,0.0,1.0,-0.9999990000010001,0.16666663888889352,1.0,,,,,,,,,,,,,0
2024-10-21,3,15465.0,-0.0064657959394809,2.7128696616225865,0.0,0.0,0.0,0.0,1.0,,,,,,,2.513497357122405,0.0,0.0,0.0,0.0,1.0,,,,,,,,,,,,,2.3536250439350095,0.0,2.0,-0.99999950000025,0.24999996875000394,1.0,0
2024-10-22,4,15560.0,0.6142903330100147,3.4936400175491125,0.0,1.0,-0.9999990000010001,0.11111109876543349,1.0,,,,,,,,,,,,,2.75207246556512,1.0,0.0,0.9999990000010001,0.16666663888889352,1.0,,,,,,,3.1503651909104295,0.0,1.5,-0.999999250000625,0.19444441820988023,2.0,1
2024-10-23,5,15620.0,0.3856041131105492,,,,,,,,,,,,,,,,,,,3.160445579762916,0.0,0.0,0.0,0.0,2.0,,,,,,,3.373066428540446,0.3333333333333333,0.3333333333333333,0.0,0.08928570227466148,3.0,1
2024-10-24,4,15593.0,-0.1728553137003818,,,,,,,,,,,,,3.408387937844572,0.5,1.0,-2.499996249460956e-07,0.12937061814758766,2.0,,,,,,,,,,,,,3.5417186790756734,0.0,1.5,-0.999999250000625,0.1464646320273456,2.0,0
2024-10-25,6,15629.0,0.230872827550832,3.5235503188384176,0.0,0.5,-0.49999950000050003,0.049999995000000505,2.0,,,,,,,2.887472328865269,0.0,0.0,0.0,0.0,2.0,,,,,,,,,,,,,3.5342122876499262,0.0,1.0,-0.9999990000010001,0.17142854122449525,2.0,1
2024-10-28,5,15729.0,0.639836201932309,2.7614155104665885,0.0,2.0,-0.99999950000025,0.277777737654327,2.0,,,,,,,2.8410602492467962,0.0,1.0,-0.6666661666670833,0.12962961213992016,3.0,,,,,,,,,,,,,3.5432040290257496,0.0,0.0,0.0,0.0,1.0,1
2024-10-30,8,15732.0,-0.1776649746192848,,,,,,,,,,,,,3.5435809662238524,0.0,0.0,0.0,0.0,2.0,2.92849127492983,0.0,1.0,-0.9999990000010001,0.199999960000008,1.0,,,,,,,3.1663042292074763,0.0,0.2,-0.1999998000002,0.024999996875000395,5.0,0
2024-10-31,4,15705.0,-0.1716247139588067,,,,,,,,,,,,,,,,,,,,,,,,,,,,,,,2.8268155475148866,0.25,0.25,0.0,0.060714278112245876,4.0,0
2024-11-01,6,15723.0,0.1146131805157546,,,,,,,,,,,,,,,,,,,3.3636513669466845,0.0,0.0,0.0,0.0,1.0,,,,,,,3.4867977674962995,0.2,0.8,-0.39999970000025,0.10634919455152567,5.0,1
2024-11-04,2,15751.0,0.1780830630286889,,,,,,,,,,,,,2.7501134033006682,0.0,0.0,0.0,0.0,1.0,,,,,,,,,,,,,4.481801870135539,1.0,1.0,0.0,0.16666665277777895,1.0,1
2024-11-05,6,15766.0,0.0952320487588087,,,,,,,,,,,,,3.095141567022829,0.0,0.5,-0.49999950000050003,0.0643939303833806,4.0,3.3700494216609984,1.0,1.0,0.0,0.16666665277777895,1.0,,,,,,,2.5223631553423087,0.0,1.0,-0.9999990000010001,0.1428571224489825,1.0,1
2024-11-07,11,15767.0,-0.4608585858585812,3.568295122959852,0.0,0.0,0.0,0.0,1.0,2.8628559643018288,0.0,0.0,0.0,0.0,1.0,3.0587872383993817,0.25,0.625,-0.24999981250015624,0.10531654541402857,8.0,,,,,,,,,,,,,3.10056676209585,0.25,0.75,-0.49999950000050003,0.11249998718750148,4.0,0
2024-11-08,8,15671.0,-0.6088666201560233,,,,,,,3.2523696227258303,0.0,1.0,-0.9999990000010001,0.07692307100591762,1.0,3.12431305281991,0.0,0.5,-0.49999950000050003,0.06923075775148141,4.0,,,,,,,,,,,,,3.281267589694435,0.0,0.5,-0.49999950000050003,0.07291665581597387,4.0,0
2024-11-11,11,15677.0,0.0382872822410895,3.2712833534917833,0.0,2.0,-0.99999950000025,0.1818181652892577,1.0,,,,,,,3.3534752806285213,0.0,0.5,-0.49999950000050003,0.05494504836372503,4.0,,,,,,,,,,,,,3.2455835139956646,0.14285714285714285,0.14285714285714285,0.0,0.021978020287405035,7.0,1
2024-11-12,1,15771.0,0.5996045161701824,,,,,,,,,,,,,2.318589305345118,0.0,2.0,-0.99999950000025,0.33333327777778704,1.0,,,,,,,,,,,,,,,,,,,1
2024-11-13,6,15782.0,0.0697482721450759,,,,,,,,,,,,,2.818346659976819,0.5,1.0,-0.49999950000050003,0.15656564008774793,2.0,3.3968785137953774,0.0,1.0,-0.9999990000010001,0.11111109876543349,1.0,,,,,,,3.353128249364053,0.0,0.5,-0.49999950000050003,0.045454541322314426,4.0,1
2024-11-14,9,15873.0,0.5766062602965416,,,,,,,,,,,,,2.672646289417963,1.0,0.0,0.9999990000010001,0.1428571224489825,1.0,,,,,,,,,,,,,3.3815742427435866,0.0,0.375,-0.37499962500037504,0.059374988984377326,8.0,1
2024-11-15,6,15888.0,0.094500094500094,,,,,,,,,,,,,2.908626641507141,0.0,0.0,0.0,0.0,1.0,3.323818727337389,0.0,0.0,0.0,0.0,1.0,,,,,,,3.4154180838205366,0.0,0.75,-0.4999996250003125,0.08680554547646724,4.0,1
2024-11-18,5,15848.0,-0.2517623363544774,,,,,,,,,,,,,2.942412522543345,0.5,0.0,0.49999950000050003,0.08333331944444676,2.0,3.0621712286115246,0.0,2.0,-0.99999950000025,0.285714244897965,1.0,,,,,,,3.613310202394878,0.0,0.0,0.0,0.0,3.0,0
2024-11-19,1,15816.0,-0.2019182231196348,3.077110823734183,0.0,2.0,-0.99999950000025,0.24999996875000394,1.0,,,,,,,,,,,,,,,,,,,,,,,,,,,,,,,0
2024-11-20,8,15858.0,0.2655538694992465,3.0866737914982094,0.0,0.0,0.0,0.0,2.0,,,,,,,3.4934772219732118,0.5,0.25,0.24999975000025002,0.09374998828125147,4.0,3.3516886502918797,0.0,0.0,0.0,0.0,1.0,,,,,,,3.857599266916154,0.0,1.0,-0.9999990000010001,0.11111109876543349,1.0,1
2024-11-22,4,15911.0,-0.1944548990089112,,,,,,,,,,,,,3.1015822814514844,1.0,0.0,0.9999990000010001,0.11111109876543349,1.0,,,,,,,,,,,,,3.5029138797013673,0.0,0.3333333333333333,-0.33333300000033333,0.03703703292181116,3.0,0
2024-11-25,6,15864.0,-0.2953931242536622,2.826460606384016,0.0,0.5,-0.49999950000050003,0.062499992187500984,2.0,,,,,,,3.7992565133518044,0.0,0.0,0.0,0.0,1.0,3.303475626598104,0.0,0.0,0.0,0.0,1.0,,,,,,,3.702004563489052,0.0,0.5,-0.49999950000050003,0.03846153550295881,2.0,0
2024-11-26,5,15930.0,0.4160363086233021,,,,,,,,,,,,,3.8769176045545013,0.0,0.6666666666666666,-0.6666660000006667,0.07792206836453712,3.0,3.2546707810224533,1.0,0.0,0.9999990000010001,0.1428571224489825,1.0,,,,,,,3.8278347795825898,0.0,0.0,0.0,0.0,1.0,1
2024-11-28,24,15864.0,-0.4143126177024503,2.5259769647089043,0.0,0.0,0.0,0.0,1.0,,,,,,,3.454368272148024,0.3333333333333333,0.75,-0.361110768518855,0.14374997968557404,12.0,3.2321814696915694,0.0,1.0,-0.9999990000010001,0.11111109876543349,1.0,,,,,,,3.402965249770928,0.25,0.4166666666666667,-0.16666650000016667,0.07751321832997508,12.0,0
2024-11-29,4,15856.0,-0.0504286434694911,2.8781091159345666,0.0,0.0,0.0,0.0,1.0,,,,,,,2.947118791504067,0.0,0.6666666666666666,-0.6666660000006667,0.07792206836453712,3.0,,,,,,,,,,,,,,,,,,,0
2024-12-02,1,15905.0,0.3090312815338114,,,,,,,,,,,,,,,,,,,,,,,,,,,,,,,3.2109907166952287,0.0,0.0,0.0,0.0,1.0,1
2024-12-03,4,15950.0,0.2829298962590432,2.443023472200545,0.0,1.0,-0.499999750000125,0.199999960000008,2.0,,,,,,,,,,,,,,,,,,,,,,,,,3.15760831350185,0.0,1.0,-0.499999750000125,0.1428571224489825,2.0,1
2024-12-04,1,15957.0,0.0438871473354307,,,,,,,,,,,,,,,,,,,,,,,,,,,,,,,3.5986386445790477,0.0,1.0,-0.9999990000010001,0.11111109876543349,1.0,1
2024-12-05,8,15892.0,-0.4073447389860263,,,,,,,,,,,,,3.418345307113991,0.0,0.3333333333333333,-0.33333300000033333,0.033333330000000334,3.0,,,,,,,2.9433929074689136,0.0,0.0,0.0,0.0,2.0,3.4459191439902814,0.0,0.75,-0.4999996250003125,0.11309522094671462,4.0,0
2024-12-06,4,15848.0,-0.2768688648376538,,,,,,,,,,,,,,,,,,,2.9398602597095786,0.0,1.0,-0.9999990000010001,0.18333329944445076,2.0,2.947824030707996,0.0,2.0,-0.99999950000025,0.24999996875000394,1.0,3.890656006977367,0.0,0.0,0.0,0.0,1.0,0
2024-12-09,8,15861.0,0.0820292781423592,3.43007974343083,0.0,0.5,-0.49999950000050003,0.05555554938271674,2.0,,,,,,,3.512447690342296,0.5,1.0,-0.49999950000050003,0.1805555337577187,2.0,3.7497882590220426,0.0,1.0,-0.9999990000010001,0.06666666222222252,1.0,2.970766318040977,0.0,1.0,-0.9999990000010001,0.12499998437500197,1.0,3.2688218738958903,0.3333333333333333,0.6666666666666666,-1.6666641663073042e-07,0.1428571224489825,3.0,1
2024-12-10,1,15874.0,0.081962045268269,,,,,,,,,,,,,,,,,,,,,,,,,,,,,,,4.044579990076452,0.0,0.0,0.0,0.0,1.0,1
2024-12-11,7,15905.0,0.1952878921506862,,,,,,,,,,,,,3.047408426096674,0.0,0.5,-0.49999950000050003,0.049999995000000505,2.0,,,,,,,,,,,,,3.445136975774267,0.2,0.2,0.0,0.04999999375000079,5.0,1
2024-12-12,9,15939.0,0.2137692549512682,,,,,,,,,,,,,2.706706123890149,1.0,0.0,0.9999990000010001,0.12499998437500197,1.0,,,,,,,,,,,,,3.1773557348800514,0.0,0.25,-0.24999975000025002,0.04374999093750208,8.0,1
2024-12-13,8,15987.0,0.3011481272350735,,,,,,,,,,,,,,,,,,,,,,,,,,,,,,,3.3690679248444866,0.125,0.75,-0.4999995625004063,0.10813490718498217,8.0,1
2024-12-16,7,16019.0,0.2001626321386229,3.1571477943140156,0.0,1.0,-0.9999990000010001,0.1428571224489825,1.0,,,,,,,3.0050759666130897,0.0,0.0,0.0,0.0,1.0,,,,,,,3.248937318196642,0.0,0.0,0.0,0.0,1.0,3.222040849133791,0.0,0.5,-0.49999950000050003,0.07142856122449125,4.0,1
2024-12-18,6,16100.0,0.3115264797507677,,,,,,,,,,,,,3.189453498315462,0.0,0.0,0.0,0.0,1.0,,,,,,,,,,,,,3.32390435884068,0.0,0.6666666666666666,-0.33333316666675,0.0611111054629635,6.0,1
2024-12-19,4,16277.0,1.0993788819875672,,,,,,,,,,,,,,,,,,,,,,,,,,,,,,,3.1771564483238457,0.0,1.0,-0.9999990000010001,0.13839283793048734,4.0,1
2024-12-20,5,16270.0,-0.0430054678380531,,,,,,,,,,,,,3.438846871394046,0.0,0.0,0.0,0.0,1.0,,,,,,,,,,,,,3.4261249655774204,0.0,0.25,-0.24999975000025002,0.024999997500000253,4.0,0
2024-12-23,8,16159.0,-0.6822372464658888,3.6437648372505933,0.0,0.0,0.0,0.0,1.0,,,,,,,3.6092075863058084,0.0,0.0,0.0,0.0,1.0,,,,,,,,,,,,,3.3579259567223776,0.16666666666666666,0.16666666666666666,0.0,0.04232803686906933,6.0,0
2024-12-24,1,16208.0,0.3032365864224173,,,,,,,,,,,,,2.8871272104715877,0.0,1.0,-0.9999990000010001,0.11111109876543349,1.0,,,,,,,,,,,,,,,,,,,1
2024-12-27,2,16251.0,0.2653010858835181,,,,,,,,,,,,,,,,,,,,,,,,,,,,,,,3.6979415394956785,0.5,0.5,0.0,0.15555552938272074,2.0,1
2024-12-31,1,16157.0,-0.030936765251821,,,,,,,,,,,,,,,,,,,3.1158970688515586,0.0,0.0,0.0,0.0,1.0,,,,,,,,,,,,,0
2025-01-02,3,16236.0,0.4889521569598321,3.1143392781542505,0.0,2.0,-0.99999950000025,0.19999998000000202,1.0,2.392469229756424,0.0,1.0,-0.9999990000010001,0.11111109876543349,1.0,3.7498808550913862,1.0,2.0,-0.33333322222225925,0.2727272479338866,1.0,,,,,,,,,,,,,,,,,,,1
2025-01-06,2,16193.0,-0.1479928470123903,,,,,,,,,,,,,3.8733338426751107,0.0,0.0,0.0,0.0,1.0,,,,,,,,,,,,,2.931872275506972,0.0,0.0,0.0,0.0,1.0,0
2025-01-07,5,16169.0,-0.1482121904526678,2.9038180789822365,0.0,0.0,0.0,0.0,2.0,,,,,,,2.6859583226914063,0.0,0.0,0.0,0.0,2.0,,,,,,,,,,,,,2.7833325767523815,0.0,0.5,-0.49999950000050003,0.099999980000004,2.0,0
2025-01-08,7,16201.0,0.1979095800606067,2.552350678020625,0.0,0.0,0.0,0.0,1.0,,,,,,,3.080044897879713,0.0,0.0,0.0,0.0,1.0,,,,,,,,,,,,,3.2350998281070926,0.0,0.3333333333333333,-0.33333300000033333,0.03896103418226856,6.0,1
2025-01-09,11,16238.0,0.2283809641380196,,,,,,,,,,,,,3.0506997505444526,0.0,0.6666666666666666,-0.6666660000006667,0.07407406584362232,3.0,,,,,,,,,,,,,3.419145123312064,0.2222222222222222,1.1111111111111112,-0.5555551296300032,0.18024688713306317,9.0,1
2025-01-10,1,16194.0,-0.2709693311984229,,,,,,,,,,,,,,,,,,,,,,,,,,,,,,,3.135169474246961,0.0,1.0,-0.9999990000010001,0.16666663888889352,1.0,0
2025-01-13,6,16281.0,0.5372360133382825,2.470711366663952,0.0,0.5,-0.49999950000050003,0.05555554938271674,2.0,3.477608353213745,0.0,0.0,0.0,0.0,1.0,3.657949057202158,0.0,0.0,0.0,0.0,1.0,3.477608353213745,0.0,0.0,0.0,0.0,1.0,,,,,,,2.5760523948766942,0.5,0.0,0.49999950000050003,0.062499992187500984,2.0,1
2025-01-14,5,16265.0,-0.0982740617898159,,,,,,,,,,,,,,,,,,,,,,,,,,,,,,,3.9159498388244165,0.2,0.6,-0.2666664444446519,0.1190476012471682,5.0,0
2025-01-15,10,16311.0,0.2828158622809607,,,,,,,,,,,,,2.844897854456657,0.0,0.0,0.0,0.0,1.0,,,,,,,,,,,,,3.5445334091137726,0.0,0.2222222222222222,-0.11111105555558333,0.044444435555557334,9.0,1
2025-01-16,15,16378.0,0.4107657409110343,3.0115497561077866,0.6666666666666666,0.6666666666666666,-0.22222192592624693,0.17989415537079367,3.0,,,,,,,3.356271602159494,1.0,1.0,0.0,0.24999996875000394,1.0,,,,,,,,,,,,,3.212654939903588,0.0,0.36363636363636365,-0.27272704545474996,0.07142855635436329,11.0,1
2025-01-17,12,16373.0,-0.0305287580901203,,,,,,,2.969327510977983,0.0,0.3333333333333333,-0.33333300000033333,0.033333330000000334,3.0,3.066028847346169,0.0,0.6666666666666666,-0.6666660000006667,0.05555555092592632,3.0,,,,,,,,,,,,,3.1331276641328927,0.0,0.8333333333333334,-0.8333325000008335,0.114748661154549,6.0,0
2025-01-20,3,16372.0,-0.0061076161973927,,,,,,,,,,,,,3.142387981418539,0.3333333333333333,1.0,-0.44444407407441977,0.12424241264462921,3.0,,,,,,,,,,,,,,,,,,,0
2025-01-21,4,16331.0,-0.2504275592474903,,,,,,,,,,,,,3.343969524355093,0.0,0.25,-0.24999975000025002,0.022727270661157213,4.0,,,,,,,,,,,,,,,,,,,0
2025-01-22,13,16327.0,-0.0244932949605036,3.419600817838468,0.5,2.0,-0.6666663611112547,0.2708333029513924,2.0,,,,,,,3.3104447881630836,0.25,0.5,-0.11111106018520911,0.08396463651668322,12.0,3.4575492795711575,1.0,0.0,0.9999990000010001,0.09090908264462885,1.0,,,,,,,3.4331417025224495,0.0,0.6666666666666666,-0.6666660000006667,0.06944443692129715,3.0,0
2025-01-23,8,16276.0,-0.3123660194769395,3.413563983998314,0.0,0.6666666666666666,-0.6666660000006667,0.06666666000000067,3.0,3.5548208640982466,0.0,1.0,-0.9999990000010001,0.09999999000000101,1.0,3.4198496109162413,0.2,0.4,-0.1999998000002,0.0755555455308656,5.0,,,,,,,,,,,,,2.5243668017650975,0.0,1.0,-0.9999990000010001,0.1428571224489825,1.0,0
2025-01-24,7,16200.0,-0.4669451953796977,2.8339833002268136,1.0,0.5,0.16666661111112963,0.18749997656250295,2.0,2.6912102120321855,1.0,1.0,0.0,0.285714244897965,1.0,2.7013943221339085,0.0,0.0,0.0,0.0,2.0,3.8419045641153122,0.0,0.0,0.0,0.0,1.0,,,,,,,3.735238788109973,1.0,0.0,0.9999990000010001,0.1499999750000045,2.0,0
2025-01-30,16,16259.0,0.3641975308642076,3.1444768922590534,1.5,0.5,0.24999993750001562,0.14285713265306196,2.0,,,,,,,3.0809971458573324,0.2,0.4,-0.1999998000002,0.06999999175000099,5.0,,,,,,,,,,,,,3.271197911218035,0.1111111111111111,0.6666666666666666,-0.3333331111112778,0.08518517584362244,9.0,1
2025-01-31,2,16312.0,0.3259733070914539,,,,,,,,,,,,,4.66112742208339,0.0,0.0,0.0,0.0,1.0,,,,,,,,,,,,,3.260385337525047,0.0,1.0,-0.9999990000010001,0.08333332638888948,1.0,1
2025-02-03,30,16453.0,0.8643943109367447,3.3090333314025075,0.0,0.0,0.0,0.0,1.0,,,,,,,3.1454763579697973,0.1111111111111111,0.48148148148148145,-0.3086416934159078,0.060555693162821334,27.0,,,,,,,,,,,,,3.0385448982863634,0.25,0.25,0.0,0.05902777078510886,4.0,1
2025-02-04,44,16365.0,-0.5348568650094254,3.7915199942574245,0.0,1.0,-0.9999990000010001,0.16666663888889352,1.0,,,,,,,3.237243433672438,0.09523809523809523,0.47619047619047616,-0.28571403968276854,0.06741736281622494,42.0,,,,,,,,,,,,,3.46415704413533,0.0,0.5,-0.2499998750000625,0.05555554938271674,4.0,0
2025-02-05,16,16308.0,-0.3483043079743342,3.274785162573205,0.2,1.2,-0.39999989999995,0.14999998356481667,5.0,,,,,,,3.256636733085547,0.125,1.0,-0.5208329826391568,0.13298609459587407,16.0,3.2623964356078874,0.0,2.0,-0.99999950000025,0.16666665277777895,1.0,,,,,,,2.9514025466856517,0.0,1.0,-0.9999990000010001,0.12499998437500197,1.0,0
2025-02-06,15,16330.0,0.1349031150355673,3.9968637472047392,0.0,1.5,-0.4999998333333889,0.1499999850000015,2.0,,,,,,,3.0937712672939273,0.0,0.5384615384615384,-0.3076920897437714,0.05747862630045176,13.0,3.125145033790167,0.0,0.0,0.0,0.0,1.0,,,,,,,3.504185747652096,0.0,1.3333333333333333,-0.6666662222225926,0.13333332000000134,3.0,1
2025-02-07,12,16325.0,-0.0306184935701114,2.7799860159061063,0.0,1.0,-0.499999750000125,0.09090908264462885,2.0,2.9026161423116394,0.0,0.0,0.0,0.0,1.0,2.921213411091291,0.1111111111111111,0.3333333333333333,-0.22222200000022224,0.04589268268292823,9.0,,,,,,,,,,,,,4.457184878464975,0.0,0.5,-0.49999950000050003,0.04166666319444474,2.0,0
2025-02-10,12,16350.0,0.153139356814691,3.162754418119785,0.0,0.3333333333333333,-0.33333300000033333,0.033333330000000334,3.0,,,,,,,3.648251475897925,0.0,1.0,-0.9999990000010001,0.12052667999310597,7.0,,,,,,,,,,,,,3.2869440669134073,0.0,0.5,-0.49999950000050003,0.09166664972222538,4.0,1
2025-02-11,11,16380.0,0.1834862385321045,,,,,,,,,,,,,3.517166369151353,0.0,0.5454545454545454,-0.36363606060634346,0.05674930438183589,11.0,,,,,,,,,,,,,3.100506116226181,0.0,0.5,-0.49999950000050003,0.099999980000004,2.0,1
2025-02-12,18,16364.0,-0.0976800976800973,3.2949910740307353,0.0,1.0,-0.6666661666670833,0.08838383055938238,3.0,3.219821200616887,0.0,0.0,0.0,0.0,1.0,3.1928432473395567,0.25,0.3333333333333333,-0.08333325000008333,0.07011182349207648,12.0,3.1134373959472343,0.0,0.0,0.0,0.0,1.0,,,,,,,3.577493223288758,0.0,0.42857142857142855,-0.28571407142875,0.0497835434540216,7.0,0
2025-02-13,22,16365.0,0.0061109753116683,2.4728911643037583,0.25,0.5,-0.24999975000025002,0.12777775469136238,4.0,,,,,,,3.407395271699051,0.14285714285714285,0.42857142857142855,-0.28571400000028574,0.06457430716572375,7.0,,,,,,,,,,,,,3.3269102077783597,0.07692307692307693,0.5384615384615384,-0.38461503846186534,0.08910254976317923,13.0,1
2025-02-14,19,16285.0,-0.488848151542931,3.488480790303404,0.0,0.0,0.0,0.0,1.0,,,,,,,3.261023562779239,0.07142857142857142,0.42857142857142855,-0.14285708333335911,0.06298700431960426,14.0,,,,,,,,,,,,,3.3718295080711216,0.0,0.2,-0.1999998000002,0.0285714244897965,5.0,0
2025-02-17,8,16208.0,-0.4728277556033111,2.8369272302871926,0.0,0.6666666666666666,-0.33333316666675,0.06060605509641923,3.0,,,,,,,2.7814521917699966,0.0,1.3333333333333333,-0.6666663333335,0.14999998291666863,3.0,,,,,,,,,,,,,2.838467741573421,0.0,0.6666666666666666,-0.33333316666675,0.08333332291666798,3.0,0
2025-02-18,2,16275.0,0.4133761105626909,,,,,,,,,,,,,3.0264752888321653,0.0,0.0,0.0,0.0,1.0,,,,,,,,,,,,,3.518952071716454,1.0,1.0,0.0,0.22222219753086697,1.0,1
2025-02-19,10,16357.0,0.5038402457757218,2.9571344459349147,0.0,0.0,0.0,0.0,1.0,,,,,,,3.3135065201545046,0.14285714285714285,0.7142857142857143,-0.4761900317464657,0.1076530473888502,7.0,3.101581474456681,0.0,0.0,0.0,0.0,1.0,,,,,,,2.5205312654459235,0.0,0.0,0.0,0.0,1.0,1
2025-02-20,9,16344.0,-0.0794766766522014,2.916473250265501,0.0,0.0,0.0,0.0,1.0,,,,,,,3.4244650430058887,0.0,0.625,-0.4999995625004063,0.0618443991758085,8.0,,,,,,,,,,,,,3.6855088256317705,0.0,2.0,-0.99999950000025,0.15384614201183525,1.0,0
2025-02-21,7,16300.0,-0.2692119432207485,2.9614464705845243,0.0,3.0,-0.9999996666667778,0.33333329629630043,1.0,,,,,,,3.334870384777387,0.3333333333333333,0.6666666666666666,-0.33333300000033333,0.10897434658530719,3.0,3.621491910484879,1.0,1.0,0.0,0.16666665277777895,1.0,,,,,,,3.748463565849026,0.0,0.6666666666666666,-0.6666660000006667,0.08928570227466148,3.0,0
2025-02-24,10,16303.0,0.0184049079754666,2.838386361033427,0.5,0.5,0.0,0.08333332638888948,2.0,,,,,,,3.137397334236876,0.0,1.75,-0.7499996666668194,0.17460315662005735,4.0,3.0904639204821023,0.0,0.0,0.0,0.0,1.0,,,,,,,3.0388635032165605,0.0,0.8,-0.59999950000045,0.10357141090561592,5.0,1
2025-02-25,6,16316.0,0.0797399251671437,,,,,,,,,,,,,3.0773253609004754,0.16666666666666666,0.5,-0.22222203703720989,0.06944443711419832,6.0,,,,,,,,,,,,,,,,,,,1
2025-02-26,1,16387.0,0.4351556754106367,,,,,,,,,,,,,2.5375871794598943,0.0,0.0,0.0,0.0,1.0,,,,,,,,,,,,,,,,,,,1
2025-02-27,10,16431.0,0.2685055226704147,,,,,,,2.916838287456849,1.0,1.0,0.0,0.22222219753086697,1.0,3.6468806817200345,0.0,0.5,-0.49999950000050003,0.05033669523501055,6.0,,,,,,,,,,,,,3.1469603279281606,0.3333333333333333,1.3333333333333333,-0.777777074074753,0.21428568664966344,3.0,1
2025-02-28,8,16575.0,0.8763921855030166,,,,,,,,,,,,,3.361367046288893,0.0,0.125,-0.12499987500012501,0.02083332986111169,8.0,,,,,,,,,,,,,,,,,,,1
2025-03-03,14,16506.0,-0.4162895927601773,,,,,,,,,,,,,3.4150012317804426,0.0,0.5833333333333334,-0.41666633333362496,0.07728173557598879,12.0,,,,,,,,,,,,,3.490959556512694,0.25,0.0,0.24999975000025002,0.03571428061224562,4.0,0
2025-03-04,20,16443.0,-0.3816793893129722,3.5075848926341315,0.0,0.5,-0.49999950000050003,0.062499992187500984,2.0,,,,,,,3.258082188774776,0.1111111111111111,0.5,-0.24074054938289097,0.08373615890630301,18.0,,,,,,,,,,,,,3.26612942466344,0.0,1.3333333333333333,-0.6666662222225926,0.13257574410296286,3.0,0
2025-03-05,30,16371.0,-0.4378762999452612,3.190789954590102,0.0,0.6666666666666666,-0.6666660000006667,0.08399469832740332,6.0,,,,,,,3.166812378789218,0.14285714285714285,0.35714285714285715,-0.21428550000021432,0.06361960627236751,28.0,,,,,,,,,,,,,3.4608878364534017,0.5,0.25,0.24999975000025002,0.09374998828125147,4.0,0
2025-03-06,19,16315.0,-0.3420682914910489,3.150093245420462,0.25,0.25,0.0,0.0504807638452299,4.0,,,,,,,3.170362181756994,0.3333333333333333,0.2222222222222222,0.11111100000011112,0.07914121530406068,18.0,,,,,,,,,,,,,,,,,,,0
2025-03-07,12,16336.0,0.1287159056083453,,,,,,,,,,,,,3.295851912446365,0.08333333333333333,0.3333333333333333,-0.24999975000025002,0.04368686407841086,12.0,,,,,,,,,,,,,,,,,,,1
2025-03-10,10,16326.0,-0.0612144955925542,3.3883987522660535,0.0,1.0,-0.9999990000010001,0.12499998437500197,2.0,3.4781118101717707,0.0,1.0,-0.9999990000010001,0.12499998437500197,1.0,3.023339289378477,0.4,1.0,-0.39999970000025,0.16944442388117537,5.0,,,,,,,,,,,,,3.4891381805658974,0.4,0.2,0.1999998000002,0.06818180958448236,5.0,0
2025-03-11,16,16430.0,0.6370207031728636,3.354580750278731,0.0,0.0,0.0,0.0,1.0,,,,,,,3.079509470931501,0.1,1.1,-0.5999996000003,0.1427380780615573,10.0,3.6893458512240462,0.0,0.0,0.0,0.0,2.0,,,,,,,3.0058684192810206,0.0,0.6666666666666666,-0.6666660000006667,0.08928570227466148,3.0,1
2025-03-12,24,16453.0,0.1399878271454602,2.963019718195289,0.4,0.2,0.1999998000002,0.0707936422428834,5.0,,,,,,,3.1475915510273627,0.26666666666666666,0.5333333333333333,-0.2666664000002667,0.08664501199582177,15.0,3.246840009314786,0.0,0.0,0.0,0.0,1.0,,,,,,,3.1650952166154744,0.0,0.0,0.0,0.0,5.0,1
2025-03-13,20,16428.0,-0.1519479730140438,3.346307081537955,0.0,1.0,-0.49999966666694445,0.10416665567129747,4.0,,,,,,,3.5102073155757316,0.15384615384615385,1.0,-0.48717914529942596,0.11778476662110317,13.0,,,,,,,,,,,,,3.4778294400762686,0.0,0.625,-0.4999995625004063,0.10863093078586071,8.0,0
2025-03-14,17,16392.0,-0.2191380569758982,2.9065159705183383,0.0,0.0,0.0,0.0,4.0,,,,,,,3.062410225999558,0.0,0.75,-0.6666660416672708,0.08568120612159753,12.0,,,,,,,,,,,,,3.250830315147084,0.3333333333333333,0.3333333333333333,0.0,0.07539681627929067,3.0,0
2025-03-17,18,16379.0,-0.0793069790141487,3.039309012584779,0.0,0.3333333333333333,-0.33333300000033333,0.05714284707483175,6.0,,,,,,,2.9981077489031076,0.1,0.5,-0.299999750000225,0.07789681455894279,10.0,,,,,,,,,,,,,3.283804534717001,0.0,0.7142857142857143,-0.5714280714290357,0.08270974079848857,7.0,0
2025-03-18,3,16432.0,0.3235850784541139,,,,,,,,,,,,,3.2053149697960124,0.3333333333333333,0.6666666666666666,-0.33333300000033333,0.11904760374149866,3.0,,,,,,,,,,,,,,,,,,,1
2025-03-19,3,16528.0,0.5842259006815897,3.1842124612813616,0.0,0.0,0.0,0.0,1.0,,,,,,,3.4325328846505867,0.0,0.5,-0.49999950000050003,0.08333331944444676,2.0,,,,,,,,,,,,,3.9447273920904014,0.0,0.0,0.0,0.0,1.0,1
2025-03-20,12,16481.0,-0.2843659244917695,,,,,,,,,,,,,3.282941347441036,0.2857142857142857,0.5714285714285714,-0.14285707142860712,0.09143633141877391,7.0,,,,,,,,,,,,,3.3005236365010453,0.2857142857142857,0.5714285714285714,-0.1904760317461799,0.09501132713997892,7.0,0
2025-03-21,10,16501.0,0.1213518597172447,2.611389895010253,0.0,0.0,0.0,0.0,1.0,,,,,,,3.098381400956257,0.16666666666666666,1.1666666666666667,-0.499999750000125,0.15734125092821158,6.0,,,,,,,,,,,,,3.4382925335660888,0.25,0.75,-0.2499998750000625,0.12291665081597439,4.0,1
2025-03-24,14,16561.0,0.36361432640446,,,,,,,,,,,,,3.279082174683709,0.3,0.1,0.1999998000002,0.058333324652779094,10.0,,,,,,,2.9635553649520356,0.0,0.0,0.0,0.0,1.0,3.2056422076264948,0.5,0.5,-0.1666664444446852,0.1145833201678256,4.0,1
2025-03-25,13,16622.0,0.3683352454561861,3.062913464750429,0.3333333333333333,0.6666666666666666,-0.33333300000033333,0.11574072730195632,3.0,,,,,,,3.208324055816331,0.18181818181818182,0.36363636363636365,-0.09090904545456818,0.06753245908627194,11.0,,,,,,,,,,,,,3.7908278838233453,0.0,0.0,0.0,0.0,1.0,1
2025-03-26,6,16588.0,-0.2045481891469136,2.743322301515712,0.0,1.0,-0.9999990000010001,0.16249997218750498,2.0,,,,,,,4.339406802122326,0.0,1.3333333333333333,-0.6666662222225926,0.13257574410296286,3.0,,,,,,,,,,,,,2.5450949441983854,0.0,0.0,0.0,0.0,1.0,0
2025-03-27,17,16566.0,-0.132625994694957,3.453765642062143,0.0,1.0,-0.9999990000010001,0.07692307100591762,1.0,,,,,,,3.2219892283288285,0.23529411764705882,0.5294117647058824,-0.23529391176489708,0.09574803019904411,17.0,,,,,,,,,,,,,,,,,,,0
2025-04-08,285,16849.0,1.7083182421827825,3.124742076554557,0.21739130434782608,0.782608695652174,-0.3478258333335447,0.12346444232091038,23.0,2.9213252232034166,0.0,0.0,0.0,0.0,2.0,3.1374190834258955,0.13909774436090225,0.5338345864661654,-0.25939829260669556,0.08131142015484241,266.0,3.075340666094937,0.0,0.5,-0.49999950000050003,0.0539772667549077,4.0,2.795911458653245,0.0,0.0,0.0,0.0,1.0,3.4053758501742206,0.038461538461538464,0.6923076923076923,-0.47435857264994374,0.08404404322452175,26.0,1
2025-04-09,29,16943.0,0.5578966110748373,3.195847420244851,0.0,0.5,-0.49999950000050003,0.049999995000000505,2.0,,,,,,,3.181517709634322,0.20689655172413793,0.4827586206896552,-0.20689637931049998,0.08125254968787012,29.0,3.3534772899078042,0.0,0.0,0.0,0.0,1.0,,,,,,,4.013206635629919,1.0,1.0,0.0,0.22222219753086697,1.0,1
2025-04-10,43,16779.0,-0.9679513663459872,3.2814781888285514,0.0,0.5,-0.49999950000050003,0.08333331944444676,2.0,,,,,,,3.1489340465217874,0.23255813953488372,0.4418604651162791,-0.18604633720947095,0.08988890963955508,43.0,2.4997349638432746,0.0,0.0,0.0,0.0,1.0,,,,,,,3.1117705174589263,0.0,0.0,0.0,0.0,2.0,0
2025-04-11,36,16805.0,0.1549555992609752,3.692612957023529,0.0,0.8,-0.7999992000008,0.08388887990586519,5.0,3.4218342028839177,0.0,1.0,-0.9999990000010001,0.16666663888889352,1.0,3.201602662766926,0.030303030303030304,0.6666666666666666,-0.5454540454550227,0.09200663267607037,33.0,3.6219110924184843,0.0,1.0,-0.9999990000010001,0.08333332638888948,1.0,,,,,,,3.366611912168285,0.0,0.2857142857142857,-0.28571400000028574,0.07142855357143303,7.0,1
2025-04-14,45,16773.0,-0.1904195180005952,3.097297339609139,0.2,0.4,-0.1999998000002,0.08999998575000238,5.0,3.213124116875975,0.0,0.0,0.0,0.0,1.0,3.1500785735970975,0.11627906976744186,0.7209302325581395,-0.40310046253257065,0.10318575436726658,43.0,,,,,,,,,,,,,3.2472135266855138,0.0,1.25,-0.749999500000375,0.18749997135417112,4.0,0
2025-04-15,33,16815.0,0.2504024324807785,3.180709721630256,0.6666666666666666,0.3333333333333333,0.33333300000033333,0.10900672192835477,3.0,,,,,,,3.254225355248354,0.21875,0.71875,-0.37499968750028123,0.10966245976546862,32.0,3.595391217984422,0.0,1.0,-0.9999990000010001,0.08712120451675917,2.0,,,,,,,3.5448959213782123,0.0,1.0,-0.499999750000125,0.08333332638888948,2.0,1
2025-04-16,12,16845.0,0.1784121320249854,3.7453051627421234,0.0,1.0,-0.9999990000010001,0.199999960000008,1.0,,,,,,,3.100162092400203,0.0,0.8,-0.59999950000045,0.11777775876543542,10.0,,,,,,,,,,,,,3.0982436561674835,0.0,1.0,-0.6666661666670833,0.13333331333333667,3.0,1
2025-04-17,29,16833.0,-0.0712377560106891,3.132919343182022,0.25,0.5,-1.249998124730478e-07,0.11249998218750298,4.0,,,,,,,2.8712584393753966,0.1111111111111111,0.6296296296296297,-0.23456777983546537,0.10869005780532852,27.0,,,,,,,,,,,,,2.7408330611791736,0.2,1.0,-0.46666634444470184,0.1666666425925962,5.0,0
2025-04-21,34,16808.0,-0.148517792431535,2.9883217022245714,0.0,0.0,0.0,0.0,3.0,2.8872231064050986,0.0,0.0,0.0,0.0,1.0,2.9927352655582,0.28,0.68,-0.2533331488890404,0.13188021071570785,25.0,,,,,,,,,,,,,3.200602666880359,0.1111111111111111,0.4444444444444444,-0.3333330000003334,0.07345677972393849,9.0,0
2025-04-22,9,16862.0,0.3212755830556801,3.007702543701153,0.0,0.0,0.0,0.0,1.0,,,,,,,2.93645419625856,0.25,0.375,-6.24999062365239e-08,0.07460316545792506,8.0,,,,,,,,,,,,,3.598956271741561,0.0,1.0,-0.9999990000010001,0.09999999000000101,1.0,1
2025-04-23,20,16880.0,0.1067489028584889,,,,,,,,,,,,,3.0628444645526414,0.2222222222222222,0.5,-0.2777775000002778,0.08629548363560613,18.0,,,,,,,,,,,,,3.1445900913001545,0.0,0.3333333333333333,-0.33333300000033333,0.033333330000000334,3.0,1
2025-04-24,13,16884.0,0.0236966824644468,3.2712652049390667,0.0,0.3333333333333333,-0.33333300000033333,0.03703703292181116,3.0,,,,,,,3.0960899094385974,0.07692307692307693,0.46153846153846156,-0.3846150000003847,0.06422743140106894,13.0,,,,,,,,,,,,,,,,,,,1
2025-04-25,22,16829.0,-0.3257521914238337,3.4157695767683562,0.0,0.3333333333333333,-0.33333300000033333,0.02777777546296316,3.0,,,,,,,3.1432324779078047,0.09090909090909091,0.6363636363636364,-0.40909056818212497,0.07990619586797788,22.0,,,,,,,,,,,,,2.295523347389695,0.0,0.0,0.0,0.0,1.0,0
2025-04-28,18,16862.0,0.1960900825955125,3.213176278952053,0.25,0.25,0.0,0.077380940334469,4.0,3.19040797852057,0.0,0.0,0.0,0.0,1.0,2.9155847795621623,0.125,0.625,-0.49999950000050003,0.098313477968831,16.0,,,,,,,,,,,,,2.844576986138073,0.0,0.3333333333333333,-0.33333300000033333,0.04166666145833399,3.0,1
2025-04-29,15,16787.0,-0.4447870952437482,3.2514718906272213,0.0,1.5,-0.999999250000625,0.13809522344671377,2.0,,,,,,,3.2412558792378925,0.14285714285714285,0.42857142857142855,-0.21428553571444642,0.05722788509060239,14.0,,,,,,,,,,,,,,,,,,,0
2025-04-30,25,16679.0,-0.6433549770655911,,,,,,,,,,,,,3.1857075635534673,0.21739130434782608,0.6086956521739131,-0.30434756521763046,0.09164457639518103,23.0,,,,,,,,,,,,,3.205946414847612,0.0,0.5,-0.49999950000050003,0.08333331944444676,2.0,0
2025-05-02,31,16493.0,-1.1151747706697024,2.8375161626352345,0.3333333333333333,0.0,0.33333300000033333,0.030303027548209616,3.0,,,,,,,3.1741711142766715,0.2692307692307692,0.38461538461538464,-0.19230746153871156,0.07482516571357635,26.0,,,,,,,,,,,,,2.6835753076480517,0.3333333333333333,1.0,-0.33333316666675,0.14814813168724464,3.0,0
2025-05-05,20,16421.0,-0.4365488389013516,3.2130599979871697,0.0,0.0,0.0,0.0,3.0,,,,,,,2.967158098812536,0.1875,0.5625,-0.3124997187502656,0.08931050466068233,16.0,3.62927254689187,0.0,0.5,-0.49999950000050003,0.049999995000000505,2.0,,,,,,,2.664535256548514,0.0,1.0,-0.9999990000010001,0.1499999750000045,2.0,0
2025-05-06,11,16472.0,0.3105779185189616,2.900708162018993,0.0,0.0,0.0,0.0,1.0,,,,,,,2.9098533663781407,0.2727272727272727,0.36363636363636365,-4.545447726292648e-08,0.08308079643588841,11.0,,,,,,,,,,,,,,,,,,,1
2025-05-07,20,16533.0,0.3703254006799383,2.8555169866769283,0.0,0.5,-0.49999950000050003,0.05624999359375074,4.0,,,,,,,3.164988525382341,0.07142857142857142,0.42857142857142855,-0.3571425000003572,0.05510203439369478,14.0,,,,,,,,,,,,,3.455420574334648,0.0,0.3333333333333333,-0.33333300000033333,0.030303027548209616,3.0,1
2025-05-08,18,16497.0,-0.2177463255307543,2.6534823882702527,0.5,0.5,0.0,0.199999960000008,2.0,,,,,,,3.2210649378572387,0.15384615384615385,0.38461538461538464,-0.2307690000002308,0.05866995586612271,13.0,,,,,,,,,,,,,3.587619779797744,0.0,0.0,0.0,0.0,4.0,0
2025-05-09,11,16532.0,0.2121597866278746,3.1883909265552113,0.0,0.0,0.0,0.0,2.0,,,,,,,2.7860169895888256,0.4444444444444444,0.4444444444444444,0.0,0.1323232111271845,9.0,3.058018358666687,0.0,0.0,0.0,0.0,1.0,,,,,,,2.3252882631036633,0.0,0.0,0.0,0.0,1.0,1
2025-05-14,55,16568.0,0.217759496733616,3.0384264434578774,0.16666666666666666,0.16666666666666666,0.0,0.04059828498246853,6.0,2.8411729319203793,0.5,0.0,0.49999950000050003,0.04166666319444474,2.0,3.1679923172097424,0.1794871794871795,0.358974358974359,-0.12820502564111538,0.06971446383757893,39.0,3.9099850061475006,1.0,0.0,0.9999990000010001,0.09090908264462885,1.0,,,,,,,3.1289325118770863,0.0,0.5384615384615384,-0.46153803846194236,0.0887667728818809,13.0,1
2025-05-15,6,16535.0,-0.1991791405118292,,,,,,,3.0684665628634855,0.0,0.0,0.0,0.0,1.0,3.268162063293687,0.25,0.5,-0.08333330555556481,0.0624999947916671,4.0,,,,,,,,,,,,,3.062569348192855,0.0,0.0,0.0,0.0,1.0,0
2025-05-16,7,16424.0,-0.6713032960387055,2.9891535360798818,0.0,0.5,-0.49999950000050003,0.05555554938271674,2.0,,,,,,,3.123455967252802,0.5,0.25,0.24999975000025002,0.07499999083333464,4.0,,,,,,,,,,,,,3.427117214466285,0.5,2.0,-0.4999998333333889,0.2030302861891658,2.0,0
2025-05-19,12,16455.0,0.1887481734047735,3.074143655499479,0.0,0.75,-0.4999996250003125,0.10416665190972436,4.0,,,,,,,2.9785579772027164,0.0,0.5,-0.37499968750028123,0.05918559856914415,8.0,,,,,,,,,,,,,3.450412235217741,0.0,0.3333333333333333,-0.33333300000033333,0.05555554629629784,3.0,1
2025-05-20,7,16406.0,-0.2977818292312362,,,,,,,,,,,,,3.0820786076209705,0.2,0.4,-0.1999998000002,0.074285703265308,5.0,,,,,,,,,,,,,3.2746874253208738,0.0,1.5,-0.999999250000625,0.22619044189342924,2.0,0
2025-05-21,16,16413.0,0.0426673168353097,3.1130979238207526,0.0,0.5,-0.49999950000050003,0.060714278112245876,4.0,,,,,,,3.200372400412278,0.1,0.5,-0.333333022222526,0.06333332662963034,10.0,,,,,,,,,,,,,3.1637221370166966,0.3333333333333333,0.6666666666666666,-1.6666641663073042e-07,0.10227271655475323,3.0,1
2025-05-22,3,16313.0,-0.6092731371473814,2.7020685678681895,0.0,0.0,0.0,0.0,1.0,,,,,,,2.673599405661022,0.0,0.0,0.0,0.0,2.0,,,,,,,,,,,,,,,,,,,0
2025-05-23,12,16289.0,-0.1471219272972446,,,,,,,,,,,,,3.3702068895942876,0.5454545454545454,0.5454545454545454,-0.060605979798067346,0.12092451579956297,11.0,,,,,,,,,,,,,2.898719285658546,1.0,0.0,0.9999990000010001,0.24999993750001562,1.0,0
2025-05-26,21,16207.0,-0.5034072073178186,2.951593071622563,0.0,0.2,-0.1999998000002,0.033333327777778705,5.0,,,,,,,3.1088958500251187,0.05555555555555555,0.5,-0.4444440000004445,0.07270922518910107,18.0,,,,,,,,,,,,,3.315955151210615,0.0,0.0,0.0,0.0,1.0,0
2025-05-27,9,16255.0,0.2961683223298594,,,,,,,,,,,,,3.236163478612186,0.1111111111111111,0.5555555555555556,-0.22222211111116666,0.058080802721821,9.0,,,,,,,,,,,,,,,,,,,1
2025-05-28,3,16300.0,0.2768378960319895,,,,,,,,,,,,,3.7605305204226864,0.0,0.5,-0.49999950000050003,0.08333331944444676,2.0,,,,,,,,,,,,,3.511056608550648,0.0,1.0,-0.9999990000010001,0.09999999000000101,1.0,1
2025-06-02,48,16297.0,-0.0184049079754555,2.6323465107990875,0.0,0.0,0.0,0.0,2.0,,,,,,,3.098185049431034,0.2682926829268293,0.3170731707317073,-0.07317064634155489,0.07734222702863121,41.0,3.2169227730402152,0.6666666666666666,0.0,0.6666660000006667,0.07870369438014514,3.0,,,,,,,3.2677511778790373,0.0,0.6,-0.39999970000025,0.08999998350000353,5.0,0
2025-06-03,12,16288.0,-0.0552248880162031,2.5157538427913395,0.5,2.0,-0.6666663611112547,0.29285710744898397,2.0,,,,,,,2.973656148743932,0.125,0.75,-0.24999989583337845,0.11874998082176287,8.0,3.3724682580523493,0.0,0.0,0.0,0.0,1.0,,,,,,,3.3274576531799855,0.0,0.5,-0.49999950000050003,0.099999980000004,2.0,0
2025-06-04,10,16305.0,0.104371316306473,,,,,,,,,,,,,3.235989835768659,0.125,0.375,-0.24999975000025002,0.06160713514987343,8.0,,,,,,,,,,,,,3.209212043110842,0.3333333333333333,0.6666666666666666,-0.33333300000033333,0.10833332145833467,3.0,1
2025-06-05,6,16277.0,-0.1717264642747573,3.1137798782334007,0.0,1.0,-0.499999750000125,0.12499998437500197,2.0,,,,,,,2.9312607510667377,0.0,0.25,-0.24999975000025002,0.04166665972222338,4.0,,,,,,,,,,,,,2.9453743572527435,0.0,1.0,-0.9999990000010001,0.16666663888889352,1.0,0
2025-06-10,18,16276.0,-0.006143638262579,3.6099955530051435,1.0,0.0,0.9999990000010001,0.09090908264462885,1.0,,,,,,,2.8676861805709724,0.07692307692307693,0.6153846153846154,-0.3846150769233461,0.07811631868587983,13.0,,,,,,,,,,,,,3.2248174646082512,0.14285714285714285,1.1428571428571428,-0.47619024603185844,0.14365077635361775,7.0,0
2025-06-11,7,16265.0,-0.067584173015478,3.1067444921985876,0.0,1.5,-0.999999250000625,0.19999997000000502,2.0,,,,,,,2.7972479559352394,0.0,0.3333333333333333,-0.33333300000033333,0.04166666145833399,3.0,,,,,,,,,,,,,3.059727382236436,0.5,0.0,0.49999950000050003,0.07142856122449125,2.0,0
2025-06-12,19,16237.0,-0.172148785736248,3.0487356548689086,0.0,0.0,0.0,0.0,1.0,,,,,,,3.036824485576248,0.0,0.6,-0.49999955000042495,0.08829363643038496,10.0,,,,,,,,,,,,,3.118699227867555,0.2,0.4,-0.099999950000025,0.07920023184857837,10.0,0
2025-06-13,20,16293.0,0.3448912976535156,3.2215138754393493,0.0,0.42857142857142855,-0.42857100000042864,0.05668933480905693,7.0,,,,,,,2.9054214063139043,0.0,0.125,-0.12499987500012501,0.013888887345679186,8.0,3.2474660895106346,0.0,0.5,-0.49999950000050003,0.07142856122449125,2.0,,,,,,,3.022818229799873,0.0,0.3333333333333333,-0.33333300000033333,0.04166666145833399,6.0,1
2025-06-16,17,16296.0,0.0184128153194684,3.1640822574291905,0.0,1.0666666666666667,-0.7999993333339332,0.1329413003116668,15.0,,,,,,,2.9751417821514363,0.5,0.5,0.0,0.11111109876543349,2.0,3.091892916251136,0.0,0.0,0.0,0.0,1.0,,,,,,,,,,,,,1
2025-06-17,11,16281.0,-0.092047128129602,3.584345249599302,0.0,1.1,-0.8999992000007501,0.153095215988382,10.0,,,,,,,,,,,,,,,,,,,,,,,,,4.02221236434306,0.0,0.0,0.0,0.0,1.0,0
2025-06-18,15,16319.0,0.2334008967508127,3.681792796843346,0.0,0.8571428571428571,-0.5714280952385397,0.1333333120634955,7.0,,,,,,,3.19427128273868,0.4,0.6,-9.999984997843825e-08,0.10715727530073493,5.0,3.0173953324764984,0.0,1.0,-0.9999990000010001,0.11111109876543349,1.0,,,,,,,2.9281125930679663,0.2,0.6,-0.19999990000005,0.09350648203744454,5.0,1
2025-06-19,16,16378.0,0.3615417611373184,3.317299167175382,0.09090909090909091,0.7272727272727273,-0.575757020202569,0.12319622594962305,11.0,,,,,,,,,,,,,,,,,,,,,,,,,3.320170282898144,0.14285714285714285,0.2857142857142857,-0.14285700000014287,0.05941557528851983,7.0,1
2025-06-20,6,16399.0,0.1282207839785165,3.5683367114006135,0.0,1.25,-0.9999991250008126,0.1633928354304876,4.0,,,,,,,,,,,,,,,,,,,,,,,,,3.5400624100076423,0.5,0.5,0.0,0.17142854122449525,2.0,1
2025-06-23,12,16484.0,0.5183242880663519,2.949090885687179,0.0,0.5,-0.399999650000325,0.08111109687654586,10.0,,,,,,,3.354589634266831,0.0,2.0,-0.99999950000025,0.24999996875000394,1.0,,,,,,,,,,,,,3.8520469746768637,0.0,1.0,-0.9999990000010001,0.16666663888889352,1.0,1
2025-06-24,18,16370.0,-0.6915797136617274,3.0478465879800343,0.1875,0.875,-0.5416661840282355,0.1443993297075895,16.0,,,,,,,,,,,,,,,,,,,,,,,,,3.519597929327336,0.0,0.5,-0.49999950000050003,0.07142856122449125,2.0,0
2025-06-25,11,16292.0,-0.4764813683567515,3.2314446585426855,0.14285714285714285,0.5714285714285714,-0.1428570952381111,0.09642855758928784,7.0,,,,,,,3.4955189383100933,0.0,0.0,0.0,0.0,1.0,,,,,,,,,,,,,3.1629208132498796,0.3333333333333333,1.3333333333333333,-0.4999996250003438,0.15824914311464963,3.0,0
2025-06-26,8,16233.0,-0.3621409280628485,3.2963539039588947,0.0,0.5,-0.49999950000050003,0.08035712595663665,4.0,,,,,,,3.1118421908734213,0.0,0.0,0.0,0.0,3.0,3.5030717517436196,0.0,0.0,0.0,0.0,1.0,,,,,,,4.142371290668999,0.0,1.0,-0.9999990000010001,0.16666663888889352,1.0,0
2025-06-30,17,16231.0,-0.0123205815314442,2.9808889004065904,0.16666666666666666,0.8333333333333334,-0.4999995833337083,0.10630109465228933,6.0,2.7420353238732766,0.0,0.0,0.0,0.0,1.0,2.8262945972067777,0.0,0.25,-0.12499993750003124,0.031249996093750492,8.0,2.8974081664495555,0.0,0.0,0.0,0.0,1.0,,,,,,,3.6443124886661824,0.3333333333333333,0.0,0.33333300000033333,0.02777777546296316,3.0,0
2025-07-01,5,16192.0,-0.2402809438728392,3.0787603448090395,0.0,1.0,-0.9999990000010001,0.12499998437500197,1.0,,,,,,,3.6377406573968027,0.3333333333333333,0.0,0.33333300000033333,0.033333330000000334,3.0,,,,,,,,,,,,,3.0575406866645105,0.0,1.0,-0.9999990000010001,0.16666663888889352,1.0,0
2025-07-02,7,16236.0,0.2717391304347893,3.6357316998091305,0.0,0.0,0.0,0.0,1.0,,,,,,,2.9491108926679157,0.0,1.0,-0.7499993750005625,0.1437499754687549,4.0,,,,,,,,,,,,,3.2100333872615314,0.0,0.5,-0.49999950000050003,0.07142856122449125,2.0,1
2025-07-03,2,16209.0,-0.1662971175166339,,,,,,,,,,,,,3.1031740111342767,0.0,0.0,0.0,0.0,2.0,,,,,,,,,,,,,,,,,,,0
2025-07-04,6,16204.0,-0.030847060275152,,,,,,,,,,,,,3.0343961727353737,0.0,0.3333333333333333,-0.166666583333375,0.03703703292181116,6.0,,,,,,,,,,,,,,,,,,,0
2025-07-07,7,16237.0,0.2036534189089112,,,,,,,,,,,,,3.20394334163293,0.0,0.16666666666666666,-0.16666650000016667,0.01851851646090558,6.0,3.2317084172571056,0.0,0.0,0.0,0.0,1.0,,,,,,,3.602536561969279,0.0,0.0,0.0,0.0,1.0,1
2025-07-08,15,16238.0,0.0061587731723822,,,,,,,,,,,,,3.4319477856662686,0.0,0.42857142857142855,-0.28571404761926983,0.04900793084931725,14.0,,,,,,,,,,,,,2.981591308033181,0.0,1.0,-0.9999990000010001,0.1428571224489825,1.0,1
2025-07-09,15,16254.0,0.0985343022539719,,,,,,,,,,,,,2.97259319305666,0.0,0.21428571428571427,-0.21428550000021432,0.031037410408062713,14.0,,,,,,,,,,,,,3.239352198012898,0.0,0.0,0.0,0.0,5.0,1
2025-07-10,13,16220.0,-0.209179278946725,2.64989424160517,0.0,0.0,0.0,0.0,1.0,,,,,,,3.2427711288345176,0.1111111111111111,0.1111111111111111,0.0,0.030864193072703,9.0,3.069769227238275,0.0,0.0,0.0,0.0,1.0,,,,,,,2.8782878581684,0.0,1.0,-0.9999990000010001,0.1079545335098154,2.0,0
2025-07-11,19,16221.0,0.0061652281134305,3.6643892830591813,0.0,1.0,-0.499999750000125,0.11111109876543349,2.0,,,,,,,3.22029324540878,0.125,0.5625,-0.31249975000021873,0.08229165633391343,16.0,1.565658469732513,0.0,0.5,-0.49999950000050003,0.07142856122449125,2.0,,,,,,,2.505633773391997,0.0,1.5,-0.999999250000625,0.2428571024489865,2.0,1
2025-07-14,25,16247.0,0.1602860489488877,2.7789366555472133,0.0,0.0,0.0,0.0,3.0,,,,,,,3.087664028092528,0.0,0.21052631578947367,-0.21052610526336843,0.025398720837290806,19.0,,,,,,,,,,,,,2.739853554571992,0.2,0.2,0.0,0.07857141198979962,5.0,1
2025-07-15,16,16281.0,0.2092694035821907,3.262160312942145,0.0,0.0,0.0,0.0,2.0,,,,,,,3.1375809259744623,0.07692307692307693,0.23076923076923078,-0.15384600000015386,0.037606832801520114,13.0,,,,,,,,,,,,,3.167311782381002,0.0,0.2,-0.1999998000002,0.01818181652892577,5.0,1
2025-07-16,13,16288.0,0.0429949020330555,2.642926252626938,0.0,0.5,-0.49999950000050003,0.05555554938271674,2.0,,,,,,,2.75754066398832,0.0,0.375,-0.37499962500037504,0.07013887453318214,8.0,3.540176152527528,0.0,0.0,0.0,0.0,1.0,,,,,,,2.942380826568254,0.14285714285714285,0.14285714285714285,0.0,0.05952379662698702,7.0,1
2025-07-17,7,16329.0,0.2517190569744532,,,,,,,,,,,,,2.959364127138838,0.4,0.6,-0.06666664444445185,0.1049999888750012,5.0,,,,,,,,,,,,,2.915909124059373,0.0,0.6666666666666666,-0.33333316666675,0.08333332291666798,3.0,1
2025-07-18,7,16301.0,-0.1714740645477386,3.0954727958200707,0.0,1.0,-0.9999990000010001,0.12499998437500197,1.0,,,,,,,3.1941534163272602,0.0,0.2,-0.1999998000002,0.024999996875000395,5.0,,,,,,,,,,,,,4.004921208733523,0.0,0.5,-0.49999950000050003,0.099999980000004,2.0,0
2025-07-21,15,16330.0,0.1779031961229416,,,,,,,3.240054635671359,0.0,0.0,0.0,0.0,1.0,3.141437113516336,0.14285714285714285,0.5714285714285714,-0.21428558333343053,0.08792773541067815,14.0,,,,,,,,,,,,,3.4639949997903297,0.0,0.0,0.0,0.0,1.0,1
2025-07-22,10,16307.0,-0.140845070422535,3.2673694874415653,0.0,0.5,-0.49999950000050003,0.04166666319444474,2.0,,,,,,,2.9455462653788294,0.125,0.25,-6.24999062365239e-08,0.04960316795792481,8.0,,,,,,,,,,,,,3.076255367886169,0.0,0.0,0.0,0.0,1.0,0
2025-07-23,12,16298.0,-0.0551910222603813,2.6524904933251516,0.0,0.0,0.0,0.0,1.0,,,,,,,3.3588815779814687,0.1111111111111111,0.1111111111111111,0.0,0.02121211918273665,9.0,,,,,,,,,,,,,3.4950890440357902,0.0,0.5,-0.49999950000050003,0.062499992187500984,2.0,0
2025-07-24,9,16283.0,-0.0920358326174985,,,,,,,,,,,,,3.0277049105870444,0.16666666666666666,0.8333333333333334,-0.4999995833337083,0.15091572639214687,6.0,,,,,,,,,,,,,3.30273630223951,0.0,0.75,-0.7499992500007501,0.10267855731824174,4.0,0
2025-07-25,12,16325.0,0.2579377264631866,,,,,,,,,,,,,3.077358493485602,0.2,0.8,-0.3999996666669778,0.11166665413426069,10.0,,,,,,,,,,,,,2.3297247408793638,0.0,1.0,-0.499999750000125,0.12499998437500197,2.0,1
2025-07-28,12,16341.0,0.0980091883614031,2.8557635625874855,0.0,0.5,-0.49999950000050003,0.062499992187500984,2.0,,,,,,,3.078784383797225,0.2,0.3,-0.0999999000001,0.05900792943548524,10.0,,,,,,,,,,,,,3.4090022776527706,0.6666666666666666,0.3333333333333333,0.33333300000033333,0.10437709339183195,3.0,1
2025-07-29,10,16399.0,0.3549354384676517,3.4496053703713554,0.0,0.0,0.0,0.0,1.0,,,,,,,2.9087030986260527,0.0,0.0,0.0,0.0,8.0,,,,,,,,,,,,,3.6561772871871177,0.0,0.5,-0.49999950000050003,0.05555554938271674,2.0,1
2025-07-30,19,16387.0,-0.0731751936093649,3.0275094501249704,0.0,0.0,0.0,0.0,1.0,,,,,,,2.9943777404202865,0.0,0.2,-0.1999998000002,0.02148147916872453,15.0,,,,,,,,,,,,,3.336965475426753,0.25,1.5,-0.749999500000375,0.2261904453656506,4.0,0
2025-07-31,18,16459.0,0.4393726734606806,,,,,,,2.12632882251405,0.0,0.0,0.0,0.0,1.0,3.14139733934635,0.06666666666666667,0.2,-0.13333320000013335,0.032936503710790425,15.0,,,,,,,,,,,,,3.575973745729251,0.0,0.5,-0.49999950000050003,0.05208332769097286,4.0,1
2025-08-01,18,16494.0,0.2126496141928502,,,,,,,,,,,,,3.144374443439382,0.0,0.5333333333333333,-0.46666623333375,0.0792816316248759,15.0,,,,,,,,,,,,,3.324845909126413,0.0,0.3333333333333333,-0.33333300000033333,0.0476190408163275,3.0,1
2025-08-04,10,16388.0,-0.6426579362192264,2.9952537445071368,0.0,1.0,-0.9999990000010001,0.09999999000000101,2.0,,,,,,,3.044176566959398,0.0,0.42857142857142855,-0.42857100000042864,0.06683672383199893,7.0,4.121953552087099,0.0,0.0,0.0,0.0,1.0,,,,,,,3.496783989033601,0.0,0.0,0.0,0.0,1.0,0
2025-08-05,9,16388.0,0.0,,,,,,,,,,,,,3.452403664392667,0.0,0.375,-0.37499962500037504,0.03888888484567944,8.0,,,,,,,,,,,,,2.5114836099148,0.0,0.0,0.0,0.0,1.0,0
2025-08-06,14,16379.0,-0.0549182328533071,3.3356851540459496,0.5,0.5,0.0,0.10555554438271725,2.0,,,,,,,2.983962468080932,0.23076923076923078,0.3076923076923077,-0.07692300000007693,0.06328115550102877,13.0,,,,,,,,,,,,,,,,,,,0
2025-08-07,14,16312.0,-0.4090603821967131,,,,,,,,,,,,,3.0644432990784325,0.42857142857142855,0.21428571428571427,0.142857035714375,0.07817459255070706,14.0,,,,,,,,,,,,,,,,,,,0
2025-08-08,20,16299.0,-0.0796959293771437,3.329875625017704,0.0,1.3333333333333333,-0.9999991666674166,0.16919189676117544,3.0,,,,,,,2.8596892408537853,0.14285714285714285,0.35714285714285715,-0.142857035714375,0.05584414931960376,14.0,,,,,,,,,,,,,3.327907742128719,0.3333333333333333,0.0,0.33333300000033333,0.066666653333336,3.0,0
2025-08-11,9,16253.0,-0.2822259034296559,,,,,,,,,,,,,3.2072753668087253,0.16666666666666666,0.16666666666666666,0.0,0.03703703292181116,6.0,,,,,,,,,,,,,3.327240099109313,0.0,0.0,0.0,0.0,3.0,0
2025-08-12,10,16298.0,0.2768719620993121,,,,,,,,,,,,,2.972796472673485,0.16666666666666666,0.3333333333333333,-8.333320831536521e-08,0.05714285040816408,6.0,,,,,,,,,,,,,3.692117747191892,0.0,0.5,-0.49999950000050003,0.0539772667549077,4.0,1
2025-08-13,17,16237.0,-0.3742790526444994,3.322135081968601,0.0,1.0,-0.9999990000010001,0.08333332638888948,1.0,3.322135081968601,0.0,1.0,-0.9999990000010001,0.08333332638888948,1.0,3.2028992960524696,0.0,0.5,-0.49999950000050003,0.06481480606996008,6.0,2.80701638448388,0.0,2.0,-0.99999950000025,0.19999998000000202,1.0,,,,,,,3.1755983720304277,0.0,0.7857142857142857,-0.6428565714291071,0.10550142703359171,14.0,0
2025-08-14,12,16109.0,-0.7883229660651581,3.217021691766224,0.0,1.0,-0.9999990000010001,0.11111109876543349,1.0,3.217021691766224,0.0,1.0,-0.9999990000010001,0.11111109876543349,1.0,3.03010441732869,0.0,0.42857142857142855,-0.42857100000042864,0.04960316884369557,7.0,,,,,,,,,,,,,3.377966855646626,0.125,0.125,0.0,0.026388886095679312,8.0,0
2025-08-15,11,16162.0,0.3290086287168758,2.8509688904904538,1.0,0.5,0.16666661111112963,0.16666664814815021,2.0,,,,,,,2.7332939022458094,0.25,0.0,0.24999975000025002,0.031249996093750492,4.0,,,,,,,,,,,,,3.1091063887905928,0.0,0.5,-0.49999950000050003,0.05218854669591597,6.0,1
2025-08-19,10,16241.0,0.4888008909788466,3.1120045205705655,0.0,0.25,-0.24999975000025002,0.02777777469135837,4.0,,,,,,,2.686938228126162,0.8,0.6,0.06666664444445185,0.1850793402020694,5.0,,,,,,,,,,,,,3.0216044472014114,0.0,0.0,0.0,0.0,1.0,1
2025-08-20,8,16291.0,0.3078628163290409,2.9570846522841565,0.5,1.5,-0.499999750000125,0.26785710682398445,2.0,,,,,,,3.0632794532676924,0.0,0.4,-0.3999996000004,0.0422222177530869,5.0,2.7172807336143414,1.0,1.0,0.0,0.24999996875000394,1.0,,,,,,,2.7335130218263437,0.0,0.0,0.0,0.0,1.0,1
2025-08-21,6,16283.0,-0.0491068688232787,,,,,,,,,,,,,3.294074040951105,0.2,0.2,0.0,0.037606833954270225,5.0,,,,,,,,,,,,,3.330049668274603,0.0,0.6666666666666666,-0.6666660000006667,0.08465607373813866,3.0,0
2025-08-22,10,16340.0,0.3500583430571691,,,,,,,,,,,,,2.8242395971254584,0.25,0.25,0.0,0.05987102444867737,8.0,,,,,,,,,,,,,3.434920734796246,0.0,1.0,-0.9999990000010001,0.14583331163194774,2.0,1
2025-08-25,13,16255.0,-0.5201958384332905,2.538359172446521,0.0,2.0,-0.99999950000025,0.285714244897965,1.0,,,,,,,2.554117177655486,0.2,0.4,-9.999984997843825e-08,0.09999998333333612,5.0,,,,,,,,,,,,,3.3714257880889162,0.0,1.0,-0.7142850952386827,0.11968664684482058,7.0,0
2025-08-26,5,16277.0,0.1353429713934151,,,,,,,,,,,,,3.3858040306700836,0.5,1.0,-0.33333305555581483,0.19791663961227235,4.0,,,,,,,,,,,,,2.8006330403218778,0.0,1.0,-0.9999990000010001,0.12499998437500197,1.0,1
2025-08-27,4,16355.0,0.4792037844811636,3.210550588150349,0.0,0.5,-0.49999950000050003,0.062499992187500984,2.0,,,,,,,3.0627965756654447,0.0,0.0,0.0,0.0,3.0,,,,,,,,,,,,,,,,,,,1
2025-08-28,4,16356.0,0.0061143381228978,,,,,,,,,,,,,2.3766964866576314,0.5,0.0,0.49999950000050003,0.07142856122449125,2.0,,,,,,,,,,,,,3.553072156117625,0.0,0.0,0.0,0.0,2.0,1
2025-08-29,9,16461.0,0.6419662509171031,,,,,,,,,,,,,3.2362593310054613,0.2857142857142857,0.42857142857142855,-0.14285700000014287,0.09206863348093976,7.0,,,,,,,,,,,,,3.8695376060066655,0.0,1.0,-0.9999990000010001,0.12499998437500197,2.0,1
2025-09-01,17,16463.0,0.0121499301378946,3.4919625203274154,0.3333333333333333,0.3333333333333333,0.0,0.08928570227466148,3.0,,,,,,,3.0864503810345965,0.0,0.5,-0.49999950000050003,0.0684523715454945,6.0,,,,,,,,,,,,,3.021440822967083,0.1,0.8,-0.3999997166669028,0.13568178384143917,10.0,1
2025-09-02,5,16418.0,-0.2733402174573296,2.9120217256045535,0.0,0.0,0.0,0.0,1.0,,,,,,,3.8243148976515515,0.0,0.5,-0.49999950000050003,0.06696427670599611,4.0,,,,,,,,,,,,,,,,,,,0
2025-09-03,16,16424.0,0.0365452552077094,2.946619414894438,0.0,0.6,-0.39999970000025,0.062222215753087104,5.0,,,,,,,3.111907671488882,0.1111111111111111,0.7777777777777778,-0.33333312962978084,0.11183259547527971,9.0,,,,,,,,,,,,,2.8902027502160728,0.0,0.5,-0.49999950000050003,0.062499992187500984,2.0,1
2025-09-04,5,16438.0,0.0852411105698891,,,,,,,,,,,,,2.782206450328812,0.0,0.0,0.0,0.0,2.0,,,,,,,,,,,,,3.033285905679687,1.0,0.3333333333333333,0.33333316666675,0.19047616326531,3.0,1
2025-09-08,16,16348.0,-0.5475118627570219,2.8557789352124345,0.0,0.0,0.0,0.0,2.0,,,,,,,3.170873941601886,0.0,0.6,-0.49999955000042495,0.06127094475095923,10.0,,,,,,,,,,,,,3.821341123581851,0.0,0.5,-0.2499998750000625,0.04166666319444474,4.0,0
2025-09-09,6,16462.0,0.6973330070956685,,,,,,,,,,,,,3.0034637738114274,0.0,0.25,-0.24999975000025002,0.02777777469135837,4.0,,,,,,,,,,,,,3.471087303345178,0.5,0.5,0.0,0.1428571224489825,2.0,1
2025-09-10,13,16457.0,-0.0303729801968133,2.687770372015585,0.0,0.5,-0.49999950000050003,0.08333331944444676,2.0,2.5797408185206643,0.0,0.0,0.0,0.0,1.0,3.3487732120097125,0.0,0.3333333333333333,-0.33333300000033333,0.04166666145833399,3.0,,,,,,,2.6286200149886363,0.0,1.0,-0.9999990000010001,0.12499998437500197,1.0,3.287901695936007,0.0,0.5714285714285714,-0.42857107142889284,0.06854255986634133,7.0,0
2025-09-11,11,16468.0,0.0668408579935553,,,,,,,,,,,,,3.454608251674556,0.0,0.0,0.0,0.0,2.0,,,,,,,,,,,,,3.427081399934966,0.0,0.6666666666666666,-0.5555550555560278,0.08395461479244576,9.0,1
2025-09-12,15,16391.0,-0.4675734758319172,2.715995053315652,0.0,1.0,-0.499999750000125,0.08333332638888948,2.0,,,,,,,3.058107348189903,0.0,2.0,-0.9999993888893425,0.29365075037793537,3.0,,,,,,,,,,,,,3.3007848990823656,0.08333333333333333,0.75,-0.4999995833337083,0.11402415308804258,12.0,0
2025-09-15,9,16405.0,0.0854127264962478,1.9361919420736433,0.0,0.0,0.0,0.0,1.0,3.1530362688863622,0.0,0.0,0.0,0.0,1.0,2.7611288335109627,0.2,0.2,0.0,0.0485714224897967,5.0,,,,,,,,,,,,,3.3569370089321167,0.0,0.5,-0.2499998750000625,0.05555554938271674,4.0,1
2025-09-16,5,16385.0,-0.1219140505943294,,,,,,,,,,,,,2.9229312859276835,0.0,0.0,0.0,0.0,2.0,,,,,,,,,,,,,3.448640159575823,0.0,0.25,-0.24999975000025002,0.03571428061224562,4.0,0
2025-09-17,8,16430.0,0.2746414403417718,2.788389069609564,0.0,0.0,0.0,0.0,1.0,,,,,,,2.6442533943628375,0.0,0.0,0.0,0.0,2.0,,,,,,,,,,,,,3.3648661019916153,0.2,0.4,-0.1999998000002,0.08076921590237017,5.0,1
2025-09-18,8,16498.0,0.4138770541691983,3.159872094224971,0.0,0.0,0.0,0.0,1.0,,,,,,,2.967263936895268,0.0,1.0,-0.499999750000125,0.11111109876543349,2.0,,,,,,,,,,,,,3.0820881229872543,0.0,1.1428571428571428,-0.8571421428577857,0.12755100525726357,7.0,1
2025-09-19,5,16578.0,0.4849072614862448,3.2827134585651208,0.0,0.0,0.0,0.0,1.0,,,,,,,,,,,,,,,,,,,,,,,,,3.4249445714289974,0.0,0.25,-0.24999975000025002,0.031249996093750492,4.0,1
2025-09-22,10,16607.0,0.1749306309566822,3.190318489504003,0.5,0.5,0.0,0.09090908264462885,2.0,,,,,,,3.138376520393247,0.25,0.75,-0.2499998750000625,0.09090908264462885,4.0,,,,,,,,,,,,,3.4268311689284388,0.0,0.8571428571428571,-0.7142850714291785,0.08080807314122539,7.0,1
2025-09-23,7,16636.0,0.1746251580658775,,,,,,,,,,,,,2.918745527814149,0.5,0.0,0.49999950000050003,0.062499992187500984,2.0,,,,,,,,,,,,,3.6279677298974278,0.0,0.6,-0.39999970000025,0.06818181027892656,5.0,1
2025-09-24,4,16680.0,0.2644866554460279,,,,,,,,,,,,,,,,,,,,,,,,,,,,,,,3.785995751372382,0.0,1.25,-0.7499994166671945,0.12272726066115822,4.0,1
2025-09-25,1,16752.0,0.4316546762589857,,,,,,,,,,,,,2.172186128096372,0.0,0.0,0.0,0.0,1.0,,,,,,,,,,,,,,,,,,,1
2025-09-26,14,16775.0,0.1372970391595007,3.091041559752354,0.0,1.0,-0.9999990000010001,0.11111109876543349,1.0,,,,,,,3.2261787228216274,0.1111111111111111,0.1111111111111111,0.0,0.029761900758220494,9.0,,,,,,,,,,,,,3.5543754836371413,0.2,0.8,-0.39999970000025,0.10858584656093902,5.0,1
2025-09-29,8,16680.0,-0.5663189269746627,,,,,,,,,,,,,2.8593738718644928,0.0,0.0,0.0,0.0,4.0,,,,,,,,,,,,,3.3480880082175135,0.2,0.8,-0.29999977500020625,0.1199999840000024,5.0,0
2025-09-30,6,16692.0,0.0719424460431605,3.169415822848488,0.0,0.0,0.0,0.0,1.0,,,,,,,2.2253436200921346,0.0,0.5,-0.49999950000050003,0.049999995000000505,2.0,,,,,,,,,,,,,3.1869183915413757,0.0,1.6666666666666667,-0.999999222222926,0.22817457148762732,3.0,1
2025-10-01,6,16680.0,-0.0718907260963352,,,,,,,,,,,,,3.3731261549619393,0.0,0.6666666666666666,-0.33333316666675,0.07407406584362232,3.0,,,,,,,,,,,,,3.249337095053253,0.0,1.3333333333333333,-0.9999991666674166,0.175925902134777,3.0,0
2025-10-02,3,16612.0,-0.4076738609112729,,,,,,,,,,,,,3.209895829139981,0.0,1.5,-0.999999250000625,0.14166665319444574,2.0,,,,,,,,,,,,,3.032640395741926,0.0,2.0,-0.99999950000025,0.22222219753086697,1.0,0
2025-10-03,4,16611.0,-0.0060197447628196,3.138748107083981,0.0,0.6666666666666666,-0.33333316666675,0.06666666000000067,3.0,,,,,,,2.9831716564650086,0.0,0.0,0.0,0.0,2.0,,,,,,,,,,,,,3.2955757631008185,0.0,0.0,0.0,0.0,1.0,0
2025-10-06,3,16598.0,-0.078261393052792,2.3473877108366854,1.0,1.0,0.0,0.22222219753086697,1.0,,,,,,,2.9766773734309933,0.0,0.0,0.0,0.0,2.0,,,,,,,,,,,,,,,,,,,0
2025-10-07,3,16560.0,-0.2289432461742402,,,,,,,,,,,,,3.4789332912762108,0.5,1.0,-0.16666661111112963,0.16666664814815021,2.0,,,,,,,2.21994971462708,0.0,1.0,-0.9999990000010001,0.199999960000008,1.0,,,,,,,0
2025-10-08,3,16606.0,0.2777777777777768,,,,,,,,,,,,,3.2753308564588814,0.0,1.0,-0.499999750000125,0.12499998437500197,2.0,,,,,,,,,,,,,3.74328793154911,0.0,0.0,0.0,0.0,1.0,1
2025-10-09,2,16534.0,-0.4335782247380515,,,,,,,,,,,,,3.7786389947289063,0.0,1.0,-0.9999990000010001,0.12499998437500197,1.0,,,,,,,,,,,,,3.33933189078502,0.0,1.0,-0.9999990000010001,0.09999999000000101,1.0,0
2025-10-10,5,16585.0,0.3084553042216109,2.6585241974676777,0.5,0.5,0.0,0.18333329944445076,2.0,,,,,,,3.211107706713964,0.0,1.3333333333333333,-0.6666662222225926,0.16666664506173132,3.0,,,,,,,,,,,,,,,,,,,1
2025-10-13,14,16580.0,-0.0301477238468517,2.776636820362624,0.3333333333333333,1.3333333333333333,-0.44444424074083644,0.20346317754540175,3.0,,,,,,,3.335807389076679,0.0,1.3333333333333333,-0.9999991666674166,0.1657046428248282,9.0,3.754789437112431,0.0,2.0,-0.99999950000025,0.1818181652892577,1.0,,,,,,,3.618026123117476,0.0,1.5,-0.999999250000625,0.17361109095293448,2.0,0
2025-10-14,7,16577.0,-0.0180940892641756,3.368189522131478,0.0,0.0,0.0,0.0,5.0,,,,,,,3.8432374293942155,0.0,0.5,-0.2499998750000625,0.045454541322314426,4.0,,,,,,,,,,,,,,,,,,,0
2025-10-15,7,16577.0,0.0,3.2389782071889552,0.0,1.0,-0.499999750000125,0.08333332638888948,2.0,2.6725779516897323,0.0,2.0,-0.99999950000025,0.33333327777778704,1.0,3.0801546509416737,0.3333333333333333,1.3333333333333333,-0.3333333333331666,0.19999997351852236,3.0,2.6725779516897323,0.0,2.0,-0.99999950000025,0.33333327777778704,1.0,,,,,,,2.9811795618755554,0.0,0.6666666666666666,-0.33333316666675,0.06666666000000067,3.0,0
2025-10-16,7,16580.0,0.0180973638173265,3.449050352618999,0.6666666666666666,1.3333333333333333,-0.33333316666675,0.22857140163265632,3.0,2.864916097914899,0.0,1.0,-0.9999990000010001,0.199999960000008,1.0,3.3072273789451656,0.25,1.0,-0.4999996250003125,0.15714283683673738,4.0,2.864916097914899,0.0,1.0,-0.9999990000010001,0.199999960000008,1.0,,,,,,,3.3125481140980217,0.0,1.0,-0.9999990000010001,0.11111109876543349,1.0,1
2025-10-17,7,16590.0,0.0603136308805707,2.952128235759494,0.0,1.0,-0.499999750000125,0.12499998437500197,2.0,,,,,,,2.9796496281237674,0.0,0.25,-0.24999975000025002,0.02777777469135837,4.0,,,,,,,,,,,,,3.0950112131445717,0.0,1.0,-0.9999990000010001,0.1428571224489825,1.0,1
2025-10-20,5,16585.0,-0.0301386377335788,2.5131384404982704,0.0,0.0,0.0,0.0,1.0,,,,,,,3.2001236172392122,0.0,1.0,-0.9999990000010001,0.09166665819444525,2.0,,,,,,,,,,,,,3.2569278237517643,0.0,0.5,-0.49999950000050003,0.03846153550295881,2.0,0
2025-10-21,2,16589.0,0.0241181790774813,3.755142722439913,0.0,2.0,-0.99999950000025,0.14285713265306196,1.0,,,,,,,,,,,,,,,,,,,,,,,,,2.8045153697340064,0.0,0.0,0.0,0.0,1.0,1
2025-10-22,4,16617.0,0.1687865453011028,2.8342028179916183,1.0,0.0,0.9999990000010001,0.12499998437500197,1.0,,,,,,,3.736955806214519,0.0,1.0,-0.9999990000010001,0.08333332638888948,1.0,,,,,,,,,,,,,2.9914171522637734,0.0,1.5,-0.999999250000625,0.19642854559949322,2.0,1
2025-10-23,6,16645.0,0.1685021363663663,3.223409637793739,0.0,0.0,0.0,0.0,1.0,3.2844876537411176,0.0,0.0,0.0,0.0,2.0,3.1490775920110146,0.0,0.3333333333333333,-0.33333300000033333,0.02564102366863921,3.0,,,,,,,,,,,,,3.9988028115089236,0.0,0.0,0.0,0.0,1.0,1
2025-10-24,10,16630.0,-0.090117152297986,,,,,,,3.4905484653970946,0.0,1.0,-0.9999990000010001,0.10416665538194572,2.0,2.845120301275408,0.0,1.0,-0.9999990000010001,0.09999999000000101,1.0,,,,,,,,,,,,,3.3375897487537833,0.2857142857142857,0.7142857142857143,-0.3142854228574298,0.11405894375373585,7.0,0
2025-10-27,14,16628.0,-0.0120264582080586,1.8695220979927663,0.0,0.0,0.0,0.0,1.0,,,,,,,2.751088539279974,0.0,0.3333333333333333,-0.33333300000033333,0.06018517271090818,6.0,,,,,,,,,,,,,3.283971985287421,0.0,0.3333333333333333,-0.3333330000003334,0.0512345584739389,9.0,0
2025-10-28,6,16622.0,-0.0360837142169834,2.7697623045374185,0.5,0.0,0.49999950000050003,0.07142856122449125,2.0,,,,,,,3.061825341598958,0.0,0.0,0.0,0.0,2.0,,,,,,,,,,,,,3.22403804930764,0.0,0.25,-0.24999975000025002,0.049999990000002,4.0,0
2025-10-29,8,16631.0,0.0541451088918343,,,,,,,,,,,,,2.792697629852298,0.0,0.25,-0.24999975000025002,0.024999997500000253,4.0,,,,,,,,,,,,,2.8920056414737827,0.25,1.25,-0.499999750000125,0.19880949503118361,4.0,1
2025-10-30,8,16640.0,0.0541158078287473,3.3502109571162326,0.0,0.5,-0.49999950000050003,0.05555554938271674,2.0,,,,,,,3.580192002885636,0.0,1.5,-0.999999250000625,0.15555553938271777,2.0,,,,,,,,,,,,,3.226924213592077,0.2,1.8,-0.666666311111363,0.255714252719392,5.0,1
2025-10-31,6,16625.0,-0.090144230769229,2.7481091530242416,0.0,0.0,0.0,0.0,1.0,,,,,,,2.6861164580256167,1.0,0.0,0.499999750000125,0.08333332638888948,2.0,,,,,,,,,,,,,3.9493127854366583,0.0,0.0,0.0,0.0,3.0,0
2025-11-03,7,16664.0,0.2345864661654095,,,,,,,,,,,,,2.997782726330575,0.0,0.5,-0.49999950000050003,0.06696427670599611,4.0,3.0805588955153436,1.0,0.0,0.9999990000010001,0.12499998437500197,1.0,,,,,,,3.040538578346876,0.0,0.4,-0.3999996000004,0.05357142136479689,5.0,1
2025-11-04,3,16724.0,0.3600576092174679,2.5612555113244255,0.0,0.0,0.0,0.0,1.0,,,,,,,2.8255323044063525,0.0,0.5,-0.49999950000050003,0.062499992187500984,2.0,,,,,,,,,,,,,,,,,,,1
2025-11-05,3,16729.0,0.0298971537909586,,,,,,,,,,,,,3.386478896807675,1.0,0.6666666666666666,1.6666641663073042e-07,0.16851850130658616,3.0,,,,,,,,,,,,,,,,,,,1
2025-11-06,12,16707.0,-0.1315081594835287,2.564621565124268,0.0,0.0,0.0,0.0,1.0,,,,,,,3.165518305210143,0.1,0.3,-0.099999950000025,0.044999994875000594,10.0,,,,,,,,,,,,,3.3221594965047636,0.0,1.0,-0.9999990000010001,0.09090908264462885,1.0,0
2025-11-07,3,16704.0,-0.0179565451607133,,,,,,,,,,,,,2.6848883647103357,0.5,1.0,-2.499996249460956e-07,0.21590905139463668,2.0,,,,,,,,,,,,,2.8900862664555267,0.0,1.0,-0.9999990000010001,0.09090908264462885,1.0,0
2025-11-10,2,16666.0,-0.2274904214559336,,,,,,,,,,,,,3.0334729162082374,0.0,0.0,0.0,0.0,1.0,,,,,,,,,,,,,3.530200311193687,0.0,0.0,0.0,0.0,1.0,0
2025-11-11,3,16698.0,0.1920076803072046,3.307023535677092,1.0,0.0,0.9999990000010001,0.11111109876543349,1.0,,,,,,,3.4771692853440075,0.5,0.0,0.49999950000050003,0.05555554938271674,2.0,,,,,,,,,,,,,3.4228981616749174,0.0,1.0,-0.9999990000010001,0.11111109876543349,1.0,1
2025-11-12,7,16722.0,0.1437297879985699,3.22986192660046,2.0,0.0,0.99999950000025,0.16666665277777895,1.0,,,,,,,2.659646684881655,0.0,0.2,-0.1999998000002,0.0222222197530867,5.0,,,,,,,,,,,,,2.675857737925374,0.0,1.0,-0.9999990000010001,0.11111109876543349,1.0,1
2025-11-13,5,16732.0,0.0598014591556061,,,,,,,,,,,,,3.4715663802013506,0.0,0.0,0.0,0.0,1.0,,,,,,,,,,,,,3.4970818597563706,0.5,1.0,-0.2499998750000625,0.23541662800347884,4.0,1
2025-11-14,2,16710.0,-0.1314845804446518,2.192290568487636,0.0,0.0,0.0,0.0,1.0,,,,,,,2.9817671687676186,0.0,0.0,0.0,0.0,1.0,,,,,,,,,,,,,2.9817671687676186,0.0,0.0,0.0,0.0,1.0,0
2025-11-17,5,16734.0,0.1436265709156226,2.9571359955314542,0.0,1.0,-0.9999990000010001,0.11111109876543349,1.0,,,,,,,2.9106008469772,0.25,0.25,0.0,0.060714278112245876,4.0,,,,,,,,,,,,,,,,,,,1
2025-11-18,2,16760.0,0.1553722959244607,,,,,,,,,,,,,2.6056255149336494,0.0,0.0,0.0,0.0,2.0,,,,,,,,,,,,,,,,,,,1
2025-11-19,2,16732.0,-0.1670644391408071,,,,,,,,,,,,,,,,,,,,,,,,,,,,,,,3.2318026372850435,0.5,1.5,-0.499999750000125,0.3428570824489905,2.0,0
2025-11-20,2,16742.0,0.0597657183839306,,,,,,,,,,,,,2.895933799018374,0.0,0.0,0.0,0.0,1.0,,,,,,,,,,,,,3.0419284703590406,0.0,2.0,-0.99999950000025,0.24999996875000394,1.0,1
2025-11-21,1,16719.0,-0.1373790467088742,,,,,,,,,,,,,,,,,,,,,,,,,,,,,,,3.8574739527320387,0.0,0.0,0.0,0.0,1.0,0
2025-11-24,5,16709.0,-0.059812189724262,3.6249758956603424,1.0,0.0,0.9999990000010001,0.06666666222222252,1.0,,,,,,,3.018233232872114,0.0,0.0,0.0,0.0,1.0,,,,,,,,,,,,,3.424920740999534,0.0,0.5,-0.49999950000050003,0.058441551273402836,4.0,0
2025-11-26,1,16673.0,0.0359992800144093,,,,,,,,,,,,,,,,,,,,,,,,,,,,,,,2.7255562002942186,0.0,0.0,0.0,0.0,1.0,1
2025-11-28,2,16661.0,0.1021389089161273,,,,,,,3.2791164910404103,0.0,0.0,0.0,0.0,1.0,,,,,,,,,,,,,,,,,,,3.5838382144224132,0.0,0.0,0.0,0.0,1.0,1
2025-12-01,2,16668.0,0.0420142848568616,1.8998241469525277,0.0,1.0,-0.9999990000010001,0.11111109876543349,1.0,,,,,,,3.3605792254953744,0.0,0.0,0.0,0.0,1.0,,,,,,,,,,,,,3.3605792254953744,0.0,0.0,0.0,0.0,1.0,1
2025-12-02,4,16632.0,-0.2159827213822907,,,,,,,,,,,,,3.430468536475223,0.0,1.0,-0.6666661666670833,0.08888888092592666,3.0,,,,,,,,,,,,,2.5512917855595325,0.0,0.0,0.0,0.0,1.0,0
2025-12-03,4,16632.0,0.0,2.9120900999394066,0.0,1.0,-0.9999990000010001,0.1428571224489825,1.0,,,,,,,3.3280493350877336,0.5,1.0,-0.49999950000050003,0.15340907483212984,2.0,,,,,,,,,,,,,3.0560803627185384,0.0,0.0,0.0,0.0,1.0,0
2025-12-04,7,16646.0,0.0841750841750865,2.527110794720578,0.0,0.0,0.0,0.0,1.0,,,,,,,3.0318310556756662,0.2,1.0,-0.59999950000045,0.1382539517635445,5.0,,,,,,,3.2604938202428855,0.0,1.0,-0.9999990000010001,0.11111109876543349,1.0,,,,,,,1
2025-12-05,5,16655.0,0.0540670431334877,3.5596514808574256,0.0,0.0,0.0,0.0,1.0,,,,,,,3.032599839380656,0.0,0.0,0.0,0.0,1.0,,,,,,,,,,,,,3.4976177834148054,0.3333333333333333,1.0,-0.33333316666675,0.16203701729681314,3.0,1
2025-12-08,3,16688.0,0.1981386970879572,3.3268272197276247,0.0,0.0,0.0,0.0,1.0,,,,,,,3.3268272197276247,0.0,0.0,0.0,0.0,1.0,,,,,,,,,,,,,3.4612065161877927,0.0,0.5,-0.49999950000050003,0.05555554938271674,2.0,1
2025-12-09,3,16677.0,-0.0659156279961603,3.5962054198312705,0.0,0.0,0.0,0.0,1.0,,,,,,,3.5962054198312705,0.0,0.0,0.0,0.0,1.0,,,,,,,,,,,,,3.2007124431999188,0.0,1.0,-0.9999990000010001,0.19642852997449906,2.0,0
2025-12-10,5,16688.0,0.0659591053546737,2.8574424997532883,0.0,1.0,-0.9999990000010001,0.1428571224489825,1.0,,,,,,,,,,,,,,,,,,,,,,,,,3.6686933150380616,0.25,0.5,-0.24999975000025002,0.08333332407407512,4.0,1
2025-12-11,8,16668.0,-0.1198465963566652,,,,,,,,,,,,,3.021644902285023,0.0,0.0,0.0,0.0,2.0,,,,,,,,,,,,,3.235019910790862,0.0,0.6666666666666666,-0.4999995833337083,0.08511903654549467,6.0,0
2025-12-12,3,16652.0,-0.0959923206143464,2.3544457737000126,0.0,1.0,-0.9999990000010001,0.09999999000000101,1.0,,,,,,,,,,,,,,,,,,,,,,,,,2.468764927315437,0.0,0.5,-0.49999950000050003,0.04166666319444474,2.0,0
2025-12-15,5,16669.0,0.1020898390583724,3.67054730556203,1.0,0.0,0.9999990000010001,0.08333332638888948,1.0,,,,,,,3.075691951327374,1.0,1.0,0.0,0.19999998000000202,1.0,,,,,,,,,,,,,2.941678372589896,0.0,1.0,-0.6666661666670833,0.11666665291666832,3.0,1
2025-12-16,5,16693.0,0.1439798428219951,3.5103383878233103,0.0,0.6666666666666666,-0.6666660000006667,0.08333332291666798,3.0,,,,,,,2.8522200094109773,0.5,0.0,0.49999950000050003,0.08333331944444676,2.0,,,,,,,,,,,,,,,,,,,1
2025-12-17,4,16698.0,0.0299526747738587,,,,,,,,,,,,,3.0867486198476133,0.0,0.0,0.0,0.0,2.0,,,,,,,,,,,,,3.6399329546634354,0.5,1.0,-2.499996249460956e-07,0.21428568367347373,2.0,1
2025-12-18,6,16722.0,0.1437297879985699,,,,,,,,,,,,,3.157996179762716,0.0,0.0,0.0,0.0,1.0,3.4024668185856273,1.0,0.0,0.9999990000010001,0.11111109876543349,1.0,,,,,,,3.56344405305408,0.2,0.6,-0.3999996000004,0.08311687407657381,5.0,1
2025-12-19,12,16735.0,0.0777418969022836,3.2850685205059866,0.0,0.0,0.0,0.0,2.0,,,,,,,3.343663878985189,0.5,0.5,0.0,0.16666663888889352,2.0,,,,,,,,,,,,,3.1329976469439376,0.1111111111111111,0.6666666666666666,-0.3333330740743087,0.09343433001607217,9.0,1
2025-12-22,3,16773.0,0.2270690170301792,3.4062929926569483,0.0,0.0,0.0,0.0,1.0,,,,,,,,,,,,,3.4062929926569483,0.0,0.0,0.0,0.0,1.0,,,,,,,3.645771133864004,0.0,1.0,-0.499999750000125,0.09999999000000101,2.0,1
2025-12-23,2,16790.0,0.101353365527923,,,,,,,,,,,,,2.726437247042195,0.0,2.0,-0.99999950000025,0.1818181652892577,1.0,,,,,,,,,,,,,3.069093174559684,0.0,0.0,0.0,0.0,1.0,1
2025-12-24,4,16767.0,-0.136986301369868,,,,,,,,,,,,,3.0712134658008203,0.0,0.0,0.0,0.0,2.0,,,,,,,,,,,,,2.8184301361316204,0.0,0.0,0.0,0.0,2.0,0
2025-12-29,4,16788.0,0.1252460189658188,2.359001566791664,0.0,1.0,-0.9999990000010001,0.16666663888889352,1.0,,,,,,,3.061511113534355,0.3333333333333333,0.3333333333333333,0.0,0.0703703629218115,3.0,,,,,,,,,,,,,,,,,,,1
2025-12-30,1,16782.0,-0.0357398141529685,,,,,,,,,,,,,,,,,,,,,,,,,,,,,,,3.9995430719140357,0.0,0.0,0.0,0.0,1.0,0
2025-12-31,3,16720.0,-0.3694434513168865,2.8962829902068172,0.0,1.0,-0.9999990000010001,0.12499998437500197,1.0,2.385793560957452,0.0,0.0,0.0,0.0,1.0,,,,,,,,,,,,,,,,,,,2.893101693244928,0.0,1.0,-0.9999990000010001,0.12499998437500197,1.0,0
2026-01-02,2,16725.0,0.0299043062200965,3.47972705573355,0.0,0.0,0.0,0.0,1.0,,,,,,,3.0999686484694644,0.0,0.5,-0.49999950000050003,0.099999980000004,2.0,,,,,,,,,,,,,,,,,,,1
2026-01-05,5,16748.0,0.1375186846038767,2.8882754528815786,0.0,0.0,0.0,0.0,2.0,,,,,,,2.7554773407296933,0.0,0.5,-0.49999950000050003,0.07142856122449125,2.0,,,,,,,,,,,,,2.3452708245678675,0.0,1.0,-0.9999990000010001,0.16666663888889352,1.0,1
2026-01-06,7,16762.0,0.0835920706950155,2.842950104336108,0.0,1.1666666666666667,-0.8333326666672499,0.13630950759566524,6.0,,,,,,,,,,,,,,,,,,,2.700147741625498,0.0,2.0,-0.99999950000025,0.19999998000000202,1.0,3.033353658839557,0.0,1.0,-0.9999990000010001,0.11111109876543349,1.0,1
2026-01-07,4,16785.0,0.1372151294595003,2.639423681286159,0.0,0.0,0.0,0.0,3.0,,,,,,,3.4809288779171865,0.0,0.0,0.0,0.0,1.0,,,,,,,,,,,,,,,,,,,1
2026-01-08,5,16801.0,0.0953232052427699,3.389269607677411,0.0,1.5,-0.999999250000625,0.17499997937500247,2.0,2.5528959510251603,0.0,1.0,-0.9999990000010001,0.11111109876543349,1.0,,,,,,,,,,,,,,,,,,,2.9236228599112213,0.5,0.0,0.49999950000050003,0.08333331944444676,2.0,1
2026-01-09,9,16834.0,0.1964168799476251,2.8898438426805106,0.0,0.6666666666666666,-0.6666660000006667,0.12222219962963383,3.0,,,,,,,2.9352020011076005,0.0,0.25,-0.24999975000025002,0.031249996093750492,4.0,,,,,,,,,,,,,3.7169026287487634,0.5,0.5,0.0,0.09999999000000101,2.0,1
2026-01-12,7,16853.0,0.1128668171557656,2.0626457432139915,0.0,0.0,0.0,0.0,4.0,,,,,,,3.295706475366932,0.0,0.0,0.0,0.0,2.0,3.1759178798166467,0.0,1.0,-0.9999990000010001,0.09999999000000101,1.0,,,,,,,,,,,,,1
2026-01-13,6,16875.0,0.1305405565774631,3.064942757905161,0.0,1.0,-0.9999990000010001,0.12499998437500197,1.0,,,,,,,3.427753345744871,0.0,0.5,-0.49999950000050003,0.03571428316326549,2.0,,,,,,,,,,,,,3.4189341867613017,0.0,0.0,0.0,0.0,3.0,1
2026-01-14,8,16871.0,-0.0237037037037035,,,,,,,,,,,,,2.9326510014685168,0.0,0.0,0.0,0.0,2.0,3.5693250481201813,0.0,2.0,-0.99999950000025,0.19999998000000202,1.0,,,,,,,3.1125037586375432,0.0,0.6,-0.5999994000006,0.10714283647959613,5.0,0
2026-01-15,8,16880.0,0.0533459783059742,3.191492781449443,0.5,1.5,-0.6666661111116297,0.21969694341139007,2.0,,,,,,,3.281682503203841,0.0,0.5,-0.49999950000050003,0.04166666319444474,2.0,,,,,,,,,,,,,3.3639714170591444,0.0,0.25,-0.24999975000025002,0.031249996093750492,4.0,1
2026-01-19,14,16935.0,0.3258293838862558,3.1688711369830864,0.0,1.0,-0.499999750000125,0.09999999000000101,2.0,,,,,,,3.2344107647051166,0.0,0.625,-0.4999995625004063,0.071874991640626,8.0,,,,,,,,,,,,,3.428661388160508,0.0,0.25,-0.24999975000025002,0.02777777469135837,4.0,1
2026-01-20,12,16981.0,0.2716268083849948,3.568110429274333,0.0,1.0,-0.9999990000010001,0.11805554157021772,2.0,,,,,,,3.4401132444865237,0.08333333333333333,1.0,-0.7499993055562316,0.12563430364239594,12.0,,,,,,,,,,,,,,,,,,,1
2026-01-21,18,16963.0,-0.1060008244508581,3.251602582391921,0.25,0.75,-0.2499998750000625,0.1287878607667612,4.0,,,,,,,3.278587925703437,0.09090909090909091,0.6363636363636364,-0.4545450454549318,0.0965728583742918,11.0,2.8502905756541654,0.0,0.0,0.0,0.0,2.0,,,,,,,2.8113509846058005,0.0,0.0,0.0,0.0,3.0,0
2026-01-22,12,16902.0,-0.3596062017331869,,,,,,,,,,,,,3.1925307463502555,0.2222222222222222,0.5555555555555556,-0.22222205555569444,0.10493825711591426,9.0,2.777872150057933,0.0,0.0,0.0,0.0,1.0,,,,,,,3.057600397840137,0.0,1.0,-0.499999750000125,0.16666663888889352,2.0,0
2026-01-23,7,16838.0,-0.3786534137971808,,,,,,,,,,,,,3.2667664819012785,0.25,0.25,0.0,0.03333333111111126,4.0,,,,,,,,,,,,,3.317913942553061,0.3333333333333333,0.0,0.33333300000033333,0.03703703292181116,3.0,0
2026-01-26,4,16779.0,-0.3503979094904408,2.8485104912546215,0.0,0.0,0.0,0.0,1.0,,,,,,,3.2666548413395535,0.0,0.6666666666666666,-0.6666660000006667,0.12222219962963383,3.0,,,,,,,,,,,,,,,,,,,0
2026-01-27,10,16801.0,0.1311162762977602,,,,,,,,,,,,,3.7350209878920855,0.0,1.0,-0.49999969444467124,0.09027776938657489,6.0,3.3935348506632077,0.0,0.0,0.0,0.0,1.0,,,,,,,3.647236796188295,0.3333333333333333,0.3333333333333333,0.0,0.05555555092592632,3.0,1
2026-01-28,7,16723.0,-0.4642580798762008,,,,,,,,,,,,,2.9758262092496137,0.0,0.5,-0.49999950000050003,0.062499992187500984,2.0,,,,,,,2.572383638306204,0.0,1.0,-0.9999990000010001,0.09999999000000101,1.0,2.975165057891085,0.0,0.0,0.0,0.0,4.0,0
2026-01-29,5,16786.0,0.3767266638760924,3.159987247345815,0.5,0.0,0.49999950000050003,0.04166666319444474,2.0,,,,,,,,,,,,,,,,,,,,,,,,,3.0118325541119795,0.3333333333333333,0.3333333333333333,0.0,0.09722220775463182,3.0,1
2026-01-30,5,16796.0,0.0595734540688619,3.354745880908549,0.0,0.0,0.0,0.0,1.0,,,,,,,3.736816149174911,0.75,0.5,0.24999975000025002,0.14136903049709687,4.0,,,,,,,,,,,,,,,,,,,1
2026-02-02,6,16800.0,0.0238151940938236,,,,,,,,,,,,,,,,,,,,,,,,,,,,,,,3.2861060408635745,0.6666666666666666,0.0,0.4999995833337083,0.07263106441727894,6.0,1
2026-02-03,5,16777.0,-0.1369047619047658,,,,,,,,,,,,,3.0277989705915296,0.0,0.0,0.0,0.0,2.0,,,,,,,,,,,,,3.1606817356185246,0.0,0.3333333333333333,-0.33333300000033333,0.05555554629629784,3.0,0
2026-02-04,2,16775.0,-0.0119210824342852,2.516650209377524,0.0,0.5,-0.49999950000050003,0.08333331944444676,2.0,,,,,,,2.1403176858722746,0.0,1.0,-0.9999990000010001,0.16666663888889352,1.0,,,,,,,,,,,,,,,,,,,0
2026-02-05,2,16826.0,0.3040238450074506,2.870252092521561,0.0,1.0,-0.9999990000010001,0.12499998437500197,1.0,,,,,,,,,,,,,,,,,,,,,,,,,3.2276052184561714,0.0,0.0,0.0,0.0,1.0,1
2026-02-06,5,16887.0,0.3625341733032305,3.0425827907810215,0.0,1.0,-0.499999750000125,0.09999999000000101,2.0,,,,,,,3.409316293014682,0.5,0.0,0.49999950000050003,0.07142856122449125,2.0,,,,,,,,,,,,,4.0244347331702475,0.0,0.0,0.0,0.0,2.0,1
2026-02-09,2,16838.0,-0.2901640315035259,,,,,,,,,,,,,4.098042307350589,1.0,0.0,0.9999990000010001,0.07692307100591762,1.0,,,,,,,,,,,,,3.416255085778115,0.0,1.0,-0.9999990000010001,0.08333332638888948,1.0,0
2026-02-11,5,16781.0,-0.1071492350735114,,,,,,,,,,,,,2.7738871351402383,0.0,1.0,-0.9999990000010001,0.1428571224489825,1.0,,,,,,,2.7909475890424162,0.0,2.0,-0.99999950000025,0.24999996875000394,1.0,3.2561844777750406,0.3333333333333333,0.6666666666666666,-0.33333300000033333,0.1285714116326553,3.0,0
2026-02-12,5,16826.0,0.2681604195220677,,,,,,,,,,,,,2.954460384245654,0.0,0.0,0.0,0.0,5.0,,,,,,,,,,,,,,,,,,,1
2026-02-13,10,16844.0,0.1069772970403004,,,,,,,,,,,,,3.069113722555297,0.16666666666666666,0.6666666666666666,-0.33333308333354167,0.09346439514644594,6.0,,,,,,,,,,,,,3.531714544933587,0.0,0.25,-0.24999975000025002,0.02777777469135837,4.0,1
2026-02-18,15,16884.0,0.2374732842555182,3.1181113861560847,0.0,0.5,-0.49999950000050003,0.03571428316326549,2.0,,,,,,,2.792779661855545,0.0,0.0,0.0,0.0,2.0,3.136610421762269,0.5,1.0,-2.499996249460956e-07,0.16233764386912009,2.0,,,,,,,3.0421870524142527,0.1111111111111111,0.3333333333333333,-0.22222200000022224,0.07539681164966255,9.0,1
2026-02-19,3,16925.0,0.2428334517886821,3.7083157431313625,0.0,1.0,-0.9999990000010001,0.08333332638888948,1.0,,,,,,,3.576650542699138,0.0,1.0,-0.9999990000010001,0.09090908264462885,1.0,3.7083157431313625,0.0,1.0,-0.9999990000010001,0.08333332638888948,1.0,,,,,,,3.064612879927756,0.0,0.5,-0.49999950000050003,0.045454541322314426,2.0,1
2026-02-20,10,16885.0,-0.2363367799113724,2.837916205363587,0.0,0.0,0.0,0.0,1.0,,,,,,,3.4154625405240124,0.2857142857142857,0.2857142857142857,0.0,0.06031745393298128,7.0,3.312282236682003,0.0,0.0,0.0,0.0,1.0,,,,,,,3.0717628762537,0.0,0.0,0.0,0.0,1.0,0
2026-02-23,33,16818.0,-0.3968018951732266,3.161243158093987,0.3333333333333333,1.3333333333333333,-0.6666661666670833,0.22023806600765697,3.0,,,,,,,3.3240625199829443,0.10344827586206896,0.20689655172413793,-0.06896546551728448,0.03589341264068375,29.0,,,,,,,,,,,,,3.0632714662464724,0.0,0.0,0.0,0.0,1.0,0
2026-02-24,17,16830.0,0.071352122725643,3.003396333920971,0.0,0.5,-0.49999950000050003,0.05555554938271674,2.0,,,,,,,3.355657620574751,0.14285714285714285,0.5,-0.21428557142867857,0.07417799568329889,14.0,4.172568106495862,0.0,1.0,-0.9999990000010001,0.09999999000000101,1.0,,,,,,,,,,,,,1
2026-02-25,5,16813.0,-0.1010101010101016,,,,,,,,,,,,,3.373209495953678,0.0,0.25,-0.24999975000025002,0.03571428061224562,4.0,,,,,,,,,,,,,3.12029366855112,0.0,1.0,-0.9999990000010001,0.11111109876543349,1.0,0
2026-02-26,2,16758.0,-0.3271278177600645,2.8857698350657084,0.0,1.0,-0.9999990000010001,0.12499998437500197,1.0,,,,,,,3.7502463903859424,0.0,0.0,0.0,0.0,1.0,,,,,,,,,,,,,,,,,,,0
2026-02-27,6,16779.0,0.1253132832080172,3.110986423165969,0.0,1.75,-0.7499995833336389,0.15773807925878872,4.0,,,,,,,3.2057314563497403,0.0,0.0,0.0,0.0,1.0,,,,,,,,,,,,,4.218785020794281,0.0,1.0,-0.9999990000010001,0.16666663888889352,1.0,1
2026-03-02,13,16848.0,0.4112283211156864,3.1539340643128395,0.0,0.9166666666666666,-0.4999996527780672,0.12037336008610516,12.0,,,,,,,3.3189842470841193,0.0,0.0,0.0,0.0,1.0,3.3635966889142432,0.0,0.5,-0.49999950000050003,0.045454541322314426,2.0,,,,,,,,,,,,,1
2026-03-03,19,16870.0,0.1305792972459585,3.2910755631290787,0.05263157894736842,0.8421052631578947,-0.6315783947373553,0.12667082298833637,19.0,,,,,,,,,,,,,3.57038028144116,0.0,1.0,-0.6666661666670833,0.1285714116326553,3.0,,,,,,,2.860601331091159,0.0,2.0,-0.99999950000025,0.24999996875000394,1.0,1
2026-03-04,24,16911.0,0.2430349733254289,3.4576332137823087,0.09090909090909091,0.8636363636363636,-0.5909085757580581,0.10058210909603765,22.0,,,,,,,3.441561111011957,0.0,0.0,0.0,0.0,1.0,3.6597864474893886,0.25,1.5,-0.7499994166671945,0.1694444278858041,4.0,,,,,,,3.8984712755430118,0.0,1.3333333333333333,-0.6666662222225926,0.13333332000000134,3.0,1
2026-03-05,18,16886.0,-0.147832771568801,3.3828236792133253,0.06666666666666667,0.6666666666666666,-0.4666662444448519,0.07572389755914456,15.0,,,,,,,3.7051902135579935,0.0,0.0,0.0,0.0,2.0,3.467483533239583,0.0,1.0,-0.9999990000010001,0.08333332638888948,1.0,2.5175789930570907,0.0,1.0,-0.9999990000010001,0.12499998437500197,1.0,,,,,,,0
2026-03-06,25,16919.0,0.1954281653440803,3.209052748651787,0.041666666666666664,1.0416666666666667,-0.6666661388893566,0.12653455969003044,24.0,,,,,,,4.230279901516396,0.0,1.0,-0.9999990000010001,0.09999999000000101,1.0,3.843696880364785,0.0,2.0,-0.99999950000025,0.15384614201183525,1.0,,,,,,,4.154283057897913,0.0,3.0,-0.9999996666667778,0.21428569897959293,1.0,1
2026-03-09,32,16974.0,0.325078314321181,3.2210145682197098,0.04,0.44,-0.31999972000026,0.05336407427002731,25.0,,,,,,,3.1375669007197815,0.0,0.3333333333333333,-0.33333300000033333,0.03703703292181116,3.0,3.3263884843347706,0.16666666666666666,0.8333333333333334,-0.3333331111112963,0.11144779838315981,6.0,,,,,,,3.4258979646568384,0.0,1.3333333333333333,-0.9999991666674166,0.16388886775463252,3.0,1
2026-03-10,21,16879.0,-0.5596795098385732,3.387639785062844,0.05555555555555555,1.1111111111111112,-0.6666661944448194,0.13810524183165615,18.0,,,,,,,2.7529846849397326,0.0,2.0,-0.99999950000025,0.285714244897965,1.0,3.4688728410080216,0.0,0.8,-0.59999950000045,0.0907936402428836,5.0,,,,,,,2.426740123824279,0.0,0.0,0.0,0.0,1.0,0
2026-03-11,19,16867.0,-0.071094259138571,3.182945307183384,0.11764705882352941,0.29411764705882354,-0.17647041176488237,0.049932087667720226,17.0,,,,,,,3.1856840686369337,1.0,0.0,0.9999990000010001,0.11111109876543349,1.0,3.008092502324119,0.0,0.3333333333333333,-0.33333300000033333,0.03703703292181116,3.0,,,,,,,3.0616085169294074,0.0,0.5,-0.49999950000050003,0.07142856122449125,2.0,0
2026-03-12,22,16899.0,0.1897195707594612,3.3614430356335916,0.0,0.75,-0.6249994375005312,0.09077830745798539,16.0,,,,,,,3.1257284914515022,0.0,0.5,-0.49999950000050003,0.12499996875000781,2.0,3.3095506358463287,0.0,0.6666666666666666,-0.6666660000006667,0.06734006047002078,3.0,,,,,,,3.3271100920128562,0.14285714285714285,0.5714285714285714,-0.42857100000042864,0.10714283895502995,7.0,1
2026-03-13,23,16934.0,0.2071128469140148,3.111797091619054,0.3333333333333333,0.6111111111111112,-0.3333329907410818,0.12328040653754331,18.0,,,,,,,2.699954302457512,0.0,0.3333333333333333,-0.33333300000033333,0.04166666145833399,3.0,,,,,,,,,,,,,3.0916105821355195,0.75,0.25,1.6666644442331346e-07,0.12499998437500197,4.0,1
2026-03-16,31,16990.0,0.3306956419038664,2.9794947793678075,0.07692307692307693,0.7692307692307693,-0.4999995961542019,0.10128150459382687,26.0,,,,,,,2.801684521786536,0.0,0.0,0.0,0.0,2.0,3.1950998171911973,0.0,1.0,-0.6666661666670833,0.12037035583847915,3.0,,,,,,,3.2181529346212625,0.0,0.0,0.0,0.0,1.0,1
2026-03-17,12,16982.0,-0.0470865214832305,3.5587654829618924,0.09090909090909091,1.0909090909090908,-0.666666126263117,0.11992652585506244,11.0,,,,,,,,,,,,,,,,,,,,,,,,,3.948182716629842,0.0,0.0,0.0,0.0,2.0,0
2026-03-25,107,16905.0,-0.453421269579557,3.303002301971799,0.175,0.825,-0.41249969270859177,0.11538536443543279,80.0,1.9281299476096807,0.0,1.0,-0.9999990000010001,0.11111109876543349,1.0,2.446068066122088,0.0,0.6,-0.39999970000025,0.062222215753087104,5.0,3.47785703463083,0.25,0.875,-0.4999995625004063,0.13919550679526202,8.0,,,,,,,3.3154668545044736,0.03225806451612903,0.5806451612903226,-0.48387051612946774,0.07791973895249106,31.0,0
2026-03-26,18,16903.0,-0.0118308192842309,3.160781219973263,0.0,0.47058823529411764,-0.35294088235320586,0.05588234602491085,17.0,,,,,,,3.004659833275756,0.0,0.0,0.0,0.0,1.0,3.08882347218498,0.0,1.5,-0.999999250000625,0.17142855122449224,2.0,,,,,,,3.8234429784967654,0.0,0.0,0.0,0.0,1.0,0
2026-03-27,21,16957.0,0.3194699165828485,3.1622226966744136,0.1111111111111111,0.5555555555555556,-0.2777775648150016,0.07450819921473076,18.0,,,,,,,3.416343167911119,0.0,2.0,-0.99999950000025,0.15384614201183525,1.0,2.831606848790229,0.0,1.5,-0.4999998333333889,0.18749997656250295,2.0,,,,,,,3.2336659568837867,0.14285714285714285,0.5714285714285714,-0.42857100000042864,0.0864512363467557,7.0,1
2026-03-30,22,16993.0,0.2123017043109021,3.265178748262106,0.1,0.75,-0.4499996333336639,0.0987950820151134,20.0,,,,,,,,,,,,,3.180886453117245,0.0,0.5,-0.49999950000050003,0.060714278112245876,4.0,,,,,,,3.184655317667328,0.0,0.5,-0.49999950000050003,0.07142856122449125,4.0,1
2026-03-31,14,16999.0,0.0353086565056282,3.572631198900145,0.2,0.5,-0.199999850000125,0.09242422877835392,10.0,,,,,,,,,,,,,,,,,,,,,,,,,3.6476166053029866,0.0,0.75,-0.7499992500007501,0.08749998968750124,4.0,1
2026-04-01,22,17002.0,0.0176480969468872,3.485172877579868,0.35,0.35,0.0,0.0877416908848979,20.0,,,,,,,,,,,,,,,,,,,,,,,,,3.333746235224474,0.25,0.75,-0.2499998750000625,0.09545453632231493,4.0,1
2026-04-02,16,17015.0,0.0764615927537848,3.2676239646050886,0.0625,0.625,-0.37499971875023436,0.07981375310751651,16.0,,,,,,,,,,,,,2.978819984335758,0.0,1.5,-0.999999250000625,0.15555553938271777,2.0,,,,,,,,,,,,,1
2026-04-06,20,17037.0,0.129297678518947,3.284577367206791,0.125,0.5,-0.3124997187502656,0.08253967050124987,16.0,,,,,,,2.930776957301112,0.5,1.0,-0.16666661111112963,0.18749997656250295,2.0,2.9212899527448846,0.0,0.5,-0.49999950000050003,0.08333331944444676,2.0,,,,,,,2.870009212992288,0.0,2.0,-0.99999950000025,0.16666665277777895,1.0,1
2026-04-07,7,17092.0,0.3228267887538827,3.646206599328302,0.0,0.42857142857142855,-0.42857100000042864,0.04444443982363365,7.0,,,,,,,,,,,,,,,,,,,,,,,,,,,,,,,1
2026-04-08,22,17009.0,-0.4856073016615947,3.441985250139054,0.14285714285714285,0.6190476190476191,-0.3015870661377756,0.075957235764574,21.0,,,,,,,,,,,,,3.46213876336804,0.0,0.3333333333333333,-0.33333300000033333,0.02777777546296316,3.0,,,,,,,4.273617084633157,0.5,1.5,-0.6666661111116297,0.15384614201183525,2.0,0
2026-04-09,28,17082.0,0.4291845493562318,3.2102070975705437,0.25,0.6428571428571429,-0.35714251785747325,0.09379508370301247,28.0,,,,,,,3.413368943741478,0.0,1.0,-0.9999990000010001,0.11249998718750148,2.0,3.2274089305576887,0.0,0.0,0.0,0.0,1.0,,,,,,,3.453058416540532,0.5,1.0,-0.49999950000050003,0.162499982187502,2.0,1
2026-04-10,16,17112.0,0.175623463294694,3.3101285224561248,0.0,0.38461538461538464,-0.2307690512822137,0.03919413446188797,13.0,,,,,,,,,,,,,,,,,,,,,,,,,3.347148607890014,0.0,0.25,-0.24999975000025002,0.031249996093750492,4.0,1
2026-04-13,25,17122.0,0.0584385226741535,3.202184805470417,0.13636363636363635,1.0,-0.5454541098488791,0.13602746493945367,22.0,,,,,,,3.560617156554508,0.0,1.0,-0.9999990000010001,0.09999999000000101,1.0,3.2337781404346817,0.0,2.5,-0.9999993750005313,0.22727270661157212,2.0,,,,,,,3.46560167208271,0.0,0.6,-0.5999994000006,0.10999997750000493,5.0,1
2026-04-14,13,17135.0,0.0759257096133669,3.0707266717412414,0.09090909090909091,0.36363636363636365,-0.18181804545465907,0.04228649742528629,11.0,,,,,,,3.2460040886495403,1.0,0.0,0.9999990000010001,0.11111109876543349,1.0,3.724666106877155,0.0,0.0,0.0,0.0,1.0,,,,,,,2.9875586056594106,1.0,0.0,0.9999990000010001,0.199999960000008,1.0,1
2026-04-15,11,17141.0,0.0350160490224737,3.223058137484321,0.2727272727272727,0.45454545454545453,-9.090895452585296e-08,0.09329658925749894,11.0,,,,,,,,,,,,,,,,,,,,,,,,,3.4783170537232366,1.0,0.0,0.9999990000010001,0.199999960000008,1.0,1
2026-04-16,18,17142.0,0.0058339653462358,3.112816275088745,0.1875,0.375,-0.1458332013890162,0.0839285584863966,16.0,,,,,,,3.0101928135381595,0.0,0.0,0.0,0.0,1.0,,,,,,,,,,,,,3.272195160934448,0.0,1.0,-0.499999750000125,0.09999999000000101,2.0,1
2026-04-17,15,17189.0,0.274180375685451,3.137919007901416,0.14285714285714285,0.7142857142857143,-0.35714258333357346,0.10909862477941981,14.0,,,,,,,,,,,,,3.4992133803499526,0.0,0.0,0.0,0.0,1.0,,,,,,,3.44334877427713,0.0,3.0,-0.9999996666667778,0.3749999531250059,1.0,1
2026-04-20,14,17176.0,-0.0756297632206637,3.082068025997106,0.14285714285714285,0.5,-0.28571403571451787,0.08793288714904947,14.0,,,,,,,,,,,,,3.6420065363122633,0.0,1.0,-0.9999990000010001,0.09090908264462885,1.0,,,,,,,3.240112729992666,0.0,0.5,-0.49999950000050003,0.08333331944444676,2.0,0
2026-04-21,12,17142.0,-0.1979506287843491,3.274531050945026,0.0,0.8181818181818182,-0.636363090909591,0.09440835814238038,11.0,,,,,,,2.5825491312599347,0.0,0.0,0.0,0.0,1.0,3.0384288389893106,0.0,0.0,0.0,0.0,1.0,,,,,,,,,,,,,0
2026-04-22,18,17179.0,0.2158441255396104,3.197628416791999,0.13333333333333333,0.26666666666666666,-0.13333320000013335,0.052777770563272625,15.0,,,,,,,3.214282593018932,0.0,0.5,-0.2499998750000625,0.03571428316326549,4.0,,,,,,,,,,,,,3.8132891987941333,0.0,0.0,0.0,0.0,1.0,1
2026-04-23,16,17308.0,0.7509168170440672,3.1686638152061906,0.07142857142857142,0.42857142857142855,-0.3571425000003572,0.0565785339832082,14.0,,,,,,,,,,,,,,,,,,,,,,,,,3.3996084253570853,0.5,0.0,0.49999950000050003,0.049999995000000505,2.0,1
2026-04-24,13,17278.0,-0.1733302519066337,2.9967536979558016,0.16666666666666666,0.5833333333333334,-0.2916664062502526,0.08842591522505279,12.0,,,,,,,,,,,,,3.5232339205552905,0.0,1.0,-0.9999990000010001,0.1428571224489825,1.0,,,,,,,3.563351589199135,0.0,1.0,-0.9999990000010001,0.16666663888889352,1.0,0
2026-04-27,13,17227.0,-0.2951730524366258,3.2906498429267743,0.1,0.7,-0.49999955000042495,0.08801086738443145,10.0,,,,,,,3.6659193718710252,0.0,2.0,-0.99999950000025,0.13942306709966787,2.0,,,,,,,,,,,,,3.4820446904426694,0.0,0.0,0.0,0.0,2.0,0
2026-04-28,8,17245.0,0.1044871422766657,3.242809311483871,0.6,0.2,0.19999990000005,0.07929292131287706,5.0,,,,,,,3.9079128644752994,0.0,0.0,0.0,0.0,1.0,3.6809203823375505,1.0,0.5,0.16666661111112963,0.1499999850000015,2.0,,,,,,,4.245137996192041,0.0,1.0,-0.9999990000010001,0.09090908264462885,1.0,1
2026-04-29,17,17324.0,0.4581037982023694,3.0891722811669835,0.0,0.2857142857142857,-0.28571400000028574,0.03809523269841351,7.0,2.889500652243452,0.0,1.0,-0.9999990000010001,0.09999999000000101,1.0,,,,,,,3.2764632967094265,0.16666666666666666,0.6666666666666666,-0.33333308333354167,0.09761903581632801,6.0,,,,,,,3.053565895481497,0.0,0.25,-0.24999975000025002,0.024999997500000253,4.0,1
2026-04-30,15,17378.0,0.3117063033941436,3.117787336275191,0.25,1.375,-0.49999966250028627,0.17182537789041066,8.0,,,,,,,3.2320931867983305,0.0,0.0,0.0,0.0,1.0,2.823785442741461,0.3333333333333333,0.3333333333333333,0.0,0.08095237081632783,3.0,,,,,,,3.4828029636123503,0.4,0.6,-0.1999998000002,0.1321428396045942,5.0,1
2026-05-04,26,17368.0,-0.0575440211762035,3.3250827534891556,0.0,0.6666666666666666,-0.5555550555560278,0.07290563560887771,18.0,,,,,,,2.830201739535408,0.2,0.2,0.0,0.0733333197777803,5.0,2.9743498052763906,0.0,0.0,0.0,0.0,1.0,,,,,,,3.2477304410869188,0.0,1.25,-0.7499994166671945,0.14943179807722412,4.0,0
2026-05-05,8,17425.0,0.3281897742975603,3.172646697980791,0.14285714285714285,0.8571428571428571,-0.42857109523839687,0.12397957526057092,7.0,,,,,,,,,,,,,,,,,,,,,,,,,3.4611083192940524,0.0,1.0,-0.9999990000010001,0.1428571224489825,1.0,1
2026-05-06,11,17405.0,-0.1147776183644144,3.1182866722979603,0.0,0.6,-0.49999955000042495,0.060833327076389554,10.0,,,,,,,,,,,,,,,,,,,,,,,,,3.177575373264628,0.0,0.0,0.0,0.0,1.0,0
2026-05-07,7,17362.0,-0.2470554438379735,3.411668660445013,0.6,0.8,0.06666651111129632,0.15705126408544479,5.0,,,,,,,2.9330033569495013,0.0,0.0,0.0,0.0,1.0,,,,,,,,,,,,,3.9187610791611838,0.0,0.0,0.0,0.0,1.0,0
2026-05-08,17,17375.0,0.0748761663402763,3.2287374664845223,0.16666666666666666,0.75,-0.33333312500014584,0.10439813620692011,12.0,,,,,,,3.5749200647129413,0.5,0.75,-0.24999975000025002,0.144742046397355,4.0,,,,,,,,,,,,,3.7133219593254574,0.0,1.0,-0.9999990000010001,0.1428571224489825,1.0,1
2026-05-11,13,17415.0,0.2302158273381316,3.3609468285332182,0.1,0.6,-0.19999991666670275,0.07679292071796981,10.0,2.90489203285169,0.0,0.0,0.0,0.0,1.0,2.6765391588799923,0.0,0.0,0.0,0.0,1.0,,,,,,,,,,,,,3.5418482044508752,0.0,0.6666666666666666,-0.6666660000006667,0.08928570227466148,3.0,1
2026-05-12,13,17514.0,0.568475452196382,3.239349009463437,0.0,0.5,-0.49999950000050003,0.049715904038611064,8.0,,,,,,,3.3530500435752413,0.0,0.0,0.0,0.0,1.0,3.6074671724214675,0.0,2.0,-0.99999950000025,0.1818181652892577,1.0,,,,,,,3.3460951843196356,0.3333333333333333,0.0,0.33333300000033333,0.04166666145833399,3.0,1
2026-05-13,13,17496.0,-0.1027749229188024,2.949119179765831,0.25,0.25,0.0,0.09374998046875439,4.0,,,,,,,3.2880220428190814,0.0,0.5,-0.49999950000050003,0.05555554938271674,2.0,,,,,,,,,,,,,3.0418401914621933,0.125,0.125,0.0,0.09374996093751757,8.0,0
2026-05-18,34,17666.0,0.971650663008683,3.0720821289556186,0.09090909090909091,0.6363636363636364,-0.27272710606072975,0.08748195187597475,11.0,3.081060365802437,0.0,0.0,0.0,0.0,2.0,3.6514538590038335,0.0,0.5,-0.49999950000050003,0.049999995000000505,2.0,3.561305335901075,0.0,1.3333333333333333,-0.6666662222225926,0.13257574410296286,3.0,,,,,,,3.0038197778250226,0.3333333333333333,0.2222222222222222,0.11111100000011112,0.09018957740243334,18.0,1
2026-05-19,7,17719.0,0.3000113211819366,3.367581390318117,0.0,1.3333333333333333,-0.8333327500004583,0.14168468833077208,6.0,,,,,,,,,,,,,,,,,,,,,,,,,3.380532758535752,0.0,1.0,-0.499999750000125,0.08333332638888948,2.0,1
2026-05-20,13,17685.0,-0.1918844178565359,3.2482147217654727,0.2,0.9,-0.29999986666672773,0.1203643443327663,10.0,3.1087357690872803,0.0,3.0,-0.9999996666667778,0.299999970000003,1.0,2.6979489966934365,0.0,0.0,0.0,0.0,1.0,,,,,,,,,,,,,3.321167725225628,0.5,1.0,-2.499996249460956e-07,0.24999995833334027,2.0,0
2026-05-21,8,17673.0,-0.0678541136556409,3.1380870572876955,0.0,0.5,-0.33333308333354167,0.05555554938271675,6.0,,,,,,,3.4802858582254204,1.0,1.0,0.0,0.1818181652892577,1.0,,,,,,,,,,,,,2.8616467361453335,0.0,0.0,0.0,0.0,2.0,0
2026-05-22,5,17717.0,0.2489673513268897,3.0084935310228738,0.25,0.25,0.0,0.058441551273402836,4.0,,,,,,,,,,,,,,,,,,,,,,,,,3.7077363379976687,0.0,1.0,-0.9999990000010001,0.16666663888889352,1.0,1
2026-05-25,13,17743.0,0.1467517073996616,3.274803743242716,0.14285714285714285,0.5714285714285714,-0.42857100000042864,0.08923931967689273,7.0,,,,,,,2.7019439679865522,0.0,0.0,0.0,0.0,1.0,,,,,,,,,,,,,3.338571572230297,0.16666666666666666,0.3333333333333333,-0.16666650000016667,0.06296295460905467,6.0,1
2026-05-26,1,17789.0,0.2592571718424086,,,,,,,,,,,,,2.5108604368364844,0.0,1.0,-0.9999990000010001,0.11111109876543349,1.0,,,,,,,,,,,,,,,,,,,1
2026-05-29,26,17883.0,0.5284164371240685,3.3208533320073768,0.2222222222222222,0.6111111111111112,-0.22222208333343055,0.08946607942371983,18.0,,,,,,,,,,,,,,,,,,,,,,,,,3.3758623344431373,0.0,0.5454545454545454,-0.4545450454549318,0.05566150442838913,11.0,1
2026-06-02,21,17863.0,-0.1118380584913092,3.0496685769705256,0.1111111111111111,0.3888888888888889,-0.2777775000002778,0.062239449860796374,18.0,,,,,,,3.0252794428607683,0.0,1.0,-0.9999990000010001,0.12499998437500197,1.0,,,,,,,,,,,,,3.29857534922888,0.0,0.75,-0.7499992500007501,0.08779760830321848,4.0,0
2026-06-03,9,17931.0,0.3806751385545537,3.2279271355811594,0.2,0.6,-0.19999990000005,0.07777777006172919,5.0,,,,,,,2.9016225710301358,0.0,1.0,-0.9999990000010001,0.09090908264462885,1.0,,,,,,,2.372173985191813,0.0,0.0,0.0,0.0,1.0,3.290447064962745,0.0,0.0,0.0,0.0,3.0,1
2026-06-04,4,18039.0,0.6023088505939356,3.278954659749479,0.0,1.5,-0.7499995416670069,0.17083331376157634,4.0,,,,,,,3.3747740128240338,0.0,1.0,-0.9999990000010001,0.09999999000000101,1.0,,,,,,,,,,,,,,,,,,,1
2026-06-05,4,18039.0,0.0,3.086300397832275,0.0,0.3333333333333333,-0.33333300000033333,0.04166666145833399,3.0,,,,,,,,,,,,,3.5549536679618834,0.0,0.0,0.0,0.0,1.0,,,,,,,3.867368313690288,0.0,1.0,-0.9999990000010001,0.09090908264462885,1.0,0
2026-06-08,8,18171.0,0.7317478795942023,3.104214238848664,0.16666666666666666,0.16666666666666666,0.0,0.04861110387731591,6.0,,,,,,,,,,,,,,,,,,,,,,,,,3.2066642621956127,0.0,0.3333333333333333,-0.33333300000033333,0.02777777546296316,3.0,1
2026-06-09,8,18141.0,-0.1650982334489015,3.1531967009943425,0.14285714285714285,0.2857142857142857,-0.14285700000014287,0.04761904216269906,7.0,,,,,,,,,,,,,,,,,,,,,,,,,4.273096152714348,1.0,1.0,0.0,0.22222219753086697,1.0,0
2026-06-10,7,17971.0,-0.9371037980265728,3.594315399584593,0.25,0.25,0.0,0.048611106288580744,4.0,,,,,,,3.314790241545133,0.0,1.0,-0.9999990000010001,0.11111109876543349,1.0,,,,,,,,,,,,,3.263562743263413,0.25,0.5,-0.24999975000025002,0.07361110378858099,4.0,0
2026-06-11,12,17981.0,0.0556452061654777,3.2230821540422525,0.0,0.8333333333333334,-0.666666083333875,0.13518516083591017,6.0,,,,,,,2.3416235176841615,0.0,1.0,-0.9999990000010001,0.24999993750001562,1.0,,,,,,,,,,,,,2.966297366623546,0.2,0.3,-0.0999999000001,0.12928567299491392,10.0,1
2026-06-12,7,17921.0,-0.3336855569768038,3.023185661752689,0.0,0.8,-0.59999950000045,0.10436506560768008,5.0,,,,,,,,,,,,,,,,,,,,,,,,,2.9287631468792164,0.0,0.3333333333333333,-0.33333300000033333,0.04166666145833399,3.0,0
2026-06-15,7,17719.0,-1.1271692427877955,3.1690751483805975,0.0,0.3333333333333333,-0.33333300000033333,0.03703703292181116,3.0,3.303751099401527,0.0,0.3333333333333333,-0.33333300000033333,0.04166666145833399,3.0,3.434847963048192,0.0,0.0,0.0,0.0,1.0,,,,,,,,,,,,,3.6841153702125053,0.0,0.0,0.0,0.0,1.0,0
2026-06-17,15,17753.0,0.1918844178565359,3.2212174514899243,0.2857142857142857,0.42857142857142855,-0.14285700000014287,0.08015872107363421,7.0,,,,,,,,,,,,,3.651043883158207,1.0,0.0,0.9999990000010001,0.11111109876543349,1.0,,,,,,,3.1286311319917317,0.2857142857142857,0.14285714285714285,0.14285700000014287,0.05867346132470957,7.0,1
2026-06-18,7,17826.0,0.4111981073621429,3.283831280675661,0.3333333333333333,1.3333333333333333,-0.44444424074083644,0.20346317754540175,3.0,,,,,,,,,,,,,,,,,,,,,,,,,3.4840662712774755,0.0,0.75,-0.7499992500007501,0.08969154736715333,4.0,1
2026-06-19,9,17826.0,0.0,3.4757374074262537,0.0,0.75,-0.7499992500007501,0.09444443191358201,4.0,,,,,,,,,,,,,3.5637266322371266,0.0,1.5,-0.999999250000625,0.18333330944444776,2.0,,,,,,,3.1687799679211155,0.25,0.25,0.0,0.062499992187500984,4.0,0
2026-06-22,7,17819.0,-0.0392684842365098,2.9798973040932735,0.0,0.5,-0.2499998750000625,0.07142856122449125,4.0,,,,,,,2.77214279716145,0.0,0.0,0.0,0.0,1.0,,,,,,,,,,,,,3.095708539986085,0.0,0.5,-0.49999950000050003,0.049999995000000505,2.0,0
2026-06-23,8,17868.0,0.2749873730287788,2.9597491685251636,2.0,0.5,0.7499994375005157,0.2676767388531814,2.0,2.7035742048052485,0.0,0.0,0.0,0.0,1.0,,,,,,,3.407111394547661,0.0,0.0,0.0,0.0,1.0,,,,,,,2.9296284968976773,0.0,0.5,-0.49999950000050003,0.06696427670599611,4.0,1
2026-06-24,6,17955.0,0.4869039623908611,3.1226224513587693,0.25,0.0,0.24999975000025002,0.031249996093750492,4.0,3.0563243823017903,0.0,0.0,0.0,0.0,1.0,2.8811296319252935,1.0,1.0,0.0,0.22222219753086697,1.0,,,,,,,,,,,,,3.6691775024371522,1.0,1.0,0.0,0.24999996875000394,1.0,1
2026-06-25,5,17942.0,-0.0724032302979682,3.162748278778705,0.0,0.3333333333333333,-0.33333300000033333,0.033333330000000334,3.0,,,,,,,,,,,,,,,,,,,,,,,,,2.841493717458139,0.0,0.5,-0.49999950000050003,0.049999995000000505,2.0,0
2026-06-26,8,17962.0,0.1114702931668709,3.3212467969891937,0.0,0.0,0.0,0.0,3.0,,,,,,,,,,,,,2.414360906042099,0.0,1.0,-0.9999990000010001,0.11111109876543349,1.0,,,,,,,3.769527866688948,0.25,0.25,0.0,0.063492055303604,4.0,1
2026-06-29,10,17856.0,-0.5901347288720604,3.117541303515863,0.0,0.6666666666666666,-0.4999995833337083,0.0726851771900729,6.0,,,,,,,3.492094431940477,0.0,1.0,-0.9999990000010001,0.09999999000000101,1.0,,,,,,,,,,,,,3.0055303153133046,0.0,0.25,-0.24999975000025002,0.02777777469135837,4.0,0
2026-06-30,2,17899.0,0.2408154121863903,3.7612342829442165,1.0,2.0,-0.33333322222225925,0.2727272479338866,1.0,,,,,,,,,,,,,,,,,,,,,,,,,2.703520609721814,0.0,2.0,-0.99999950000025,0.285714244897965,1.0,1
2026-07-01,5,17961.0,0.3463880663724161,3.1956293744033237,0.0,1.5,-0.999999250000625,0.14583331857639045,2.0,,,,,,,3.6572410572925236,0.0,1.0,-0.9999990000010001,0.11111109876543349,1.0,,,,,,,,,,,,,3.106431678882563,0.0,0.3333333333333333,-0.33333300000033333,0.04166666145833399,3.0,1
2026-07-02,5,17994.0,0.1837314180724858,3.2199557442859246,0.0,0.0,0.0,0.0,1.0,,,,,,,,,,,,,,,,,,,,,,,,,3.3423198726520686,0.0,1.0,-0.49999966666694445,0.13492061652809526,4.0,1
2026-07-03,2,17960.0,-0.1889518728464989,3.052793114380341,0.0,2.0,-0.99999950000025,0.19999998000000202,1.0,,,,,,,3.1973868247067143,1.0,0.0,0.9999990000010001,0.11111109876543349,1.0,,,,,,,,,,,,,,,,,,,0
2026-07-06,4,17999.0,0.2171492204899872,2.9778468708365073,0.0,0.5,-0.49999950000050003,0.07142856122449125,2.0,2.5333198195857163,0.0,1.0,-0.9999990000010001,0.12499998437500197,1.0,,,,,,,,,,,,,,,,,,,3.725688663874947,0.0,0.0,0.0,0.0,1.0,1
2026-07-07,1,17988.0,-0.0611145063614593,2.1706880932488986,0.0,0.0,0.0,0.0,1.0,,,,,,,,,,,,,,,,,,,,,,,,,,,,,,,0
2026-07-08,3,18005.0,0.0945074494107078,3.196999351799546,0.0,0.0,0.0,0.0,3.0,,,,,,,,,,,,,,,,,,,,,,,,,,,,,,,1
2026-07-09,14,18090.0,0.4720910858095006,3.100943047207467,0.0,0.6363636363636364,-0.4545450909094091,0.07016593699931671,11.0,,,,,,,,,,,,,,,,,,,,,,,,,3.6361964503555537,0.0,0.6666666666666666,-0.6666660000006667,0.08095237081632783,3.0,1
2026-07-10,7,18069.0,-0.1160862354892211,2.8609497234727788,0.25,0.25,0.0,0.060714278112245876,4.0,,,,,,,2.482948096501033,0.0,1.0,-0.9999990000010001,0.16666663888889352,1.0,,,,,,,,,,,,,3.224148447291326,0.0,0.5,-0.49999950000050003,0.05555554938271674,2.0,0
2026-07-13,6,18131.0,0.3431291161658079,2.984021545555246,0.0,1.3333333333333333,-0.9999991666674166,0.1498917573710807,3.0,3.1651625005637096,0.0,2.0,-0.99999950000025,0.1818181652892577,1.0,,,,,,,,,,,,,,,,,,,2.727619619657911,0.0,0.6666666666666666,-0.6666660000006667,0.09230767700197522,3.0,1
2026-07-14,11,18099.0,-0.176493298770064,3.3451373925140517,0.2,0.4,-0.1999998000002,0.05454544958677732,5.0,,,,,,,3.6284955600462636,1.0,0.0,0.9999990000010001,0.1428571224489825,1.0,3.063924163168746,0.0,0.0,0.0,0.0,1.0,,,,,,,3.149608132911206,0.16666666666666666,0.16666666666666666,0.0,0.0359848445032718,6.0,0
2026-07-15,10,18064.0,-0.1933808497707079,2.6802881106815413,0.0,0.5,-0.49999950000050003,0.049999995000000505,2.0,,,,,,,,,,,,,,,,,,,,,,,,,3.303173941569029,0.125,0.625,-0.49999950000050003,0.15104163433160447,8.0,0
2026-07-16,14,18041.0,-0.1273250664304726,3.6681670771185804,0.0,1.6666666666666667,-0.9999993333338333,0.13852812686231616,3.0,,,,,,,2.550427017390917,0.0,1.0,-0.9999990000010001,0.12499998437500197,1.0,,,,,,,,,,,,,3.456156788305236,0.3,0.7,-0.1333332888889037,0.1242063329065908,10.0,0
2026-07-17,2,17944.0,-0.5376642093010364,,,,,,,,,,,,,,,,,,,,,,,,,,,,,,,2.977003750665049,0.0,0.0,0.0,0.0,2.0,0
2026-07-20,8,17976.0,0.178332590280883,3.0332895926378316,0.3333333333333333,0.8333333333333334,-0.4444440462966652,0.13320705534432253,6.0,,,,,,,2.6155874327693516,0.0,0.0,0.0,0.0,1.0,,,,,,,,,,,,,2.339541543323095,0.0,0.0,0.0,0.0,1.0,1
2026-07-21,9,17909.0,-0.3727191811303987,2.8305305786592543,0.0,1.0,-0.4285711904763651,0.10515871872244396,7.0,3.501730051111693,0.0,3.0,-0.9999996666667778,0.2499999791666684,1.0,2.9437124122986162,0.0,0.5,-0.49999950000050003,0.062499992187500984,2.0,,,,,,,,,,,,,4.000985907851813,0.0,1.0,-0.9999990000010001,0.11111109876543349,1.0,0
2026-07-22,11,17909.0,0.0,3.13381459051869,0.0,0.8571428571428571,-0.7142850714291785,0.10731291045898342,7.0,2.525286626204888,0.0,0.0,0.0,0.0,1.0,3.3793669787031066,0.0,0.5,-0.49999950000050003,0.0539772667549077,4.0,,,,,,,,,,,,,3.1612559815263106,0.0,1.0,-0.9999990000010001,0.199999960000008,1.0,0
2026-07-23,7,17915.0,0.0335027081355798,3.5473484284510084,0.0,0.25,-0.24999975000025002,0.02083333159722237,4.0,,,,,,,2.5642342181194278,0.0,0.0,0.0,0.0,2.0,,,,,,,,,,,,,3.996537558141157,0.0,1.0,-0.9999990000010001,0.09090908264462885,1.0,1
2026-07-24,16,17973.0,0.3237510466089777,2.991321350930893,0.0,0.6666666666666666,-0.4999995833337083,0.07797618113733108,6.0,,,,,,,3.152702679329719,0.3333333333333333,0.6666666666666666,-0.33333300000033333,0.10007213964523205,6.0,,,,,,,,,,,,,3.641937619776177,0.2,0.0,0.1999998000002,0.024999996875000395,5.0,1
2026-07-27,11,17995.0,0.1224058309686748,3.316548439231209,0.0,0.75,-0.4999996250003125,0.07499999250000075,4.0,,,,,,,3.0402480715024214,0.25,0.25,0.0,0.05902777078510886,4.0,,,,,,,,,,,,,2.805928877336651,0.0,0.3333333333333333,-0.33333300000033333,0.033333330000000334,3.0,1
2026-07-28,5,18088.0,0.516810225062514,2.936769526126935,0.0,0.0,0.0,0.0,2.0,,,,,,,2.343420520400405,0.0,0.0,0.0,0.0,1.0,,,,,,,,,,,,,3.2473234525355843,0.0,0.0,0.0,0.0,2.0,1
2026-07-29,10,18087.0,-0.0055285272003491,2.6646680970091388,0.0,0.5,-0.33333308333354167,0.06613755727723308,6.0,2.8566814253950015,0.0,0.0,0.0,0.0,1.0,2.8949403766065185,0.0,0.5,-0.49999950000050003,0.062499992187500984,2.0,,,,,,,,,,,,,3.7884054130456484,0.0,1.0,-0.499999750000125,0.12499998437500197,2.0,0
2026-07-30,7,18078.0,-0.0497594957704405,3.2341224590052313,1.0,0.5,2.499996249460956e-07,0.216666633888894,2.0,,,,,,,,,,,,,,,,,,,,,,,,,3.6932927088157044,0.0,0.6,-0.39999970000025,0.05151514708448156,5.0,0
2026-07-31,11,18058.0,-0.1106317070472373,3.0276102997476264,0.3333333333333333,0.0,0.33333300000033333,0.02777777546296316,3.0,2.80726939320437,1.0,0.0,0.9999990000010001,0.08333332638888948,1.0,3.189131324571596,0.5,0.25,0.24999975000025002,0.08333332378472336,4.0,,,,,,,,,,,,,3.060148522350264,0.0,0.8,-0.59999950000045,0.08993505442264844,5.0,0
2026-08-03,14,17991.0,-0.3710266917709592,2.8729309245236925,0.2222222222222222,0.3333333333333333,-0.11111100000011112,0.05391737352997901,9.0,,,,,,,,,,,,,2.707463955347808,0.0,0.0,0.0,0.0,1.0,,,,,,,3.173114578629164,0.0,0.2,-0.1999998000002,0.0222222197530867,5.0,0
2026-08-04,8,18037.0,0.2556833972541916,3.316535437270146,0.6,0.4,0.1999998000002,0.1122222095030879,5.0,,,,,,,2.6907518998426543,0.0,0.0,0.0,0.0,1.0,3.5957423213086877,1.0,0.0,0.9999990000010001,0.11111109876543349,1.0,,,,,,,3.5579938253645835,0.0,1.0,-0.499999750000125,0.09999999000000101,2.0,1
2026-08-05,4,17937.0,-0.554415922825302,3.4551686333791043,0.0,0.0,0.0,0.0,1.0,,,,,,,,,,,,,,,,,,,,,,,,,2.9584291124300712,0.0,0.6666666666666666,-0.6666660000006667,0.10370368625514716,3.0,0
2026-08-06,8,17919.0,-0.1003512293025643,2.8635460302953235,0.0,0.6666666666666666,-0.33333316666675,0.05128204733727842,3.0,,,,,,,3.1331340142680304,1.0,0.0,0.499999750000125,0.11111109876543349,2.0,,,,,,,,,,,,,3.199719247701053,0.0,0.6666666666666666,-0.6666660000006667,0.07407406584362232,3.0,0
2026-08-07,4,17913.0,-0.0334840113845658,3.1446234405383366,0.0,1.0,-0.499999750000125,0.08333332638888948,2.0,,,,,,,3.3793464021050723,0.0,0.0,0.0,0.0,1.0,,,,,,,,,,,,,3.360517243114419,0.0,0.0,0.0,0.0,2.0,0
2026-08-10,8,17795.0,-0.6587394629598564,3.0465758253326993,0.2,0.2,0.0,0.06428570076530932,5.0,2.392805126060643,1.0,0.0,0.9999990000010001,0.24999993750001562,1.0,2.827715777618664,0.0,0.0,0.0,0.0,1.0,,,,,,,,,,,,,3.111280792959767,0.0,0.5,-0.49999950000050003,0.045454541322314426,2.0,0
2026-08-11,9,17824.0,0.1629671255970688,3.179972775823587,0.5,1.0,-0.49999950000050003,0.13846152550295981,2.0,,,,,,,3.2789797097064945,0.0,1.0,-0.9999990000010001,0.09090908264462885,2.0,,,,,,,,,,,,,3.371613036605796,0.0,0.2,-0.1999998000002,0.019999998000000203,5.0,1
2026-08-12,7,17876.0,0.2917414721723466,3.573925492196571,0.0,0.6666666666666666,-0.33333316666675,0.07407406584362232,3.0,,,,,,,,,,,,,,,,,,,,,,,,,3.5680146407010565,0.0,0.25,-0.24999975000025002,0.024999997500000253,4.0,1
2026-08-13,15,17882.0,0.0335645558290353,2.9593493837630427,0.0,1.5,-0.999999250000625,0.24999995312500978,2.0,,,,,,,,,,,,,2.941809192755642,0.0,3.0,-0.9999996666667778,0.49999991666668053,1.0,,,,,,,3.097256346541378,0.07692307692307693,0.3076923076923077,-0.1538460384616346,0.060897425347224234,13.0,1
2026-08-14,8,17836.0,-0.2572419192484076,2.9112276405721116,0.2,1.0,-0.7999992000008,0.13111331599171477,5.0,3.0463784610754083,1.0,1.0,0.0,0.1818181652892577,1.0,2.879977200767862,0.5,0.5,0.0,0.09090908264462885,2.0,,,,,,,,,,,,,3.191226322483989,0.0,1.0,-0.9999990000010001,0.126984110607208,2.0,0
2026-08-18,15,17856.0,0.1121327651939951,3.0329676864964696,0.0,1.1666666666666667,-0.583332958333632,0.12760617540466485,12.0,,,,,,,2.6744363892083762,0.0,0.0,0.0,0.0,1.0,,,,,,,,,,,,,3.147473270225465,0.0,0.3333333333333333,-0.33333300000033333,0.0476190408163275,3.0,1
2026-08-19,8,17844.0,-0.0672043010752743,2.902063778470967,0.0,1.0,-0.5999996000003,0.13809521780045658,5.0,,,,,,,2.969038877187129,0.0,0.0,0.0,0.0,3.0,,,,,,,,,,,,,,,,,,,0
2026-08-20,6,17779.0,-0.3642681013225735,2.723169497733486,0.5,0.5,0.0,0.12499998437500197,2.0,,,,,,,3.0575753408602493,0.0,0.0,0.0,0.0,2.0,,,,,,,,,,,,,3.150745209719239,0.0,0.0,0.0,0.0,2.0,0
2026-08-21,5,17705.0,-0.4162213847797913,3.2702928500558937,0.25,0.5,-0.24999975000025002,0.07499999250000075,4.0,,,,,,,,,,,,,,,,,,,,,,,,,3.6951835840278626,1.0,0.0,0.9999990000010001,0.1428571224489825,1.0,0
2026-08-24,12,17703.0,-0.0112962439988706,3.2302988402616903,0.2,0.8,-0.39999970000025,0.08935508121330529,5.0,2.987926972655025,0.0,1.0,-0.6666661666670833,0.10370369292181185,3.0,3.196553357166552,0.0,0.6666666666666666,-0.33333316666675,0.07407406584362232,3.0,3.675789658370377,0.0,2.0,-0.99999950000025,0.15384614201183525,1.0,,,,,,,2.857480028952219,0.5,0.5,0.0,0.13333331444444727,2.0,0
2026-08-26,16,17717.0,0.0790826413602285,3.2473522180023098,0.09090909090909091,0.36363636363636365,-0.18181804545465907,0.04570706599256504,11.0,2.9425673355566477,0.0,0.0,0.0,0.0,2.0,3.1045095065902975,0.0,0.5,-0.49999950000050003,0.06296295460905467,6.0,,,,,,,,,,,,,3.961348564123951,0.0,0.0,0.0,0.0,2.0,1
2026-08-27,6,17762.0,0.2539933397301963,3.0676463959550366,0.0,1.5,-0.999999250000625,0.13247862038863437,2.0,,,,,,,,,,,,,,,,,,,,,,,,,3.614595949843876,0.0,0.0,0.0,0.0,4.0,1
2026-08-28,10,17703.0,-0.3321698006981233,2.782054562719781,0.0,0.3333333333333333,-0.33333300000033333,0.030303027548209616,3.0,2.51441832512716,0.0,1.0,-0.9999990000010001,0.09090908264462885,1.0,3.028822012986524,0.0,0.0,0.0,0.0,3.0,3.1203355522804714,0.0,0.0,0.0,0.0,1.0,,,,,,,3.288279384321999,0.25,0.25,0.0,0.049999995000000505,4.0,0
2026-08-31,16,17746.0,0.242896684177829,3.0294201762033546,0.0,0.6,-0.3999996666669778,0.06888888064197635,10.0,2.566169113057893,0.0,1.5,-0.4999998333333889,0.1499999850000015,2.0,2.74180233245027,0.0,0.5,-0.49999950000050003,0.05555554938271674,2.0,,,,,,,,,,,,,3.2994429839780492,0.2,0.4,-0.1999998000002,0.0755555455308656,5.0,1
2026-09-01,6,17727.0,-0.1070663811563177,3.478930731502991,0.0,0.3333333333333333,-0.33333300000033333,0.02083333203125008,3.0,,,,,,,3.6863696797786405,0.0,1.0,-0.9999990000010001,0.09374999023437611,2.0,,,,,,,,,,,,,3.344140084311794,0.5,0.5,0.0,0.1428571224489825,2.0,0
