date,news_count,lm_neg,lm_pos,lm_unc,lm_net,armed_conflict_count,armed_conflict_lm_net,armed_conflict_lm_neg,sanctions_count,sanctions_lm_net,sanctions_lm_neg,trade_conflict_count,trade_conflict_lm_net,trade_conflict_lm_neg,energy_geopolitics_count,energy_geopolitics_lm_net,energy_geopolitics_lm_neg,political_instability_count,political_instability_lm_net,political_instability_lm_neg,monetary_geoeconomic_count,monetary_geoeconomic_lm_net,monetary_geoeconomic_lm_neg
2021-09-01,1,0.1,0.0,0.0,-0.5,0,0.0,0.0,0,0.0,0.0,0,0.0,0.0,0,0.0,0.0,0,0.0,0.0,1,-0.5,0.1
2021-09-02,4,0.019230769230769232,0.0,0.016666666666666666,-0.125,1,0.0,0.0,0,0.0,0.0,1,-0.5,0.07692307692307693,0,0.0,0.0,0,0.0,0.0,2,0.0,0.0
2021-09-03,1,0.09090909090909091,0.0,0.0,-0.5,0,0.0,0.0,0,0.0,0.0,0,0.0,0.0,0,0.0,0.0,0,0.0,0.0,1,-0.5,0.09090909090909091
2021-09-06,2,0.038461538461538464,0.0,0.09401709401709402,-0.25,1,0.0,0.0,0,0.0,0.0,0,0.0,0.0,0,0.0,0.0,0,0.0,0.0,1,-0.5,0.07692307692307693
2021-09-07,0,0.0,0.0,0.0,0.0,0,0.0,0.0,0,0.0,0.0,0,0.0,0.0,0,0.0,0.0,0,0.0,0.0,0,0.0,0.0
2021-09-08,3,0.03333333333333333,0.0,0.030303030303030304,-0.16666666666666666,0,0.0,0.0,0,0.0,0.0,0,0.0,0.0,0,0.0,0.0,1,0.0,0.0,2,-0.25,0.05
2021-09-09,3,0.0,0.025641025641025644,0.0,0.16666666666666666,1,0.0,0.0,0,0.0,0.0,0,0.0,0.0,0,0.0,0.0,0,0.0,0.0,2,0.25,0.0
2021-09-10,4,0.03125,0.020833333333333332,0.03125,-0.04166666666666666,0,0.0,0.0,0,0.0,0.0,0,0.0,0.0,1,0.0,0.0,0,0.0,0.0,3,-0.055555555555555546,0.041666666666666664
2021-09-13,6,0.013888888888888888,0.0,0.015151515151515152,-0.08333333333333333,3,-0.16666666666666666,0.027777777777777776,0,0.0,0.0,0,0.0,0.0,0,0.0,0.0,0,0.0,0.0,3,0.0,0.0
2021-09-14,4,0.0,0.019230769230769232,0.0,0.125,0,0.0,0.0,0,0.0,0.0,0,0.0,0.0,0,0.0,0.0,0,0.0,0.0,4,0.125,0.0
2021-09-15,7,0.02040816326530612,0.01020408163265306,0.01098901098901099,-0.023809523809523805,1,-0.6666666666666666,0.14285714285714285,1,0.0,0.0,0,0.0,0.0,1,0.0,0.0,0,0.0,0.0,4,0.125,0.0
2021-09-16,6,0.020833333333333332,0.015151515151515152,0.015151515151515152,-0.027777777777777773,2,0.0,0.0,0,0.0,0.0,0,0.0,0.0,1,-0.6666666666666666,0.125,0,0.0,0.0,3,0.16666666666666666,0.0
2021-09-17,3,0.0,0.0,0.03333333333333333,0.0,0,0.0,0.0,1,0.0,0.0,0,0.0,0.0,1,0.0,0.0,0,0.0,0.0,1,0.0,0.0
2021-09-20,4,0.019230769230769232,0.0,0.017857142857142856,-0.125,0,0.0,0.0,0,0.0,0.0,0,0.0,0.0,0,0.0,0.0,0,0.0,0.0,4,-0.125,0.019230769230769232
2021-09-21,2,0.03125,0.0,0.038461538461538464,-0.25,2,-0.25,0.03125,0,0.0,0.0,0,0.0,0.0,0,0.0,0.0,0,0.0,0.0,0,0.0,0.0
2021-09-22,3,0.07777777777777778,0.0,0.0,-0.38888888888888884,1,-0.6666666666666666,0.13333333333333333,1,-0.5,0.1,0,0.0,0.0,1,0.0,0.0,0,0.0,0.0,0,0.0,0.0
2021-09-23,8,0.0203125,0.015625,0.0078125,-0.04166666666666667,0,0.0,0.0,1,0.0,0.0,1,-0.5,0.1,0,0.0,0.0,0,0.0,0.0,6,0.027777777777777773,0.010416666666666666
2021-09-24,3,0.047619047619047616,0.0,0.0,-0.2222222222222222,0,0.0,0.0,0,0.0,0.0,0,0.0,0.0,0,0.0,0.0,0,0.0,0.0,3,-0.2222222222222222,0.047619047619047616
2021-09-27,4,0.04895833333333333,0.0,0.0,-0.29166666666666663,0,0.0,0.0,1,0.0,0.0,0,0.0,0.0,1,-0.6666666666666666,0.13333333333333333,0,0.0,0.0,2,-0.25,0.03125
2021-09-28,5,0.032467532467532464,0.0,0.026050420168067225,-0.2,0,0.0,0.0,0,0.0,0.0,0,0.0,0.0,0,0.0,0.0,0,0.0,0.0,5,-0.2,0.032467532467532464
2021-09-29,2,0.11538461538461539,0.045454545454545456,0.038461538461538464,-0.125,0,0.0,0.0,0,0.0,0.0,0,0.0,0.0,0,0.0,0.0,0,0.0,0.0,2,-0.125,0.11538461538461539
2021-09-30,10,0.035311355311355305,0.0,0.0,-0.21666666666666665,1,0.0,0.0,0,0.0,0.0,0,0.0,0.0,3,-0.38888888888888884,0.06984126984126983,0,0.0,0.0,6,-0.16666666666666666,0.02393162393162393
2021-10-01,4,0.08645833333333333,0.0,0.015625,-0.41666666666666663,0,0.0,0.0,0,0.0,0.0,0,0.0,0.0,0,0.0,0.0,0,0.0,0.0,4,-0.41666666666666663,0.08645833333333333
2021-10-04,5,0.08160173160173159,0.015384615384615385,0.016666666666666666,-0.2333333333333333,0,0.0,0.0,0,0.0,0.0,0,0.0,0.0,0,0.0,0.0,0,0.0,0.0,5,-0.2333333333333333,0.08160173160173159
2021-10-05,2,0.0,0.0,0.0,0.0,0,0.0,0.0,0,0.0,0.0,0,0.0,0.0,0,0.0,0.0,0,0.0,0.0,2,0.0,0.0
2021-10-06,4,0.04195804195804196,0.0,0.04195804195804196,-0.25,0,0.0,0.0,0,0.0,0.0,0,0.0,0.0,1,-0.5,0.07692307692307693,0,0.0,0.0,3,-0.16666666666666666,0.030303030303030304
2021-10-07,4,0.05208333333333333,0.03125,0.020833333333333332,-0.125,1,-0.5,0.08333333333333333,0,0.0,0.0,2,0.0,0.0,0,0.0,0.0,0,0.0,0.0,1,0.0,0.125
2021-10-08,4,0.025,0.0,0.03588516746411483,-0.125,0,0.0,0.0,0,0.0,0.0,0,0.0,0.0,0,0.0,0.0,0,0.0,0.0,4,-0.125,0.025
2021-10-11,4,0.059185606060606064,0.0625,0.03645833333333333,-0.0625,2,0.0,0.045454545454545456,0,0.0,0.0,0,0.0,0.0,1,-0.5,0.0625,0,0.0,0.0,1,0.25,0.08333333333333333
2021-10-12,3,0.0,0.0,0.0,0.0,1,0.0,0.0,0,0.0,0.0,0,0.0,0.0,0,0.0,0.0,0,0.0,0.0,2,0.0,0.0
2021-10-13,7,0.009523809523809523,0.0,0.008928571428571428,-0.07142857142857142,0,0.0,0.0,0,0.0,0.0,0,0.0,0.0,0,0.0,0.0,0,0.0,0.0,7,-0.07142857142857142,0.009523809523809523
2021-10-14,8,0.04648268398268398,0.011363636363636364,0.0196969696969697,-0.20833333333333331,0,0.0,0.0,0,0.0,0.0,0,0.0,0.0,2,-0.3333333333333333,0.11688311688311688,0,0.0,0.0,6,-0.16666666666666666,0.023015873015873017
2021-10-15,5,0.038431372549019606,0.0,0.011764705882352941,-0.2333333333333333,1,0.0,0.0,0,0.0,0.0,0,0.0,0.0,1,-0.5,0.058823529411764705,0,0.0,0.0,3,-0.2222222222222222,0.044444444444444446
2021-10-18,2,0.05,0.05555555555555555,0.0,0.0,0,0.0,0.0,0,0.0,0.0,0,0.0,0.0,0,0.0,0.0,0,0.0,0.0,2,0.0,0.05
2021-10-19,4,0.04006410256410256,0.0,0.020833333333333332,-0.25,3,-0.16666666666666666,0.027777777777777776,0,0.0,0.0,0,0.0,0.0,0,0.0,0.0,0,0.0,0.0,1,-0.5,0.07692307692307693
2021-10-21,10,0.02630952380952381,0.013333333333333332,0.00625,-0.06666666666666667,0,0.0,0.0,0,0.0,0.0,0,0.0,0.0,1,0.5,0.0,0,0.0,0.0,9,-0.12962962962962962,0.029232804232804235
2021-10-22,9,0.05426055426055426,0.018648018648018648,0.017806267806267803,-0.18518518518518517,0,0.0,0.0,1,0.5,0.0,0,0.0,0.0,2,-0.3333333333333333,0.11538461538461539,0,0.0,0.0,6,-0.25,0.04292929292929293
2021-10-25,5,0.032467532467532464,0.0,0.0,-0.2333333333333333,1,-0.6666666666666666,0.09090909090909091,0,0.0,0.0,0,0.0,0.0,0,0.0,0.0,0,0.0,0.0,4,-0.125,0.017857142857142856
2021-10-26,3,0.06984126984126983,0.0,0.0,-0.38888888888888884,1,-0.6666666666666666,0.14285714285714285,0,0.0,0.0,0,0.0,0.0,0,0.0,0.0,0,0.0,0.0,2,-0.25,0.03333333333333333
2021-10-27,4,0.019230769230769232,0.0,0.0,-0.125,1,-0.5,0.07692307692307693,0,0.0,0.0,0,0.0,0.0,0,0.0,0.0,1,-0.5,0.07692307692307693,3,0.0,0.0
2021-10-28,1,0.0,0.0,0.0,0.0,0,0.0,0.0,0,0.0,0.0,0,0.0,0.0,0,0.0,0.0,0,0.0,0.0,1,0.0,0.0
2021-10-29,3,0.0,0.0,0.030303030303030304,0.0,0,0.0,0.0,1,0.0,0.0,0,0.0,0.0,0,0.0,0.0,0,0.0,0.0,2,0.0,0.0
2021-11-01,11,0.015584415584415584,0.013986013986013986,0.022727272727272728,0.0,0,0.0,0.0,1,0.0,0.0,1,0.0,0.0,0,0.0,0.0,0,0.0,0.0,9,0.0,0.01904761904761905
2021-11-02,4,0.013888888888888888,0.016666666666666666,0.0,0.0,1,0.0,0.0,0,0.0,0.0,0,0.0,0.0,0,0.0,0.0,0,0.0,0.0,3,0.0,0.018518518518518517
2021-11-03,8,0.03619909502262444,0.010416666666666666,0.01568627450980392,-0.09375,0,0.0,0.0,0,0.0,0.0,0,0.0,0.0,0,0.0,0.0,0,0.0,0.0,8,-0.09375,0.03619909502262444
2021-11-04,8,0.009615384615384616,0.026282051282051282,0.008333333333333333,0.08333333333333333,0,0.0,0.0,0,0.0,0.0,0,0.0,0.0,1,0.0,0.07692307692307693,0,0.0,0.0,7,0.09523809523809523,0.0
2021-11-05,9,0.009259259259259259,0.011111111111111112,0.017195767195767195,0.0,2,0.0,0.0,0,0.0,0.0,0,0.0,0.0,2,0.0,0.0,1,0.0,0.0,5,0.0,0.016666666666666666
2021-11-08,10,0.025098039215686273,0.014215686274509804,0.011764705882352941,-0.1,2,0.0,0.0,1,-0.5,0.058823529411764705,0,0.0,0.0,2,-0.25,0.06274509803921569,0,0.0,0.0,5,0.0,0.013333333333333332
2021-11-09,5,0.023529411764705882,0.015384615384615385,0.0,-0.1,0,0.0,0.0,0,0.0,0.0,0,0.0,0.0,0,0.0,0.0,0,0.0,0.0,5,-0.1,0.023529411764705882
2021-11-10,6,0.015151515151515152,0.026262626262626265,0.0,0.08333333333333333,0,0.0,0.0,0,0.0,0.0,0,0.0,0.0,0,0.0,0.0,0,0.0,0.0,6,0.08333333333333333,0.015151515151515152
2021-11-11,22,0.017325036075036073,0.01932589469354175,0.010469643992371266,0.015151515151515154,0,0.0,0.0,0,0.0,0.0,0,0.0,0.0,0,0.0,0.0,1,-0.5,0.05555555555555555,21,0.03968253968253969,0.015504535147392291
2021-11-12,14,0.02602707749766573,0.02494331065759637,0.012698412698412697,0.0,3,-0.16666666666666666,0.037037037037037035,0,0.0,0.0,0,0.0,0.0,1,0.0,0.1111111111111111,0,0.0,0.0,10,0.05,0.014215686274509804
2021-11-15,11,0.0363150218765192,0.006493506493506493,0.009090909090909092,-0.1212121212121212,2,-0.5833333333333333,0.14090909090909093,0,0.0,0.0,0,0.0,0.0,0,0.0,0.0,0,0.0,0.0,9,-0.018518518518518514,0.013071895424836602
2021-11-16,15,0.04248677248677248,0.005128205128205128,0.020634920634920634,-0.18888888888888886,2,0.0,0.0,1,-0.6666666666666666,0.16666666666666666,1,0.0,0.0,1,0.0,0.0,0,0.0,0.0,10,-0.21666666666666665,0.047063492063492064
2021-11-17,13,0.01803837188452573,0.017328825021132713,0.005128205128205128,0.0,2,0.0,0.0,1,0.5,0.0,0,0.0,0.0,1,0.0,0.0,0,0.0,0.0,9,-0.05555555555555555,0.02605542605542606
2021-11-18,5,0.01818181818181818,0.014285714285714285,0.0,0.0,0,0.0,0.0,0,0.0,0.0,0,0.0,0.0,1,0.0,0.0,0,0.0,0.0,4,0.0,0.022727272727272728
2021-11-19,4,0.04699754901960784,0.0,0.0,-0.375,1,-0.5,0.058823529411764705,0,0.0,0.0,0,0.0,0.0,0,0.0,0.0,0,0.0,0.0,3,-0.3333333333333333,0.04305555555555555
2021-11-22,9,0.030345471521942113,0.014814814814814815,0.009259259259259259,-0.027777777777777776,0,0.0,0.0,0,0.0,0.0,0,0.0,0.0,0,0.0,0.0,0,0.0,0.0,9,-0.027777777777777776,0.030345471521942113
2021-11-23,7,0.031746031746031744,0.0,0.005952380952380952,-0.09523809523809523,0,0.0,0.0,0,0.0,0.0,0,0.0,0.0,0,0.0,0.0,1,-0.6666666666666666,0.2222222222222222,6,0.0,0.0
2021-11-24,5,0.03068181818181818,0.01818181818181818,0.01818181818181818,-0.1,0,0.0,0.0,0,0.0,0.0,0,0.0,0.0,0,0.0,0.0,0,0.0,0.0,5,-0.1,0.03068181818181818
2021-11-25,10,0.03239750445632798,0.012549019607843137,0.00625,-0.06666666666666667,3,-0.38888888888888884,0.08838383838383838,0,0.0,0.0,0,0.0,0.0,0,0.0,0.0,0,0.0,0.0,8,0.0625,0.007352941176470588
2021-11-26,1,0.0,0.07692307692307693,0.07692307692307693,0.5,1,0.5,0.0,0,0.0,0.0,0,0.0,0.0,0,0.0,0.0,0,0.0,0.0,0,0.0,0.0
2021-11-29,3,0.0,0.0,0.0196078431372549,0.0,0,0.0,0.0,0,0.0,0.0,0,0.0,0.0,0,0.0,0.0,0,0.0,0.0,3,0.0,0.0
2021-11-30,5,0.02857142857142857,0.0,0.02857142857142857,-0.13333333333333333,0,0.0,0.0,0,0.0,0.0,1,0.0,0.0,0,0.0,0.0,0,0.0,0.0,5,-0.13333333333333333,0.02857142857142857
2021-12-01,4,0.0393939393939394,0.0,0.016666666666666666,-0.25,0,0.0,0.0,0,0.0,0.0,0,0.0,0.0,1,-0.5,0.09090909090909091,0,0.0,0.0,3,-0.16666666666666666,0.022222222222222223
2021-12-02,9,0.02513227513227513,0.0,0.04884004884004884,-0.16666666666666666,0,0.0,0.0,0,0.0,0.0,1,0.0,0.0,1,0.0,0.0,0,0.0,0.0,7,-0.21428571428571427,0.03231292517006802
2021-12-03,3,0.030303030303030304,0.0,0.030303030303030304,-0.16666666666666666,0,0.0,0.0,0,0.0,0.0,1,0.0,0.0,1,0.0,0.0,0,0.0,0.0,1,-0.5,0.09090909090909091
2021-12-06,4,0.054945054945054944,0.0,0.0,-0.29166666666666663,1,0.0,0.0,0,0.0,0.0,0,0.0,0.0,0,0.0,0.0,0,0.0,0.0,3,-0.38888888888888884,0.07326007326007326
2021-12-07,6,0.07169913419913419,0.0249554367201426,0.0249554367201426,-0.15277777777777776,0,0.0,0.0,1,0.5,0.0,0,0.0,0.0,1,-0.5,0.09090909090909091,1,-0.6666666666666666,0.125,3,-0.08333333333333333,0.07142857142857142
2021-12-08,3,0.04945054945054945,0.0,0.0,-0.3333333333333333,1,-0.5,0.07142857142857142,0,0.0,0.0,0,0.0,0.0,0,0.0,0.0,0,0.0,0.0,2,-0.25,0.038461538461538464
2021-12-09,8,0.08881274975024975,0.008333333333333333,0.0,-0.41666666666666663,2,-0.25,0.03125,0,0.0,0.0,0,0.0,0.0,0,0.0,0.0,0,0.0,0.0,6,-0.47222222222222215,0.108000333000333
2021-12-10,6,0.02857142857142857,0.050865800865800864,0.015151515151515152,0.125,0,0.0,0.0,0,0.0,0.0,0,0.0,0.0,0,0.0,0.0,0,0.0,0.0,6,0.125,0.02857142857142857
2021-12-13,16,0.028645833333333332,0.007638888888888889,0.02020898321449792,-0.010416666666666664,0,0.0,0.0,0,0.0,0.0,0,0.0,0.0,0,0.0,0.0,0,0.0,0.0,16,-0.010416666666666664,0.028645833333333332
2021-12-14,10,0.015,0.007692307692307693,0.02969187675070028,-0.05,1,0.0,0.0,0,0.0,0.0,0,0.0,0.0,0,0.0,0.0,0,0.0,0.0,9,-0.05555555555555555,0.016666666666666666
2021-12-15,10,0.04038461538461539,0.0,0.0,-0.175,0,0.0,0.0,0,0.0,0.0,0,0.0,0.0,1,-0.5,0.07692307692307693,0,0.0,0.0,9,-0.1388888888888889,0.03632478632478633
2021-12-16,10,0.022619047619047615,0.0,0.0,-0.11666666666666665,1,-0.5,0.08333333333333333,0,0.0,0.0,0,0.0,0.0,1,0.0,0.0,0,0.0,0.0,8,-0.08333333333333333,0.017857142857142856
2021-12-17,8,0.0676220709115446,0.0,0.0,-0.34375,1,-0.75,0.23076923076923078,1,-0.5,0.05263157894736842,0,0.0,0.0,0,0.0,0.0,0,0.0,0.0,6,-0.25,0.04292929292929293
2021-12-20,2,0.03125,0.029411764705882353,0.03125,0.0,0,0.0,0.0,0,0.0,0.0,0,0.0,0.0,0,0.0,0.0,0,0.0,0.0,2,0.0,0.03125
2021-12-21,2,0.08333333333333333,0.02631578947368421,0.0,-0.08333333333333331,1,0.5,0.0,0,0.0,0.0,0,0.0,0.0,0,0.0,0.0,0,0.0,0.0,1,-0.6666666666666666,0.16666666666666666
2021-12-22,0,0.0,0.0,0.0,0.0,0,0.0,0.0,0,0.0,0.0,0,0.0,0.0,0,0.0,0.0,0,0.0,0.0,0,0.0,0.0
2021-12-23,2,0.029411764705882353,0.0,0.0,-0.25,1,0.0,0.0,0,0.0,0.0,0,0.0,0.0,0,0.0,0.0,0,0.0,0.0,1,-0.5,0.058823529411764705
2021-12-24,0,0.0,0.0,0.0,0.0,0,0.0,0.0,0,0.0,0.0,0,0.0,0.0,0,0.0,0.0,0,0.0,0.0,0,0.0,0.0
2021-12-27,0,0.0,0.0,0.0,0.0,0,0.0,0.0,0,0.0,0.0,0,0.0,0.0,0,0.0,0.0,0,0.0,0.0,0,0.0,0.0
2021-12-28,1,0.0,0.0,0.0,0.0,0,0.0,0.0,0,0.0,0.0,0,0.0,0.0,0,0.0,0.0,0,0.0,0.0,1,0.0,0.0
2021-12-29,0,0.0,0.0,0.0,0.0,0,0.0,0.0,0,0.0,0.0,0,0.0,0.0,0,0.0,0.0,0,0.0,0.0,0,0.0,0.0
2021-12-30,3,0.07777777777777778,0.0,0.0,-0.38888888888888884,1,0.0,0.0,0,0.0,0.0,0,0.0,0.0,0,0.0,0.0,0,0.0,0.0,2,-0.5833333333333333,0.11666666666666667
2021-12-31,2,0.041666666666666664,0.0,0.03125,-0.25,0,0.0,0.0,1,-0.5,0.08333333333333333,0,0.0,0.0,0,0.0,0.0,0,0.0,0.0,1,0.0,0.0
2022-01-03,1,0.0,0.0,0.0,0.0,1,0.0,0.0,0,0.0,0.0,0,0.0,0.0,0,0.0,0.0,0,0.0,0.0,0,0.0,0.0
2022-01-04,3,0.0,0.046031746031746035,0.0196078431372549,0.3333333333333333,0,0.0,0.0,0,0.0,0.0,0,0.0,0.0,0,0.0,0.0,0,0.0,0.0,3,0.3333333333333333,0.0
2022-01-05,3,0.0,0.0,0.08750000000000001,0.0,0,0.0,0.0,0,0.0,0.0,0,0.0,0.0,1,0.0,0.0,0,0.0,0.0,2,0.0,0.0
2022-01-06,6,0.05128205128205129,0.0,0.031746031746031744,-0.20833333333333334,0,0.0,0.0,0,0.0,0.0,0,0.0,0.0,1,-0.5,0.07692307692307693,0,0.0,0.0,5,-0.15,0.046153846153846156
2022-01-07,7,0.07986299414870844,0.01020408163265306,0.0,-0.34523809523809523,0,0.0,0.0,0,0.0,0.0,0,0.0,0.0,0,0.0,0.0,1,-0.5,0.09090909090909091,6,-0.3194444444444444,0.07802197802197802
2022-01-10,7,0.0487012987012987,0.008928571428571428,0.01845238095238095,-0.16666666666666666,0,0.0,0.0,0,0.0,0.0,0,0.0,0.0,0,0.0,0.0,1,-0.6666666666666666,0.16666666666666666,6,-0.08333333333333333,0.029040404040404044
2022-01-11,9,0.016666666666666666,0.007407407407407408,0.01750841750841751,-0.05555555555555555,1,0.5,0.0,0,0.0,0.0,0,0.0,0.0,0,0.0,0.0,0,0.0,0.0,8,-0.125,0.01875
2022-01-12,10,0.016666666666666666,0.015384615384615385,0.015476190476190477,-0.03333333333333334,3,-0.16666666666666666,0.027777777777777776,1,-0.5,0.08333333333333333,0,0.0,0.0,0,0.0,0.0,0,0.0,0.0,7,0.023809523809523805,0.011904761904761904
2022-01-13,13,0.019320423166577012,0.02786743171358556,0.007692307692307693,0.038461538461538464,1,0.0,0.0,1,0.0,0.0,0,0.0,0.0,1,0.5,0.0,0,0.0,0.0,11,0.0,0.022833227378681927
2022-01-14,9,0.029232804232804235,0.0,0.009259259259259259,-0.16666666666666666,1,-0.5,0.06666666666666667,0,0.0,0.0,0,0.0,0.0,0,0.0,0.0,0,0.0,0.0,8,-0.125,0.024553571428571428
2022-01-17,10,0.024305555555555556,0.0,0.0,-0.125,3,-0.4166666666666667,0.08101851851851852,1,-0.75,0.1875,0,0.0,0.0,0,0.0,0.0,0,0.0,0.0,7,0.0,0.0
2022-01-18,2,0.19791666666666666,0.0,0.0,-0.65,2,-0.65,0.19791666666666666,0,0.0,0.0,0,0.0,0.0,0,0.0,0.0,0,0.0,0.0,0,0.0,0.0
2022-01-19,10,0.0419047619047619,0.01575757575757576,0.00625,-0.10833333333333332,4,-0.22916666666666666,0.06904761904761905,0,0.0,0.0,0,0.0,0.0,1,-0.6666666666666666,0.14285714285714285,0,0.0,0.0,5,0.1,0.0
2022-01-20,6,0.037545787545787544,0.0,0.016666666666666666,-0.25,1,-0.5,0.07142857142857142,0,0.0,0.0,0,0.0,0.0,0,0.0,0.0,0,0.0,0.0,5,-0.2,0.03076923076923077
2022-01-21,4,0.08712121212121213,0.022727272727272728,0.0,-0.20833333333333331,1,-0.6666666666666666,0.18181818181818182,1,-0.6666666666666666,0.18181818181818182,0,0.0,0.0,0,0.0,0.0,0,0.0,0.0,3,-0.055555555555555546,0.05555555555555555
2022-01-24,6,0.0,0.0,0.022624434389140274,0.0,1,0.0,0.0,0,0.0,0.0,0,0.0,0.0,0,0.0,0.0,0,0.0,0.0,5,0.0,0.0
2022-01-25,7,0.08125763125763126,0.009523809523809523,0.0,-0.35714285714285715,3,-0.6666666666666666,0.1396011396011396,0,0.0,0.0,0,0.0,0.0,0,0.0,0.0,0,0.0,0.0,4,-0.125,0.0375
2022-01-26,5,0.011764705882352941,0.0,0.0,-0.1,1,0.0,0.0,0,0.0,0.0,0,0.0,0.0,0,0.0,0.0,0,0.0,0.0,4,-0.125,0.014705882352941176
2022-01-27,10,0.07095238095238095,0.008333333333333333,0.01666666666666667,-0.275,1,-0.6666666666666666,0.14285714285714285,0,0.0,0.0,0,0.0,0.0,0,0.0,0.0,0,0.0,0.0,9,-0.23148148148148145,0.06296296296296296
2022-01-28,7,0.028811524609843937,0.025974025974025976,0.012987012987012988,-0.023809523809523805,1,-0.5,0.058823529411764705,0,0.0,0.0,0,0.0,0.0,0,0.0,0.0,0,0.0,0.0,6,0.05555555555555556,0.023809523809523808
2022-01-31,10,0.028168498168498167,0.01388888888888889,0.0,-0.06666666666666667,2,0.25,0.0,0,0.0,0.0,0,0.0,0.0,0,0.0,0.0,0,0.0,0.0,8,-0.14583333333333331,0.03521062271062271
2022-02-02,11,0.03303363303363304,0.01475796930342385,0.01475796930342385,-0.10606060606060605,5,-0.3333333333333333,0.05838827838827839,1,-0.5,0.07142857142857142,0,0.0,0.0,0,0.0,0.0,0,0.0,0.0,6,0.08333333333333333,0.011904761904761904
2022-02-03,6,0.025641025641025644,0.0,0.016666666666666666,-0.1111111111111111,2,-0.3333333333333333,0.07692307692307693,0,0.0,0.0,0,0.0,0.0,2,0.0,0.0,0,0.0,0.0,2,0.0,0.0
2022-02-04,4,0.0,0.05277777777777778,0.027777777777777776,0.25,0,0.0,0.0,0,0.0,0.0,0,0.0,0.0,0,0.0,0.0,0,0.0,0.0,4,0.25,0.0
2022-02-07,11,0.03836580086580087,0.011363636363636364,0.05833333333333333,-0.14393939393939392,3,0.0,0.0,1,0.0,0.0,1,0.0,0.0,0,0.0,0.0,0,0.0,0.0,7,-0.2261904761904762,0.0602891156462585
2022-02-08,7,0.03388278388278388,0.0,0.02030812324929972,-0.16666666666666666,3,-0.38888888888888884,0.07905982905982906,0,0.0,0.0,0,0.0,0.0,0,0.0,0.0,0,0.0,0.0,4,0.0,0.0
2022-02-09,7,0.02040816326530612,0.023191094619666047,0.02923669467787115,0.0,0,0.0,0.0,0,0.0,0.0,0,0.0,0.0,1,0.0,0.07142857142857142,0,0.0,0.0,7,0.0,0.02040816326530612
2022-02-10,13,0.018315018315018312,0.006993006993006993,0.015064102564102564,-0.07692307692307693,1,-0.5,0.07142857142857142,0,0.0,0.0,0,0.0,0.0,0,0.0,0.0,1,-0.5,0.07142857142857142,12,-0.041666666666666664,0.01388888888888889
2022-02-11,24,0.02273696393762183,0.015816648629148628,0.008785485347985348,-0.006944444444444443,2,0.0,0.03125,0,0.0,0.0,0,0.0,0.0,1,-0.6666666666666666,0.2222222222222222,0,0.0,0.0,22,-0.007575757575757574,0.021963051568314726
2022-02-14,13,0.026155255001408848,0.017596782302664656,0.016173570019723867,-0.07692307692307693,3,-0.5555555555555555,0.0876984126984127,1,0.5,0.0,0,0.0,0.0,0,0.0,0.0,0,0.0,0.0,10,-0.05,0.020192307692307693
2022-02-15,9,0.015343915343915345,0.01488095238095238,0.0,0.0,2,-0.25,0.03333333333333333,0,0.0,0.0,0,0.0,0.0,0,0.0,0.0,0,0.0,0.0,7,0.07142857142857142,0.01020408163265306
2022-02-16,7,0.01098901098901099,0.009523809523809523,0.04047619047619048,0.0,1,-0.5,0.07692307692307693,0,0.0,0.0,0,0.0,0.0,1,0.0,0.0,0,0.0,0.0,5,0.1,0.0
2022-02-17,9,0.006944444444444444,0.012345679012345678,0.008547008547008548,0.0,2,-0.25,0.03125,0,0.0,0.0,0,0.0,0.0,0,0.0,0.0,0,0.0,0.0,8,0.0,0.0078125
2022-02-18,5,0.05076923076923077,0.0,0.014285714285714285,-0.3,2,-0.25,0.038461538461538464,0,0.0,0.0,0,0.0,0.0,0,0.0,0.0,0,0.0,0.0,3,-0.3333333333333333,0.05897435897435898
2022-02-21,10,0.041299019607843136,0.00625,0.031223262032085565,-0.21666666666666665,6,-0.25,0.03758169934640523,2,-0.5,0.06458333333333333,0,0.0,0.0,0,0.0,0.0,0,0.0,0.0,3,-0.055555555555555546,0.041666666666666664
2022-02-22,7,0.05520669806384092,0.0,0.0,-0.3095238095238095,4,-0.41666666666666663,0.07738095238095237,2,-0.25,0.038461538461538464,0,0.0,0.0,0,0.0,0.0,0,0.0,0.0,1,0.0,0.0
2022-02-23,12,0.013131313131313133,0.020833333333333332,0.01993839493839494,0.0,8,0.0,0.008333333333333333,2,0.0,0.0,0,0.0,0.0,0,0.0,0.0,0,0.0,0.0,4,0.0,0.022727272727272728
2022-02-24,14,0.017838044308632544,0.0173992673992674,0.0047619047619047615,0.0,7,0.0,0.0226890756302521,4,-0.125,0.04772727272727273,0,0.0,0.0,1,0.0,0.0,0,0.0,0.0,4,0.125,0.0
2022-02-25,25,0.05362054612054612,0.002352941176470588,0.009576923076923077,-0.2633333333333333,23,-0.2644927536231884,0.054938720699590264,3,-0.3333333333333333,0.046474358974358976,0,0.0,0.0,1,0.0,0.0,0,0.0,0.0,3,-0.16666666666666666,0.023809523809523808
2022-03-01,60,0.03519691637338696,0.01279449716949717,0.017949441625912214,-0.14166666666666666,48,-0.1597222222222222,0.03913503435562259,14,-0.14285714285714285,0.023351648351648352,0,0.0,0.0,1,0.0,0.0,0,0.0,0.0,11,0.0,0.019047619047619046
2022-03-02,17,0.04795193626462976,0.024255156608097784,0.0,-0.14705882352941177,14,-0.21428571428571427,0.058227351178479,4,0.0,0.022727272727272728,0,0.0,0.0,1,0.6666666666666666,0.0,0,0.0,0.0,3,-0.2222222222222222,0.044444444444444446
2022-03-04,46,0.045379605718312135,0.006176049014923695,0.01698416093859626,-0.2463768115942029,33,-0.29292929292929293,0.05098709899934217,6,-0.3611111111111111,0.06298391151332328,0,0.0,0.0,3,-0.16666666666666666,0.04415954415954416,0,0.0,0.0,12,-0.125,0.02741702741702742
2022-03-07,25,0.0645956820956821,0.002857142857142857,0.024906204906204907,-0.31666666666666665,24,-0.3090277777777778,0.06349929006179006,2,0.0,0.0,0,0.0,0.0,0,0.0,0.0,0,0.0,0.0,4,-0.4583333333333333,0.08939393939393939
2022-03-08,22,0.04633707795472501,0.0021645021645021645,0.03489044378081811,-0.28030303030303033,16,-0.3229166666666667,0.04909294647346118,0,0.0,0.0,0,0.0,0.0,3,0.16666666666666666,0.0,0,0.0,0.0,4,-0.375,0.05848214285714286
2022-03-09,17,0.02461696799932094,0.0,0.013235294117647059,-0.14705882352941177,11,-0.13636363636363635,0.016792929292929294,0,0.0,0.0,0,0.0,0.0,0,0.0,0.0,0,0.0,0.0,6,-0.16666666666666666,0.03896103896103896
2022-03-10,12,0.048311410811410806,0.005555555555555556,0.006410256410256411,-0.2638888888888889,9,-0.35185185185185186,0.06441521441521442,1,-0.6666666666666666,0.14285714285714285,0,0.0,0.0,0,0.0,0.0,0,0.0,0.0,3,0.0,0.0
2022-03-11,26,0.0255771786031967,0.004273504273504273,0.0017482517482517483,-0.14102564102564102,12,-0.2638888888888889,0.0384249533146592,1,0.0,0.0,0,0.0,0.0,0,0.0,0.0,0,0.0,0.0,13,-0.038461538461538464,0.015685169531323376
2022-03-14,16,0.04503205128205128,0.0,0.01343864468864469,-0.22395833333333331,11,-0.2196969696969697,0.04638694638694638,4,-0.125,0.019230769230769232,0,0.0,0.0,0,0.0,0.0,0,0.0,0.0,5,-0.2333333333333333,0.04205128205128205
2022-03-15,21,0.014731319878378703,0.010170734960650926,0.006377551020408163,-0.047619047619047616,15,-0.06666666666666667,0.015495642701525056,0,0.0,0.0,0,0.0,0.0,0,0.0,0.0,0,0.0,0.0,7,0.0,0.019392372333548808
2022-03-16,17,0.04692684766214178,0.003676470588235294,0.00718954248366013,-0.23529411764705882,8,-0.29166666666666663,0.05857371794871795,1,0.0,0.0,0,0.0,0.0,0,0.0,0.0,1,0.0,0.0625,8,-0.20833333333333331,0.03333333333333333
2022-03-17,25,0.024647352647352648,0.010714285714285714,0.01269047619047619,-0.09333333333333334,8,-0.10416666666666667,0.030113636363636363,3,-0.38888888888888884,0.0735042735042735,0,0.0,0.0,0,0.0,0.0,0,0.0,0.0,14,-0.02380952380952381,0.011054421768707483
2022-03-18,17,0.048910974646268764,0.010407239819004526,0.020016339869281047,-0.20588235294117646,11,-0.3181818181818182,0.06952908202908202,1,0.5,0.0,0,0.0,0.0,0,0.0,0.0,0,0.0,0.0,6,-0.16666666666666666,0.021527777777777774
2022-03-21,11,0.021830143540669856,0.038022284732811044,0.0200068870523416,0.09090909090909091,4,-0.16666666666666666,0.060032894736842105,1,0.0,0.0,0,0.0,0.0,0,0.0,0.0,0,0.0,0.0,6,0.27777777777777773,0.0
2022-03-22,13,0.0326007326007326,0.011904761904761906,0.005494505494505494,-0.1282051282051282,5,-0.1,0.02857142857142857,1,0.5,0.0,0,0.0,0.0,0,0.0,0.0,1,-0.6666666666666666,0.14285714285714285,6,-0.16666666666666666,0.023015873015873017
2022-03-23,11,0.007575757575757575,0.0,0.02281639928698752,-0.045454545454545456,6,-0.08333333333333333,0.013888888888888888,1,-0.5,0.08333333333333333,0,0.0,0.0,1,-0.5,0.08333333333333333,0,0.0,0.0,6,0.0,0.0
2022-03-24,15,0.030002154708037063,0.0,0.0,-0.17777777777777776,9,-0.18518518518518517,0.03606023606023606,1,-0.5,0.06666666666666667,0,0.0,0.0,0,0.0,0.0,0,0.0,0.0,5,-0.1,0.011764705882352941
2022-03-25,14,0.024509803921568627,0.012867647058823529,0.006493506493506494,-0.08333333333333333,10,-0.16666666666666666,0.022549019607843137,4,0.0,0.0,0,0.0,0.0,0,0.0,0.0,0,0.0,0.0,3,0.16666666666666666,0.0392156862745098
2022-03-28,12,0.005208333333333333,0.005952380952380952,0.02591540404040404,0.0,6,0.0,0.010416666666666666,4,-0.125,0.015625,0,0.0,0.0,0,0.0,0.0,0,0.0,0.0,5,0.0,0.0
2022-03-29,8,0.05,0.008928571428571428,0.016666666666666666,-0.21875,5,-0.2,0.026666666666666665,2,-0.25,0.03333333333333333,0,0.0,0.0,2,0.25,0.0,0,0.0,0.0,1,-0.75,0.2
2022-03-30,9,0.053734228734228735,0.0,0.008547008547008548,-0.35185185185185186,6,-0.3611111111111111,0.05587606837606838,1,-0.5,0.0625,0,0.0,0.0,0,0.0,0.0,0,0.0,0.0,5,-0.4,0.05755494505494505
2022-03-31,11,0.06712710195330517,0.007575757575757575,0.021522038567493115,-0.303030303030303,8,-0.41666666666666663,0.0766747651857946,0,0.0,0.0,0,0.0,0.0,2,-0.08333333333333331,0.09090909090909091,1,-0.5,0.0625,2,-0.25,0.0625
2022-04-01,12,0.03821733821733821,0.006944444444444444,0.005952380952380952,-0.18055555555555555,6,-0.4444444444444444,0.07643467643467643,3,-0.3333333333333333,0.05158730158730159,0,0.0,0.0,1,0.0,0.0,0,0.0,0.0,4,0.125,0.0
2022-04-04,15,0.025759854180906813,0.023737373737373738,0.014097007223942208,-0.03888888888888888,11,-0.1212121212121212,0.026862611073137387,2,-0.3333333333333333,0.05,0,0.0,0.0,1,0.0,0.0,0,0.0,0.0,3,0.25,0.030303030303030304
2022-04-05,6,0.05587606837606838,0.0,0.046474358974358976,-0.3333333333333333,5,-0.3,0.04205128205128205,2,-0.25,0.038461538461538464,0,0.0,0.0,0,0.0,0.0,0,0.0,0.0,2,-0.25,0.0625
2022-04-06,13,0.05114365272736313,0.0,0.014544279250161603,-0.28846153846153844,4,-0.3125,0.07554945054945056,3,-0.16666666666666666,0.023809523809523808,0,0.0,0.0,0,0.0,0.0,0,0.0,0.0,7,-0.35714285714285715,0.05180995475113122
2022-04-07,9,0.07613960113960114,0.018518518518518517,0.0,-0.2962962962962963,4,-0.5416666666666666,0.11041666666666666,2,-0.5,0.1125,0,0.0,0.0,0,0.0,0.0,0,0.0,0.0,5,-0.1,0.04871794871794872
2022-04-08,12,0.04430708180708181,0.012362637362637362,0.01779878618113912,-0.18055555555555555,4,-0.125,0.016666666666666666,0,0.0,0.0,0,0.0,0.0,0,0.0,0.0,0,0.0,0.0,8,-0.20833333333333331,0.05812728937728937
2022-04-11,17,0.042889702266409604,0.003676470588235294,0.011338358872960948,-0.22549019607843135,11,-0.25757575757575757,0.05525467355610896,1,-0.6666666666666666,0.18181818181818182,0,0.0,0.0,1,-0.5,0.1,0,0.0,0.0,6,-0.16666666666666666,0.02022058823529412
2022-04-12,12,0.011160714285714286,0.010416666666666666,0.013131313131313133,-0.02777777777777778,4,0.0,0.0,0,0.0,0.0,0,0.0,0.0,0,0.0,0.0,0,0.0,0.0,8,-0.04166666666666667,0.016741071428571428
2022-04-13,22,0.015043290043290043,0.0037878787878787876,0.007034632034632035,-0.06818181818181818,1,0.0,0.0,0,0.0,0.0,0,0.0,0.0,0,0.0,0.0,0,0.0,0.0,21,-0.07142857142857142,0.015759637188208615
2022-04-14,18,0.026264245014245013,0.00771604938271605,0.011805555555555555,-0.07870370370370369,5,-0.2833333333333333,0.0625,1,0.0,0.0,0,0.0,0.0,0,0.0,0.0,0,0.0,0.0,13,0.0,0.012327416173570018
2022-04-18,20,0.026137820512820514,0.018015873015873016,0.02945653396311291,-0.09166666666666667,9,-0.2222222222222222,0.04027777777777777,2,-0.25,0.06666666666666667,0,0.0,0.0,1,0.0,0.0,0,0.0,0.0,11,0.015151515151515148,0.014568764568764568
2022-04-19,9,0.02093090947580112,0.016483516483516484,0.014394961763382817,-0.05555555555555555,3,0.16666666666666666,0.0,1,-0.5,0.058823529411764705,0,0.0,0.0,1,0.5,0.0,0,0.0,0.0,5,-0.1,0.025910931174089068
2022-04-20,16,0.022550160913647754,0.004166666666666667,0.019791666666666666,-0.125,9,-0.16666666666666666,0.02205165692007797,1,0.0,0.0,0,0.0,0.0,2,0.0,0.0,0,0.0,0.0,6,-0.16666666666666666,0.040945165945165944
2022-04-21,8,0.039780287114845936,0.0,0.016281512605042014,-0.2708333333333333,4,-0.29166666666666663,0.04607843137254902,2,-0.25,0.03333333333333333,0,0.0,0.0,0,0.0,0.0,1,-0.6666666666666666,0.11764705882352941,5,-0.3333333333333333,0.05031512605042017
2022-04-22,6,0.013888888888888888,0.030303030303030304,0.03896103896103896,0.027777777777777773,1,0.0,0.0,0,0.0,0.0,0,0.0,0.0,0,0.0,0.0,0,0.0,0.0,5,0.033333333333333326,0.016666666666666666
2022-04-25,7,0.037066108494679915,0.0,0.01098901098901099,-0.21428571428571427,2,-0.5,0.09126984126984126,1,-0.5,0.1111111111111111,0,0.0,0.0,0,0.0,0.0,0,0.0,0.0,5,-0.1,0.015384615384615385
2022-04-26,8,0.07908653846153846,0.0140625,0.0078125,-0.20833333333333331,2,-0.25,0.038461538461538464,0,0.0,0.0,0,0.0,0.0,0,0.0,0.0,0,0.0,0.0,6,-0.19444444444444442,0.09262820512820513
2022-04-27,7,0.008928571428571428,0.0,0.029852092352092352,-0.07142857142857142,2,-0.25,0.03125,0,0.0,0.0,0,0.0,0.0,0,0.0,0.0,0,0.0,0.0,5,0.0,0.0
2022-04-28,6,0.06413398692810457,0.0,0.0,-0.38888888888888884,4,-0.4583333333333333,0.07536764705882353,0,0.0,0.0,0,0.0,0.0,0,0.0,0.0,0,0.0,0.0,2,-0.25,0.041666666666666664
2022-05-09,86,0.029710260669562994,0.009537961858143295,0.017309961220609935,-0.11724806201550388,26,-0.1346153846153846,0.022629613975767824,3,-0.3333333333333333,0.06084656084656084,1,-0.5,0.07142857142857142,4,0.0,0.027777777777777776,0,0.0,0.0,64,-0.10286458333333333,0.030729882097069595
2022-05-10,12,0.01867167919799499,0.019307081807081808,0.029818865345181134,0.0,2,0.0,0.0,1,-0.5,0.1,0,0.0,0.0,1,-0.5,0.1,1,-0.5,0.07142857142857142,9,0.05555555555555555,0.013784461152882205
2022-05-11,11,0.015584415584415584,0.017355371900826446,0.006993006993006993,0.0,4,0.0,0.0,0,0.0,0.0,1,0.0,0.0,0,0.0,0.0,0,0.0,0.0,7,0.0,0.024489795918367346
2022-05-12,18,0.030348124098124096,0.008597883597883597,0.003472222222222222,-0.12037037037037036,3,0.0,0.030303030303030304,0,0.0,0.0,0,0.0,0.0,1,0.0,0.0,0,0.0,0.0,15,-0.14444444444444443,0.030357142857142857
2022-05-13,9,0.04259259259259259,0.0,0.0,-0.14814814814814814,2,-0.6666666666666666,0.19166666666666665,0,0.0,0.0,0,0.0,0.0,0,0.0,0.0,0,0.0,0.0,7,0.0,0.0
2022-05-17,23,0.03443911161302465,0.006340579710144927,0.007065217391304348,-0.12318840579710144,12,-0.013888888888888886,0.010416666666666666,0,0.0,0.0,1,-0.6666666666666666,0.125,1,0.5,0.0,0,0.0,0.0,10,-0.31666666666666665,0.0667099567099567
2022-05-18,8,0.016281512605042014,0.0125,0.008333333333333333,-0.0625,2,-0.5,0.06512605042016806,0,0.0,0.0,0,0.0,0.0,1,0.0,0.0,0,0.0,0.0,6,0.0,0.011904761904761904
2022-05-19,9,0.023979107312440646,0.0,0.0,-0.16666666666666666,2,-0.25,0.027777777777777776,0,0.0,0.0,0,0.0,0.0,0,0.0,0.0,0,0.0,0.0,7,-0.14285714285714285,0.022893772893772892
2022-05-20,7,0.04252446592672156,0.0,0.0,-0.3095238095238095,3,-0.3333333333333333,0.03837719298245614,0,0.0,0.0,0,0.0,0.0,0,0.0,0.0,0,0.0,0.0,4,-0.29166666666666663,0.04563492063492063
2022-05-23,8,0.016281512605042014,0.0,0.008928571428571428,-0.125,3,-0.3333333333333333,0.0434173669467787,0,0.0,0.0,0,0.0,0.0,0,0.0,0.0,0,0.0,0.0,5,0.0,0.0
2022-05-24,10,0.06663461538461538,0.0,0.014358974358974357,-0.4166666666666667,6,-0.4444444444444444,0.06939102564102564,0,0.0,0.0,1,-0.5,0.06666666666666667,1,-0.5,0.0625,0,0.0,0.0,3,-0.3333333333333333,0.061111111111111116
2022-05-25,10,0.04943546649429002,0.0,0.014835164835164835,-0.275,3,-0.3333333333333333,0.046031746031746035,1,-0.5,0.06666666666666667,0,0.0,0.0,1,-0.5,0.06666666666666667,0,0.0,0.0,7,-0.25,0.050894203835380306
2022-05-27,17,0.033672699849170436,0.00904977375565611,0.012928248222365869,-0.1372549019607843,5,-0.26666666666666666,0.07243589743589743,0,0.0,0.0,0,0.0,0.0,1,0.5,0.0,0,0.0,0.0,12,-0.08333333333333333,0.01752136752136752
2022-05-30,8,0.04520566239316239,0.03677312271062271,0.045701694139194136,0.04166666666666667,0,0.0,0.0,0,0.0,0.0,0,0.0,0.0,1,-0.6666666666666666,0.2222222222222222,0,0.0,0.0,7,0.14285714285714285,0.01991758241758242
2022-05-31,5,0.026785714285714284,0.0,0.0,-0.2,2,-0.5,0.06696428571428571,1,-0.5,0.07142857142857142,0,0.0,0.0,1,-0.5,0.07142857142857142,0,0.0,0.0,4,-0.125,0.015625
2022-06-02,24,0.0217276936026936,0.004166666666666667,0.0062499999999999995,-0.1111111111111111,6,-0.08333333333333333,0.016666666666666666,3,-0.16666666666666666,0.018518518518518517,0,0.0,0.0,5,-0.2,0.03111111111111111,0,0.0,0.0,14,-0.11904761904761904,0.026136363636363635
2022-06-03,8,0.019852941176470587,0.0078125,0.0078125,-0.0625,4,0.0,0.025,2,0.0,0.0,0,0.0,0.0,1,-0.5,0.058823529411764705,0,0.0,0.0,3,0.0,0.0
2022-06-06,10,0.031130382775119612,0.005263157894736842,0.0,-0.13999999999999999,3,-0.13333333333333333,0.05263157894736842,0,0.0,0.0,0,0.0,0.0,2,-0.45,0.11019736842105263,0,0.0,0.0,6,-0.08333333333333333,0.015151515151515152
2022-06-07,6,0.018518518518518517,0.015151515151515152,0.0,0.0,1,0.0,0.0,0,0.0,0.0,1,-0.5,0.1111111111111111,0,0.0,0.0,0,0.0,0.0,4,0.125,0.0
2022-06-08,8,0.04065934065934066,0.009615384615384616,0.018543956043956044,-0.1875,1,-0.5,0.07142857142857142,0,0.0,0.0,0,0.0,0.0,0,0.0,0.0,0,0.0,0.0,7,-0.14285714285714285,0.03626373626373626
2022-06-09,6,0.024725274725274724,0.0,0.02393162393162393,-0.16666666666666666,1,0.0,0.0,0,0.0,0.0,0,0.0,0.0,0,0.0,0.0,0,0.0,0.0,5,-0.2,0.02967032967032967
2022-06-10,9,0.02546296296296296,0.0,0.006944444444444444,-0.12962962962962962,0,0.0,0.0,0,0.0,0.0,0,0.0,0.0,0,0.0,0.0,0,0.0,0.0,9,-0.12962962962962962,0.02546296296296296
2022-06-13,24,0.03369182900432901,0.019078144078144076,0.026971483037659505,-0.048611111111111105,6,-0.23611111111111108,0.07196969696969698,0,0.0,0.0,0,0.0,0.0,0,0.0,0.0,0,0.0,0.0,19,0.013157894736842105,0.01983082706766917
2022-06-14,7,0.026855742296918766,0.0,0.03705982392957182,-0.21428571428571427,2,-0.25,0.03125,0,0.0,0.0,0,0.0,0.0,1,0.0,0.0,0,0.0,0.0,5,-0.2,0.025098039215686273
2022-06-15,7,0.022222222222222223,0.008928571428571428,0.008928571428571428,-0.07142857142857142,1,0.0,0.0,0,0.0,0.0,0,0.0,0.0,1,-0.5,0.1,0,0.0,0.0,5,0.0,0.01111111111111111
2022-06-16,18,0.027572350489017156,0.0030864197530864196,0.017155683822350488,-0.12962962962962962,3,0.0,0.0,1,0.0,0.0,0,0.0,0.0,0,0.0,0.0,0,0.0,0.0,15,-0.15555555555555553,0.03308682058682059
2022-06-17,15,0.023232323232323233,0.013055555555555555,0.020664983164983164,-0.011111111111111108,3,0.5,0.0,0,0.0,0.0,0,0.0,0.0,1,0.5,0.0,0,0.0,0.0,12,-0.13888888888888887,0.029040404040404044
2022-06-20,13,0.08067878576928351,0.004807692307692308,0.009935897435897435,-0.34615384615384615,4,-0.41666666666666663,0.0698340874811463,2,-0.3333333333333333,0.07692307692307693,0,0.0,0.0,0,0.0,0.0,0,0.0,0.0,9,-0.37037037037037035,0.09290605908252968
2022-06-21,7,0.017331932773109245,0.008928571428571428,0.017331932773109245,-0.07142857142857142,1,-0.5,0.0625,0,0.0,0.0,1,0.0,0.0,0,0.0,0.0,0,0.0,0.0,6,0.0,0.00980392156862745
2022-06-22,4,0.035897435897435895,0.0,0.013157894736842105,-0.25,1,0.0,0.0,0,0.0,0.0,0,0.0,0.0,0,0.0,0.0,0,0.0,0.0,3,-0.3333333333333333,0.04786324786324786
2022-06-23,8,0.05632440476190476,0.019230769230769232,0.028960622710622712,-0.19791666666666669,3,-0.16666666666666666,0.020833333333333332,1,0.6666666666666666,0.0,0,0.0,0.0,0,0.0,0.0,0,0.0,0.0,4,-0.4375,0.09702380952380953
2022-06-24,7,0.03637955182072829,0.006802721088435374,0.006802721088435374,-0.21428571428571427,0,0.0,0.0,0,0.0,0.0,0,0.0,0.0,1,-0.5,0.06666666666666667,0,0.0,0.0,7,-0.21428571428571427,0.03637955182072829
2022-06-27,6,0.027941176470588237,0.0,0.00980392156862745,-0.19444444444444442,4,-0.16666666666666666,0.029411764705882353,1,0.0,0.0,0,0.0,0.0,0,0.0,0.0,0,0.0,0.0,2,-0.25,0.025
2022-06-28,6,0.0,0.011111111111111112,0.013888888888888888,0.08333333333333333,2,0.0,0.0,0,0.0,0.0,0,0.0,0.0,0,0.0,0.0,0,0.0,0.0,4,0.125,0.0
2022-06-29,11,0.02047952047952048,0.0,0.01954711954711955,-0.13636363636363635,4,-0.125,0.019230769230769232,1,0.0,0.0,0,0.0,0.0,0,0.0,0.0,0,0.0,0.0,7,-0.14285714285714285,0.02119309262166405
2022-06-30,13,0.020267722473604827,0.010302197802197802,0.004807692307692308,-0.05128205128205128,5,0.1,0.0125,1,-0.5,0.0625,0,0.0,0.0,0,0.0,0.0,0,0.0,0.0,8,-0.14583333333333331,0.025122549019607844
2022-07-01,7,0.04829931972789116,0.0,0.03441558441558441,-0.3095238095238095,0,0.0,0.0,0,0.0,0.0,0,0.0,0.0,2,-0.5,0.07738095238095238,0,0.0,0.0,5,-0.2333333333333333,0.03666666666666667
2022-07-04,9,0.03885918003565062,0.0196078431372549,0.022222222222222223,-0.08333333333333333,3,0.25,0.0196078431372549,0,0.0,0.0,0,0.0,0.0,0,0.0,0.0,0,0.0,0.0,6,-0.25,0.048484848484848485
2022-07-05,3,0.07211538461538462,0.025641025641025644,0.025641025641025644,-0.2222222222222222,1,-0.5,0.0625,0,0.0,0.0,0,0.0,0.0,0,0.0,0.0,0,0.0,0.0,2,-0.08333333333333331,0.07692307692307693
2022-07-06,5,0.05428571428571429,0.0,0.02,-0.2333333333333333,1,0.0,0.0,0,0.0,0.0,1,0.0,0.0,1,0.0,0.0,0,0.0,0.0,3,-0.38888888888888884,0.09047619047619049
2022-07-07,9,0.029232804232804235,0.0,0.012566137566137565,-0.19444444444444445,2,-0.375,0.0625,1,0.0,0.0,0,0.0,0.0,1,0.0,0.0,0,0.0,0.0,6,-0.16666666666666666,0.023015873015873017
2022-07-08,5,0.02967032967032967,0.015384615384615385,0.0,-0.1,1,-0.5,0.07142857142857142,0,0.0,0.0,0,0.0,0.0,0,0.0,0.0,0,0.0,0.0,4,0.0,0.019230769230769232
2022-07-11,14,0.031073218761188685,0.016709183673469387,0.0047619047619047615,-0.10119047619047618,5,-0.13333333333333333,0.021052631578947368,0,0.0,0.0,0,0.0,0.0,0,0.0,0.0,0,0.0,0.0,9,-0.08333333333333333,0.03664021164021164
2022-07-12,8,0.032427345938375346,0.016666666666666666,0.01614583333333333,-0.15625,2,0.125,0.03333333333333333,0,0.0,0.0,0,0.0,0.0,0,0.0,0.0,0,0.0,0.0,6,-0.25,0.03212535014005602
2022-07-13,8,0.02827380952380952,0.009615384615384616,0.0078125,-0.08333333333333333,2,0.0,0.0,0,0.0,0.0,0,0.0,0.0,0,0.0,0.0,0,0.0,0.0,6,-0.1111111111111111,0.037698412698412696
2022-07-14,23,0.04047162343198149,0.011620082815734989,0.017028985507246377,-0.13768115942028986,3,-0.4166666666666667,0.10294117647058824,0,0.0,0.0,0,0.0,0.0,0,0.0,0.0,0,0.0,0.0,20,-0.09583333333333333,0.031101190476190477
2022-07-15,14,0.07926225820962662,0.0037593984962406013,0.0,-0.2857142857142857,3,-0.2222222222222222,0.08333333333333333,0,0.0,0.0,0,0.0,0.0,0,0.0,0.0,1,-0.75,0.25,13,-0.25,0.0661285857642133
2022-07-18,12,0.021377995642701524,0.005952380952380952,0.006944444444444444,-0.09722222222222221,2,-0.3333333333333333,0.058823529411764705,0,0.0,0.0,0,0.0,0.0,0,0.0,0.0,1,-0.5,0.05555555555555555,10,0.0,0.008333333333333333
2022-07-19,7,0.04829931972789116,0.009523809523809523,0.019727891156462587,-0.16666666666666666,0,0.0,0.0,0,0.0,0.0,0,0.0,0.0,0,0.0,0.0,0,0.0,0.0,7,-0.16666666666666666,0.04829931972789116
2022-07-20,6,0.06250675708880044,0.011111111111111112,0.019883040935672513,-0.3055555555555555,3,-0.38888888888888884,0.06198830409356725,0,0.0,0.0,0,0.0,0.0,0,0.0,0.0,0,0.0,0.0,3,-0.2222222222222222,0.06302521008403361
2022-07-21,8,0.022727272727272728,0.0,0.013888888888888888,-0.125,0,0.0,0.0,0,0.0,0.0,0,0.0,0.0,0,0.0,0.0,0,0.0,0.0,8,-0.125,0.022727272727272728
2022-07-22,7,0.0,0.0,0.006802721088435374,0.0,1,0.0,0.0,0,0.0,0.0,0,0.0,0.0,0,0.0,0.0,0,0.0,0.0,6,0.0,0.0
2022-07-25,7,0.030381383322559796,0.008928571428571428,0.0,-0.09523809523809523,2,0.0,0.0,0,0.0,0.0,0,0.0,0.0,0,0.0,0.0,0,0.0,0.0,6,-0.1111111111111111,0.0354449472096531
2022-07-26,7,0.08717247664616086,0.0,0.0,-0.47619047619047616,2,-0.5833333333333333,0.1,0,0.0,0.0,0,0.0,0.0,0,0.0,0.0,0,0.0,0.0,5,-0.4333333333333333,0.0820414673046252
2022-07-27,13,0.012121212121212123,0.025395927601809955,0.017717859064012912,0.08974358974358973,0,0.0,0.0,0,0.0,0.0,0,0.0,0.0,2,0.5833333333333333,0.0,0,0.0,0.0,11,0.0,0.014325068870523417
2022-07-28,11,0.01406926406926407,0.014568764568764568,0.007575757575757575,0.0,1,-0.5,0.08333333333333333,0,0.0,0.0,0,0.0,0.0,0,0.0,0.0,0,0.0,0.0,10,0.05,0.007142857142857143
2022-07-29,9,0.03555318138651472,0.02987136320469654,0.0,0.0,0,0.0,0.0,0,0.0,0.0,0,0.0,0.0,0,0.0,0.0,0,0.0,0.0,9,0.0,0.03555318138651472
2022-08-01,7,0.037585034013605446,0.03980053559885493,0.0,0.04761904761904762,2,-0.08333333333333331,0.0625,0,0.0,0.0,0,0.0,0.0,0,0.0,0.0,0,0.0,0.0,5,0.1,0.02761904761904762
2022-08-02,7,0.06632653061224489,0.0,0.01098901098901099,-0.3095238095238095,1,0.0,0.0,1,0.0,0.0,1,-0.5,0.07142857142857142,1,-0.5,0.14285714285714285,0,0.0,0.0,4,-0.29166666666666663,0.0625
2022-08-03,13,0.02432183201413971,0.011217948717948716,0.0,-0.05128205128205128,3,-0.16666666666666666,0.030303030303030304,0,0.0,0.0,0,0.0,0.0,0,0.0,0.0,0,0.0,0.0,10,-0.016666666666666663,0.022527472527472527
2022-08-04,8,0.04181235431235431,0.0,0.009615384615384616,-0.21875,2,-0.375,0.08333333333333333,0,0.0,0.0,0,0.0,0.0,0,0.0,0.0,0,0.0,0.0,6,-0.16666666666666666,0.027972027972027972
2022-08-05,6,0.07229437229437229,0.0,0.011904761904761904,-0.4444444444444444,2,-0.25,0.03333333333333333,0,0.0,0.0,0,0.0,0.0,0,0.0,0.0,1,-0.5,0.07142857142857142,3,-0.5555555555555555,0.09855699855699855
2022-08-08,11,0.023948273948273948,0.0,0.004329004329004329,-0.18181818181818182,2,-0.25,0.027777777777777776,2,-0.25,0.038461538461538464,0,0.0,0.0,0,0.0,0.0,0,0.0,0.0,8,-0.125,0.016369047619047616
2022-08-09,16,0.02060855810855811,0.01408102766798419,0.008630952380952382,-0.041666666666666664,3,0.16666666666666666,0.0,0,0.0,0.0,0,0.0,0.0,0,0.0,0.0,0,0.0,0.0,13,-0.08974358974358973,0.02536437921053306
2022-08-10,15,0.01179193899782135,0.004166666666666667,0.011328976034858388,-0.06666666666666667,3,0.0,0.0,0,0.0,0.0,0,0.0,0.0,0,0.0,0.0,0,0.0,0.0,12,-0.08333333333333333,0.014739923747276687
2022-08-11,16,0.018246336996336997,0.008333333333333333,0.012797619047619047,-0.0625,2,-0.3333333333333333,0.07692307692307693,0,0.0,0.0,0,0.0,0.0,0,0.0,0.0,0,0.0,0.0,14,-0.02380952380952381,0.009863945578231293
2022-08-12,11,0.02737868192413647,0.008264462809917356,0.008264462809917356,-0.13636363636363635,0,0.0,0.0,0,0.0,0.0,0,0.0,0.0,0,0.0,0.0,0,0.0,0.0,11,-0.13636363636363635,0.02737868192413647
2022-08-15,9,0.04186507936507936,0.016203703703703703,0.013838013838013839,-0.1388888888888889,2,0.0,0.0,0,0.0,0.0,0,0.0,0.0,0,0.0,0.0,0,0.0,0.0,7,-0.17857142857142858,0.0538265306122449
2022-08-16,7,0.046158463385354134,0.0,0.011904761904761904,-0.25,1,-0.5,0.058823529411764705,1,0.0,0.0,0,0.0,0.0,0,0.0,0.0,0,0.0,0.0,5,-0.25,0.052857142857142846
2022-08-18,18,0.036928411715563415,0.0032679738562091504,0.006746031746031746,-0.1898148148148148,6,-0.40277777777777773,0.08431464691139613,1,0.0,0.0,0,0.0,0.0,1,0.0,0.0,0,0.0,0.0,13,-0.11538461538461539,0.016265777566087162
2022-08-19,9,0.03333333333333334,0.011111111111111112,0.007407407407407408,-0.08333333333333333,1,-0.75,0.2,0,0.0,0.0,0,0.0,0.0,0,0.0,0.0,0,0.0,0.0,8,0.0,0.0125
2022-08-22,10,0.037884615384615385,0.0,0.007142857142857143,-0.21666666666666665,3,-0.38888888888888884,0.0673076923076923,0,0.0,0.0,0,0.0,0.0,0,0.0,0.0,0,0.0,0.0,7,-0.14285714285714285,0.025274725274725275
2022-08-23,3,0.07326007326007326,0.0,0.0,-0.38888888888888884,0,0.0,0.0,0,0.0,0.0,0,0.0,0.0,0,0.0,0.0,0,0.0,0.0,3,-0.38888888888888884,0.07326007326007326
2022-08-24,5,0.01,0.0,0.02426470588235294,-0.1,2,0.0,0.0,1,0.0,0.0,0,0.0,0.0,1,0.0,0.0,0,0.0,0.0,2,-0.25,0.025
2022-08-25,7,0.01020408163265306,0.009523809523809523,0.01913265306122449,0.0,2,0.0,0.0,0,0.0,0.0,0,0.0,0.0,0,0.0,0.0,0,0.0,0.0,5,0.0,0.014285714285714285
2022-08-26,4,0.013888888888888888,0.0,0.013888888888888888,-0.125,1,0.0,0.0,0,0.0,0.0,0,0.0,0.0,0,0.0,0.0,0,0.0,0.0,3,-0.16666666666666666,0.018518518518518517
2022-08-29,12,0.039718614718614716,0.011904761904761904,0.005952380952380952,-0.125,3,-0.3333333333333333,0.10476190476190476,1,-0.5,0.1,0,0.0,0.0,0,0.0,0.0,0,0.0,0.0,9,-0.05555555555555555,0.018037518037518036
2022-08-30,8,0.037645687645687646,0.008333333333333333,0.008333333333333333,-0.14583333333333331,2,0.0,0.0,0,0.0,0.0,0,0.0,0.0,0,0.0,0.0,0,0.0,0.0,6,-0.19444444444444442,0.050194250194250195
2022-08-31,7,0.03333333333333333,0.01098901098901099,0.02142857142857143,-0.14285714285714285,2,-0.25,0.03333333333333333,0,0.0,0.0,0,0.0,0.0,0,0.0,0.0,0,0.0,0.0,5,-0.1,0.03333333333333333
2022-09-01,5,0.014285714285714285,0.0,0.0,-0.1,1,-0.5,0.07142857142857142,0,0.0,0.0,0,0.0,0.0,1,0.0,0.0,0,0.0,0.0,3,0.0,0.0
2022-09-02,3,0.03333333333333333,0.0,0.0,-0.16666666666666666,1,0.0,0.0,0,0.0,0.0,0,0.0,0.0,0,0.0,0.0,0,0.0,0.0,2,-0.25,0.05
2022-09-05,5,0.0375,0.0,0.042023809523809526,-0.2333333333333333,1,0.0,0.0,0,0.0,0.0,0,0.0,0.0,1,0.0,0.0,0,0.0,0.0,3,-0.38888888888888884,0.0625
2022-09-06,4,0.07767232767232768,0.0,0.0,-0.41666666666666663,2,-0.5,0.08391608391608392,0,0.0,0.0,0,0.0,0.0,2,-0.5833333333333333,0.11688311688311688,0,0.0,0.0,2,-0.3333333333333333,0.07142857142857142
2022-09-07,9,0.0476753850438061,0.006944444444444444,0.015343915343915345,-0.3333333333333333,3,-0.5,0.052222222222222225,1,-0.5,0.05,0,0.0,0.0,3,-0.5,0.06278388278388279,0,0.0,0.0,4,-0.125,0.03101503759398496
2022-09-08,5,0.0,0.0,0.015384615384615385,0.0,0,0.0,0.0,0,0.0,0.0,0,0.0,0.0,0,0.0,0.0,0,0.0,0.0,5,0.0,0.0
2022-09-09,11,0.03506493506493506,0.0,0.0,-0.19696969696969696,1,-0.6666666666666666,0.14285714285714285,1,-0.5,0.1,0,0.0,0.0,0,0.0,0.0,0,0.0,0.0,9,-0.1111111111111111,0.015873015873015872
2022-09-12,9,0.015954415954415952,0.015954415954415952,0.024074074074074074,0.0,1,0.5,0.0,0,0.0,0.0,0,0.0,0.0,0,0.0,0.0,0,0.0,0.0,8,-0.0625,0.017948717948717947
2022-09-13,10,0.03839285714285714,0.00625,0.030192307692307695,-0.2,1,-0.5,0.0625,0,0.0,0.0,0,0.0,0.0,0,0.0,0.0,0,0.0,0.0,9,-0.16666666666666666,0.03571428571428571
2022-09-14,20,0.024084249084249085,0.0038461538461538464,0.028601398601398605,-0.09166666666666666,2,0.25,0.0,0,0.0,0.0,0,0.0,0.0,0,0.0,0.0,0,0.0,0.0,19,-0.12280701754385963,0.025351841141314824
2022-09-15,6,0.05222969754703501,0.020833333333333332,0.020833333333333332,-0.25,1,-0.5,0.058823529411764705,1,0.5,0.0,0,0.0,0.0,0,0.0,0.0,0,0.0,0.0,4,-0.375,0.06363866396761134
2022-09-16,7,0.01913265306122449,0.015873015873015872,0.009523809523809523,-0.07142857142857142,1,0.5,0.0,0,0.0,0.0,0,0.0,0.0,0,0.0,0.0,1,0.0,0.0,6,-0.08333333333333333,0.022321428571428572
2022-09-19,8,0.04153502747252747,0.027083333333333334,0.0,-0.08333333333333333,3,-0.38888888888888884,0.08992673992673993,0,0.0,0.0,1,0.0,0.0,0,0.0,0.0,0,0.0,0.0,4,0.125,0.015625
2022-09-20,7,0.011904761904761904,0.0,0.02976190476190476,-0.07142857142857142,0,0.0,0.0,0,0.0,0.0,0,0.0,0.0,0,0.0,0.0,0,0.0,0.0,7,-0.07142857142857142,0.011904761904761904
2022-09-21,13,0.039119703825586175,0.011517893870835046,0.02761266511266511,-0.07051282051282051,3,-0.47222222222222215,0.1695187165775401,1,-0.75,0.3,0,0.0,0.0,1,0.0,0.0,0,0.0,0.0,10,0.05,0.0
2022-09-22,20,0.04269392372333549,0.004166666666666667,0.005213903743315508,-0.21666666666666665,5,-0.5,0.09371794871794872,0,0.0,0.0,0,0.0,0.0,0,0.0,0.0,0,0.0,0.0,15,-0.12222222222222222,0.025685915391797747
2022-09-23,10,0.052202380952380945,0.017424242424242425,0.04151515151515152,-0.19,1,-0.4,0.25,0,0.0,0.0,0,0.0,0.0,1,-0.5,0.07142857142857142,0,0.0,0.0,8,-0.125,0.025074404761904763
2022-09-26,13,0.061958585657680684,0.003663003663003663,0.01104158998895841,-0.3333333333333333,2,-0.25,0.045454545454545456,0,0.0,0.0,0,0.0,0.0,0,0.0,0.0,1,-0.6666666666666666,0.1111111111111111,10,-0.31666666666666665,0.06034414115296468
2022-09-27,8,0.05591721874616611,0.02097902097902098,0.006578947368421052,-0.20833333333333331,3,-0.38888888888888884,0.06539074960127592,0,0.0,0.0,0,0.0,0.0,0,0.0,0.0,0,0.0,0.0,5,-0.1,0.050233100233100236
2022-09-28,4,0.07941176470588235,0.0,0.03553921568627451,-0.35416666666666663,1,-0.75,0.2,0,0.0,0.0,0,0.0,0.0,0,0.0,0.0,0,0.0,0.0,3,-0.2222222222222222,0.0392156862745098
2022-09-29,4,0.015625,0.0,0.0,-0.125,1,0.0,0.0,0,0.0,0.0,0,0.0,0.0,0,0.0,0.0,0,0.0,0.0,3,-0.16666666666666666,0.020833333333333332
2022-09-30,6,0.06780372405372405,0.024725274725274724,0.0,-0.25,1,-0.5,0.047619047619047616,0,0.0,0.0,0,0.0,0.0,0,0.0,0.0,0,0.0,0.0,5,-0.2,0.07184065934065934
2022-10-03,10,0.05733225108225108,0.0,0.0,-0.29166666666666663,4,-0.41666666666666663,0.06125992063492063,2,-0.25,0.03125,0,0.0,0.0,0,0.0,0.0,0,0.0,0.0,6,-0.20833333333333334,0.054713804713804715
2022-10-04,11,0.018614718614718615,0.0,0.012554112554112555,-0.13636363636363635,4,-0.125,0.016666666666666666,0,0.0,0.0,0,0.0,0.0,3,-0.3333333333333333,0.046031746031746035,0,0.0,0.0,4,0.0,0.0
2022-10-05,7,0.036309523809523805,0.008928571428571428,0.007936507936507936,-0.17857142857142858,3,-0.08333333333333333,0.041666666666666664,0,0.0,0.0,0,0.0,0.0,1,-0.5,0.06666666666666667,0,0.0,0.0,3,-0.16666666666666666,0.020833333333333332
2022-10-06,16,0.053098637473637474,0.0,0.005681818181818182,-0.2916666666666667,4,-0.125,0.03125,0,0.0,0.0,0,0.0,0.0,8,-0.4583333333333333,0.08876939033189032,0,0.0,0.0,5,-0.2,0.027884615384615386
2022-10-07,11,0.050473412505498076,0.0053475935828877,0.018235930735930737,-0.2333333333333333,1,-0.5,0.07142857142857142,1,0.0,0.0,0,0.0,0.0,4,-0.25,0.03137254901960784,0,0.0,0.0,5,-0.21333333333333332,0.07165775401069518
2022-10-10,9,0.02180236917079022,0.014814814814814815,0.008547008547008548,-0.05555555555555555,2,-0.25,0.038461538461538464,0,0.0,0.0,0,0.0,0.0,1,-0.5,0.05263157894736842,0,0.0,0.0,6,0.08333333333333333,0.011111111111111112
2022-10-11,12,0.02486263736263736,0.0,0.011160714285714286,-0.16666666666666666,2,-0.25,0.03571428571428571,0,0.0,0.0,0,0.0,0.0,2,-0.25,0.03571428571428571,0,0.0,0.0,9,-0.16666666666666666,0.025213675213675214
2022-10-12,14,0.0461626958475698,0.0,0.0,-0.2976190476190476,6,-0.3333333333333333,0.04494586296056884,1,-0.6666666666666666,0.15384615384615385,0,0.0,0.0,0,0.0,0.0,1,-0.5,0.08333333333333333,6,-0.16666666666666666,0.023237179487179488
2022-10-13,14,0.026561533704390846,0.02369178440607012,0.0,-0.011904761904761902,1,-0.5,0.06666666666666667,0,0.0,0.0,0,0.0,0.0,1,-0.6666666666666666,0.14285714285714285,0,0.0,0.0,12,0.08333333333333333,0.013528138528138528
2022-10-14,17,0.04819461584167467,0.011229946524064172,0.004524886877828055,-0.19999999999999998,3,-0.16666666666666666,0.025641025641025644,0,0.0,0.0,0,0.0,0.0,1,-0.5,0.07692307692307693,0,0.0,0.0,13,-0.1846153846153846,0.051189408881716573
2022-10-17,12,0.017992424242424244,0.005208333333333333,0.0,-0.0625,3,0.0,0.0,0,0.0,0.0,0,0.0,0.0,0,0.0,0.0,0,0.0,0.0,9,-0.08333333333333333,0.02398989898989899
2022-10-18,6,0.06739672364672365,0.0,0.0,-0.3611111111111111,5,-0.3333333333333333,0.058653846153846154,0,0.0,0.0,0,0.0,0.0,0,0.0,0.0,0,0.0,0.0,2,-0.5,0.09401709401709402
2022-10-19,7,0.03930995475113123,0.0,0.028244631185807657,-0.2857142857142857,3,-0.16666666666666666,0.0196078431372549,1,-0.5,0.058823529411764705,0,0.0,0.0,0,0.0,0.0,0,0.0,0.0,4,-0.375,0.054086538461538464
2022-10-20,5,0.03602941176470588,0.0,0.0,-0.2333333333333333,2,-0.3333333333333333,0.058823529411764705,0,0.0,0.0,0,0.0,0.0,0,0.0,0.0,0,0.0,0.0,3,-0.16666666666666666,0.020833333333333332
2022-10-21,7,0.0347985347985348,0.03241758241758242,0.022893772893772892,0.04761904761904762,1,0.0,0.0,1,0.0,0.0,0,0.0,0.0,0,0.0,0.0,1,-0.6666666666666666,0.16666666666666666,4,0.25,0.019230769230769232
2022-10-24,5,0.056336996336996334,0.014285714285714285,0.047619047619047616,-0.2333333333333333,2,-0.3333333333333333,0.06666666666666667,0,0.0,0.0,0,0.0,0.0,0,0.0,0.0,0,0.0,0.0,3,-0.16666666666666666,0.04945054945054945
2022-10-25,6,0.03758169934640523,0.0,0.02091503267973856,-0.25,0,0.0,0.0,0,0.0,0.0,0,0.0,0.0,1,-0.5,0.06666666666666667,0,0.0,0.0,5,-0.2,0.03176470588235294
2022-10-26,7,0.058688387635756054,0.017927170868347338,0.0,-0.19047619047619047,1,-0.6666666666666666,0.10526315789473684,0,0.0,0.0,0,0.0,0.0,1,-0.5,0.08333333333333333,0,0.0,0.0,5,-0.033333333333333326,0.04444444444444444
2022-10-27,3,0.06004901960784314,0.0,0.020833333333333332,-0.38888888888888884,2,-0.25,0.03125,1,-0.6666666666666666,0.11764705882352941,0,0.0,0.0,0,0.0,0.0,0,0.0,0.0,0,0.0,0.0
2022-10-28,6,0.02314814814814815,0.011111111111111112,0.009259259259259259,-0.08333333333333333,1,-0.5,0.05555555555555555,0,0.0,0.0,0,0.0,0.0,0,0.0,0.0,0,0.0,0.0,5,0.0,0.016666666666666666
2022-10-31,10,0.030476190476190473,0.029835164835164834,0.017698412698412696,-0.041666666666666664,3,-0.38888888888888884,0.059259259259259255,0,0.0,0.0,0,0.0,0.0,0,0.0,0.0,0,0.0,0.0,7,0.10714285714285714,0.018140589569160998
2022-11-01,6,0.0496031746031746,0.0,0.009259259259259259,-0.27777777777777773,2,-0.3333333333333333,0.07142857142857142,0,0.0,0.0,0,0.0,0.0,1,-0.6666666666666666,0.14285714285714285,1,-0.6666666666666666,0.14285714285714285,5,-0.3333333333333333,0.05952380952380952
2022-11-02,9,0.03415103415103415,0.007936507936507936,0.019400352733686066,-0.18518518518518517,1,-0.6666666666666666,0.14285714285714285,0,0.0,0.0,0,0.0,0.0,1,0.0,0.0,0,0.0,0.0,7,-0.14285714285714285,0.023500309214594926
2022-11-03,8,0.0,0.006578947368421052,0.0078125,0.0625,1,0.0,0.0,0,0.0,0.0,0,0.0,0.0,0,0.0,0.0,0,0.0,0.0,7,0.07142857142857142,0.0
2022-11-04,7,0.03767752715121136,0.008403361344537815,0.014661654135338346,-0.16666666666666666,1,-0.6666666666666666,0.1,0,0.0,0.0,0,0.0,0.0,0,0.0,0.0,0,0.0,0.0,7,-0.16666666666666666,0.03767752715121136
2022-11-07,6,0.025793650793650796,0.011904761904761904,0.025793650793650796,-0.08333333333333333,2,-0.25,0.03571428571428571,0,0.0,0.0,0,0.0,0.0,0,0.0,0.0,0,0.0,0.0,4,0.0,0.020833333333333332
2022-11-08,2,0.09090909090909091,0.0,0.0,-0.3333333333333333,0,0.0,0.0,0,0.0,0.0,0,0.0,0.0,0,0.0,0.0,0,0.0,0.0,2,-0.3333333333333333,0.09090909090909091
2022-11-09,8,0.052178948502477916,0.007352941176470588,0.009615384615384616,-0.22916666666666666,2,-0.3333333333333333,0.06666666666666667,0,0.0,0.0,0,0.0,0.0,0,0.0,0.0,0,0.0,0.0,6,-0.19444444444444442,0.047349709114414995
2022-11-10,11,0.04145854145854146,0.0,0.01475796930342385,-0.2121212121212121,1,0.0,0.0,0,0.0,0.0,0,0.0,0.0,0,0.0,0.0,0,0.0,0.0,10,-0.2333333333333333,0.04560439560439561
2022-11-11,19,0.04607066909698489,0.0035087719298245615,0.024579075894865368,-0.19736842105263158,2,0.25,0.0,1,-0.75,0.2727272727272727,0,0.0,0.0,0,0.0,0.0,0,0.0,0.0,16,-0.21875,0.037663465007215007
2022-11-14,7,0.10144557823129251,0.0,0.008928571428571428,-0.42857142857142855,1,-0.75,0.21428571428571427,0,0.0,0.0,0,0.0,0.0,1,-0.5,0.08333333333333333,1,-0.5,0.1,4,-0.3125,0.078125
2022-11-15,7,0.0,0.008928571428571428,0.02619047619047619,0.07142857142857142,1,0.0,0.0,0,0.0,0.0,0,0.0,0.0,0,0.0,0.0,0,0.0,0.0,6,0.08333333333333333,0.0
2022-11-16,12,0.03555021367521368,0.022685185185185183,0.004166666666666667,-0.1527777777777778,6,-0.3333333333333333,0.058279914529914524,1,0.0,0.0,0,0.0,0.0,0,0.0,0.0,0,0.0,0.0,6,0.027777777777777773,0.012820512820512822
2022-11-17,12,0.0472502035002035,0.011965811965811965,0.0,-0.2222222222222222,6,-0.4444444444444444,0.0825956450956451,0,0.0,0.0,0,0.0,0.0,0,0.0,0.0,0,0.0,0.0,6,0.0,0.011904761904761904
2022-11-18,7,0.05494505494505495,0.009523809523809523,0.0,-0.13095238095238096,1,-0.6666666666666666,0.15384615384615385,0,0.0,0.0,0,0.0,0.0,0,0.0,0.0,1,-0.75,0.23076923076923078,5,0.1,0.0
2022-11-21,8,0.011363636363636364,0.01614583333333333,0.016741071428571428,0.0625,2,0.0,0.0,0,0.0,0.0,0,0.0,0.0,0,0.0,0.0,0,0.0,0.0,6,0.08333333333333333,0.015151515151515152
2022-11-22,7,0.041999255842687946,0.011904761904761904,0.031795174210034895,-0.23809523809523808,0,0.0,0.0,1,-0.6666666666666666,0.1111111111111111,0,0.0,0.0,0,0.0,0.0,0,0.0,0.0,6,-0.16666666666666666,0.030480613297950754
2022-11-23,6,0.05158730158730159,0.0,0.011904761904761904,-0.2222222222222222,2,-0.3333333333333333,0.07142857142857142,0,0.0,0.0,0,0.0,0.0,0,0.0,0.0,1,-0.6666666666666666,0.16666666666666666,3,0.0,0.0
2022-11-24,6,0.05354020979020979,0.0,0.011111111111111112,-0.27777777777777773,2,-0.5,0.06971153846153846,0,0.0,0.0,0,0.0,0.0,0,0.0,0.0,0,0.0,0.0,4,-0.16666666666666666,0.045454545454545456
2022-11-25,3,0.0,0.047619047619047616,0.0,0.3333333333333333,2,0.25,0.0,0,0.0,0.0,0,0.0,0.0,0,0.0,0.0,0,0.0,0.0,1,0.5,0.0
2022-11-28,12,0.06291636604136604,0.0,0.012362637362637362,-0.27777777777777773,3,-0.16666666666666666,0.020833333333333332,0,0.0,0.0,0,0.0,0.0,0,0.0,0.0,2,-0.6666666666666666,0.2095238095238095,7,-0.21428571428571427,0.03906411049268192
2022-11-29,2,0.06696428571428571,0.0,0.0,-0.5,0,0.0,0.0,0,0.0,0.0,0,0.0,0.0,0,0.0,0.0,1,-0.5,0.0625,1,-0.5,0.07142857142857142
2022-11-30,6,0.05862547039017627,0.0,0.00980392156862745,-0.3055555555555555,1,-0.6666666666666666,0.1111111111111111,1,-0.6666666666666666,0.18181818181818182,0,0.0,0.0,1,-0.5,0.058823529411764705,1,0.0,0.0,2,0.0,0.0
2022-12-01,9,0.034567901234567905,0.008547008547008548,0.014550264550264548,-0.08333333333333333,2,-0.375,0.1,0,0.0,0.0,0,0.0,0.0,0,0.0,0.0,1,-0.5,0.1111111111111111,6,0.08333333333333333,0.0
2022-12-02,8,0.017427884615384616,0.0,0.0078125,-0.125,1,0.0,0.0,2,-0.25,0.03125,0,0.0,0.0,0,0.0,0.0,1,-0.5,0.07692307692307693,5,0.0,0.0
2022-12-05,4,0.0,0.019230769230769232,0.0,0.125,0,0.0,0.0,2,0.0,0.0,0,0.0,0.0,2,0.0,0.0,0,0.0,0.0,2,0.25,0.0
2022-12-06,5,0.04179292929292929,0.0,0.04318181818181818,-0.3,2,0.0,0.0,0,0.0,0.0,0,0.0,0.0,1,-0.5,0.05555555555555555,1,-0.5,0.0625,1,-0.5,0.09090909090909091
2022-12-07,9,0.03756613756613757,0.0,0.016203703703703703,-0.18518518518518517,2,-0.25,0.03571428571428571,0,0.0,0.0,0,0.0,0.0,0,0.0,0.0,0,0.0,0.0,7,-0.16666666666666666,0.03809523809523809
2022-12-08,6,0.03582820688083846,0.0,0.010416666666666666,-0.25,3,0.0,0.0,2,-0.25,0.03571428571428571,0,0.0,0.0,1,-0.5,0.05263157894736842,0,0.0,0.0,1,-0.5,0.09090909090909091
2022-12-09,8,0.06739758403361344,0.0,0.02395833333333333,-0.3958333333333333,4,-0.41666666666666663,0.07125350140056022,1,-0.6666666666666666,0.14285714285714285,0,0.0,0.0,0,0.0,0.0,0,0.0,0.0,4,-0.375,0.06354166666666666
2022-12-12,17,0.03456923699138232,0.004201680672268907,0.012283737024221452,-0.14215686274509803,1,-0.6666666666666666,0.11764705882352941,1,0.0,0.0,0,0.0,0.0,0,0.0,0.0,0,0.0,0.0,15,-0.11666666666666667,0.03133533133533133
2022-12-13,10,0.023809523809523808,0.014215686274509804,0.005,-0.05,2,-0.25,0.041666666666666664,1,-0.5,0.08333333333333333,0,0.0,0.0,0,0.0,0.0,1,-0.5,0.08333333333333333,7,0.07142857142857142,0.01020408163265306
2022-12-14,25,0.021555555555555553,0.007686274509803921,0.00819047619047619,-0.03333333333333333,2,0.0,0.0,0,0.0,0.0,0,0.0,0.0,1,0.0,0.0,0,0.0,0.0,22,-0.03787878787878787,0.024494949494949493
2022-12-15,15,0.01574074074074074,0.01485042735042735,0.0125,-0.011111111111111108,0,0.0,0.0,0,0.0,0.0,0,0.0,0.0,0,0.0,0.0,0,0.0,0.0,15,-0.011111111111111108,0.01574074074074074
2022-12-16,11,0.017045454545454544,0.011363636363636364,0.0,0.0,4,0.125,0.0,1,0.0,0.0,1,0.5,0.0,0,0.0,0.0,0,0.0,0.0,7,-0.07142857142857142,0.026785714285714284
2022-12-19,3,0.08838383838383838,0.0,0.027777777777777776,-0.38888888888888884,0,0.0,0.0,1,-0.6666666666666666,0.18181818181818182,0,0.0,0.0,0,0.0,0.0,0,0.0,0.0,2,-0.25,0.041666666666666664
2022-12-20,5,0.05246753246753246,0.01818181818181818,0.0,-0.2,1,0.0,0.0,0,0.0,0.0,0,0.0,0.0,1,-0.5,0.07142857142857142,0,0.0,0.0,3,-0.16666666666666666,0.06363636363636364
2022-12-21,3,0.025641025641025644,0.0,0.0196078431372549,-0.16666666666666666,2,-0.25,0.038461538461538464,0,0.0,0.0,0,0.0,0.0,0,0.0,0.0,0,0.0,0.0,1,0.0,0.0
2022-12-22,2,0.07692307692307693,0.0,0.03125,-0.3333333333333333,0,0.0,0.0,0,0.0,0.0,0,0.0,0.0,0,0.0,0.0,0,0.0,0.0,2,-0.3333333333333333,0.07692307692307693
2022-12-23,5,0.015384615384615385,0.03205128205128205,0.0,0.1,1,0.5,0.0,0,0.0,0.0,0,0.0,0.0,0,0.0,0.0,0,0.0,0.0,4,0.0,0.019230769230769232
2022-12-26,3,0.023809523809523808,0.0,0.05411255411255411,-0.16666666666666666,0,0.0,0.0,0,0.0,0.0,0,0.0,0.0,1,0.0,0.0,0,0.0,0.0,3,-0.16666666666666666,0.023809523809523808
2022-12-27,1,0.21428571428571427,0.0,0.0,-0.75,0,0.0,0.0,1,-0.75,0.21428571428571427,0,0.0,0.0,0,0.0,0.0,0,0.0,0.0,0,0.0,0.0
2022-12-28,2,0.08333333333333333,0.041666666666666664,0.0,-0.25,1,-0.5,0.08333333333333333,1,-0.5,0.08333333333333333,0,0.0,0.0,0,0.0,0.0,0,0.0,0.0,1,0.0,0.08333333333333333
2022-12-29,1,0.0,0.0,0.0,0.0,0,0.0,0.0,0,0.0,0.0,0,0.0,0.0,0,0.0,0.0,0,0.0,0.0,1,0.0,0.0
2022-12-30,5,0.026050420168067225,0.0,0.0,-0.2,4,-0.25,0.03256302521008403,0,0.0,0.0,0,0.0,0.0,1,0.0,0.0,1,-0.5,0.058823529411764705,1,0.0,0.0
2023-01-02,1,0.0,0.0,0.0,0.0,0,0.0,0.0,0,0.0,0.0,0,0.0,0.0,0,0.0,0.0,0,0.0,0.0,1,0.0,0.0
2023-01-03,2,0.0,0.03571428571428571,0.0,0.25,1,0.0,0.0,0,0.0,0.0,0,0.0,0.0,0,0.0,0.0,0,0.0,0.0,1,0.5,0.0
2023-01-04,6,0.0,0.035416666666666666,0.04189814814814815,0.25,1,0.0,0.0,0,0.0,0.0,0,0.0,0.0,1,0.5,0.0,0,0.0,0.0,4,0.25,0.0
2023-01-05,4,0.027777777777777776,0.0,0.0,-0.16666666666666666,1,-0.6666666666666666,0.1111111111111111,0,0.0,0.0,0,0.0,0.0,0,0.0,0.0,0,0.0,0.0,3,0.0,0.0
2023-01-06,4,0.0,0.0,0.0,0.0,0,0.0,0.0,0,0.0,0.0,0,0.0,0.0,0,0.0,0.0,0,0.0,0.0,4,0.0,0.0
2023-01-09,7,0.009523809523809523,0.02197802197802198,0.032034632034632034,0.023809523809523805,2,0.0,0.0,1,0.0,0.0,0,0.0,0.0,0,0.0,0.0,0,0.0,0.0,5,0.033333333333333326,0.013333333333333332
2023-01-10,7,0.0,0.035478806907378334,0.0,0.21428571428571427,1,0.0,0.0,0,0.0,0.0,0,0.0,0.0,0,0.0,0.0,0,0.0,0.0,6,0.25,0.0
2023-01-11,8,0.01875,0.0265625,0.010416666666666666,0.0625,1,0.0,0.06666666666666667,0,0.0,0.0,0,0.0,0.0,0,0.0,0.0,0,0.0,0.0,7,0.07142857142857142,0.011904761904761904
2023-01-12,13,0.04268757888667391,0.01853146853146853,0.004273504273504273,-0.07692307692307693,3,-0.16666666666666666,0.0196078431372549,0,0.0,0.0,0,0.0,0.0,0,0.0,0.0,0,0.0,0.0,10,-0.05,0.04961149961149961
2023-01-13,16,0.025244200244200245,0.009271978021978022,0.008680555555555556,-0.09375,0,0.0,0.0,0,0.0,0.0,0,0.0,0.0,1,0.5,0.0,0,0.0,0.0,15,-0.13333333333333333,0.026927146927146928
2023-01-16,9,0.035101010101010105,0.01515151515151515,0.005050505050505051,-0.07407407407407407,2,-0.3333333333333333,0.0625,0,0.0,0.0,0,0.0,0.0,0,0.0,0.0,0,0.0,0.0,7,0.0,0.027272727272727275
2023-01-17,5,0.03538461538461539,0.015384615384615385,0.0,-0.1,2,-0.25,0.05,0,0.0,0.0,0,0.0,0.0,0,0.0,0.0,0,0.0,0.0,3,0.0,0.025641025641025644
2023-01-18,11,0.02384887839433294,0.01584022038567493,0.007575757575757575,-0.045454545454545456,4,0.0,0.040584415584415584,1,-0.5,0.1,0,0.0,0.0,0,0.0,0.0,0,0.0,0.0,6,0.0,0.0
2023-01-19,11,0.04347369801915257,0.015782828282828284,0.006493506493506493,-0.1212121212121212,5,-0.3333333333333333,0.06707070707070707,0,0.0,0.0,1,-0.5,0.1111111111111111,1,-0.6666666666666666,0.14285714285714285,0,0.0,0.0,5,0.2,0.0
2023-01-20,6,0.0,0.038614163614163616,0.0,0.25,1,0.0,0.0,0,0.0,0.0,0,0.0,0.0,1,0.5,0.0,0,0.0,0.0,4,0.25,0.0
2023-01-24,13,0.043755421300670165,0.009332579185520362,0.010190664036817882,-0.20512820512820512,2,-0.3333333333333333,0.07692307692307693,2,-0.5,0.06944444444444445,0,0.0,0.0,1,0.0,0.0,0,0.0,0.0,8,-0.125,0.034510679271708686
2023-01-25,7,0.017857142857142856,0.0,0.008928571428571428,-0.14285714285714285,3,0.0,0.0,1,-0.5,0.0625,0,0.0,0.0,0,0.0,0.0,0,0.0,0.0,3,-0.16666666666666666,0.020833333333333332
2023-01-26,6,0.0,0.011111111111111112,0.016666666666666666,0.08333333333333333,4,0.125,0.0,1,0.0,0.0,0,0.0,0.0,0,0.0,0.0,0,0.0,0.0,2,0.0,0.0
2023-01-27,4,0.034722222222222224,0.015625,0.027777777777777776,-0.125,1,0.5,0.0,0,0.0,0.0,0,0.0,0.0,0,0.0,0.0,0,0.0,0.0,3,-0.3333333333333333,0.0462962962962963
2023-01-30,8,0.03728782182729551,0.0,0.011363636363636364,-0.25,3,-0.3333333333333333,0.04784688995215311,1,0.0,0.0,0,0.0,0.0,0,0.0,0.0,0,0.0,0.0,5,-0.2,0.030952380952380953
2023-01-31,6,0.023809523809523808,0.011904761904761904,0.03333333333333333,-0.041666666666666664,2,-0.125,0.07142857142857142,0,0.0,0.0,0,0.0,0.0,0,0.0,0.0,0,0.0,0.0,4,0.0,0.0
2023-02-01,10,0.04464285714285714,0.0,0.013247863247863248,-0.26666666666666666,0,0.0,0.0,1,-0.6666666666666666,0.125,0,0.0,0.0,0,0.0,0.0,0,0.0,0.0,9,-0.2222222222222222,0.03571428571428571
2023-02-02,14,0.033158904587476015,0.011054421768707483,0.0047619047619047615,-0.11904761904761904,4,-0.25,0.03708791208791209,0,0.0,0.0,0,0.0,0.0,1,0.0,0.0,0,0.0,0.0,9,-0.07407407407407407,0.03509700176366843
2023-02-03,4,0.0755050505050505,0.0,0.0,-0.41666666666666663,2,-0.5833333333333333,0.10555555555555556,1,-0.5,0.09090909090909091,0,0.0,0.0,0,0.0,0.0,0,0.0,0.0,1,0.0,0.0
2023-02-06,3,0.047619047619047616,0.0,0.0,-0.16666666666666666,1,-0.5,0.14285714285714285,0,0.0,0.0,0,0.0,0.0,0,0.0,0.0,0,0.0,0.0,2,0.0,0.0
2023-02-07,8,0.0317890314020345,0.024479166666666666,0.008928571428571428,-0.02083333333333333,3,0.16666666666666666,0.0,1,-0.6666666666666666,0.14285714285714285,0,0.0,0.0,0,0.0,0.0,0,0.0,0.0,4,0.0,0.02786377708978328
2023-02-08,10,0.021249999999999998,0.0,0.0,-0.15,1,0.0,0.0,0,0.0,0.0,0,0.0,0.0,0,0.0,0.0,0,0.0,0.0,9,-0.16666666666666666,0.02361111111111111
2023-02-09,5,0.033566433566433566,0.0,0.03076923076923077,-0.2,1,-0.5,0.09090909090909091,0,0.0,0.0,0,0.0,0.0,0,0.0,0.0,0,0.0,0.0,4,-0.125,0.019230769230769232
2023-02-10,6,0.019675925925925927,0.011904761904761904,0.023809523809523808,-0.08333333333333333,2,0.0,0.027777777777777776,1,-0.5,0.05555555555555555,0,0.0,0.0,0,0.0,0.0,0,0.0,0.0,4,-0.125,0.015625
2023-02-13,10,0.015,0.0,0.015384615384615385,-0.1,3,-0.3333333333333333,0.049999999999999996,1,0.0,0.0,0,0.0,0.0,0,0.0,0.0,0,0.0,0.0,6,0.0,0.0
2023-02-14,11,0.022333726879181424,0.0,0.02156177156177156,-0.13636363636363635,3,0.0,0.0,0,0.0,0.0,0,0.0,0.0,0,0.0,0.0,0,0.0,0.0,8,-0.1875,0.030708874458874456
2023-02-15,17,0.016347262887055274,0.01514079315936901,0.0034602076124567475,-0.019607843137254905,2,-0.25,0.029411764705882353,0,0.0,0.0,0,0.0,0.0,0,0.0,0.0,0,0.0,0.0,15,0.011111111111111108,0.014605329311211664
2023-02-16,10,0.04685406698564594,0.02,0.0,-0.1,3,-0.16666666666666666,0.041666666666666664,1,0.0,0.0,0,0.0,0.0,0,0.0,0.0,0,0.0,0.0,7,-0.07142857142857142,0.04907723855092277
2023-02-17,7,0.023191094619666047,0.0,0.0,-0.14285714285714285,0,0.0,0.0,1,0.0,0.0,0,0.0,0.0,0,0.0,0.0,0,0.0,0.0,6,-0.16666666666666666,0.027056277056277056
2023-02-20,10,0.03489468864468864,0.021501831501831502,0.02976190476190476,-0.06666666666666667,6,-0.19444444444444442,0.0581578144078144,0,0.0,0.0,0,0.0,0.0,0,0.0,0.0,0,0.0,0.0,4,0.125,0.0
2023-02-21,5,0.01111111111111111,0.0,0.02857142857142857,-0.1,4,-0.125,0.013888888888888888,0,0.0,0.0,0,0.0,0.0,0,0.0,0.0,0,0.0,0.0,3,0.0,0.0
2023-02-22,10,0.037868381618381616,0.03196672608437314,0.0,-0.016666666666666663,4,-0.29166666666666663,0.07904595404595405,0,0.0,0.0,0,0.0,0.0,0,0.0,0.0,0,0.0,0.0,6,0.16666666666666666,0.010416666666666666
2023-02-23,11,0.02554112554112554,0.006493506493506493,0.0,-0.10606060606060605,4,-0.29166666666666663,0.05357142857142857,0,0.0,0.0,0,0.0,0.0,0,0.0,0.0,0,0.0,0.0,7,0.0,0.009523809523809523
2023-02-24,9,0.031298331298331296,0.008547008547008548,0.008547008547008548,-0.16666666666666666,3,-0.3333333333333333,0.04786324786324786,0,0.0,0.0,0,0.0,0.0,0,0.0,0.0,0,0.0,0.0,6,-0.08333333333333333,0.023015873015873017
2023-02-27,19,0.019086176980913822,0.007807981492192018,0.0,-0.061403508771929814,5,-0.13333333333333333,0.02857142857142857,2,0.0,0.038461538461538464,0,0.0,0.0,0,0.0,0.0,0,0.0,0.0,13,-0.038461538461538464,0.010989010989010988
2023-02-28,2,0.0625,0.0,0.0,-0.3333333333333333,1,-0.6666666666666666,0.125,0,0.0,0.0,0,0.0,0.0,0,0.0,0.0,0,0.0,0.0,1,0.0,0.0
2023-03-01,3,0.027777777777777776,0.0,0.0,-0.16666666666666666,1,-0.5,0.08333333333333333,0,0.0,0.0,0,0.0,0.0,0,0.0,0.0,0,0.0,0.0,2,0.0,0.0
2023-03-02,9,0.015107212475633526,0.0,0.009259259259259259,-0.1111111111111111,2,0.0,0.0,0,0.0,0.0,0,0.0,0.0,0,0.0,0.0,0,0.0,0.0,7,-0.14285714285714285,0.019423558897243103
2023-03-03,9,0.025444925444925444,0.007936507936507936,0.0,-0.1111111111111111,2,-0.25,0.03333333333333333,1,0.0,0.07142857142857142,0,0.0,0.0,0,0.0,0.0,0,0.0,0.0,6,-0.08333333333333333,0.015151515151515152
2023-03-06,8,0.009615384615384616,0.016666666666666666,0.0,0.0625,4,-0.125,0.019230769230769232,0,0.0,0.0,0,0.0,0.0,1,0.5,0.0,0,0.0,0.0,3,0.16666666666666666,0.0
2023-03-07,7,0.019047619047619046,0.01991758241758242,0.008928571428571428,0.04761904761904762,2,-0.3333333333333333,0.06666666666666667,0,0.0,0.0,0,0.0,0.0,1,0.5,0.0,0,0.0,0.0,4,0.125,0.0
2023-03-08,7,0.036281179138321996,0.0,0.022108843537414966,-0.19047619047619047,2,-0.6666666666666666,0.12698412698412698,0,0.0,0.0,0,0.0,0.0,0,0.0,0.0,0,0.0,0.0,5,0.0,0.0
2023-03-09,9,0.057741686418156996,0.0,0.007936507936507936,-0.35185185185185186,3,-0.3333333333333333,0.04524886877828055,0,0.0,0.0,0,0.0,0.0,0,0.0,0.0,0,0.0,0.0,6,-0.3611111111111111,0.06398809523809523
2023-03-10,2,0.0,0.0,0.0,0.0,0,0.0,0.0,0,0.0,0.0,0,0.0,0.0,0,0.0,0.0,0,0.0,0.0,2,0.0,0.0
2023-03-13,6,0.022222222222222223,0.0,0.011904761904761904,-0.16666666666666666,2,0.0,0.0,0,0.0,0.0,0,0.0,0.0,0,0.0,0.0,0,0.0,0.0,4,-0.25,0.03333333333333333
2023-03-14,7,0.03701561596298438,0.01098901098901099,0.04925074925074925,-0.16666666666666666,1,-0.6666666666666666,0.10526315789473684,0,0.0,0.0,0,0.0,0.0,0,0.0,0.0,0,0.0,0.0,6,-0.08333333333333333,0.025641025641025644
2023-03-15,9,0.020282186948853614,0.007936507936507936,0.016666666666666666,-0.05555555555555555,2,0.0,0.0,0,0.0,0.0,0,0.0,0.0,0,0.0,0.0,0,0.0,0.0,7,-0.07142857142857142,0.026077097505668934
2023-03-16,7,0.019727891156462587,0.006802721088435374,0.009523809523809523,-0.07142857142857142,1,0.0,0.0,0,0.0,0.0,0,0.0,0.0,0,0.0,0.0,0,0.0,0.0,6,-0.08333333333333333,0.023015873015873017
2023-03-17,6,0.011904761904761904,0.013888888888888888,0.02393162393162393,0.0,2,0.0,0.0,0,0.0,0.0,0,0.0,0.0,0,0.0,0.0,0,0.0,0.0,4,0.0,0.017857142857142856
2023-03-20,7,0.08349983349983349,0.01098901098901099,0.0,-0.2928571428571428,3,-0.5166666666666667,0.13888888888888887,0,0.0,0.0,0,0.0,0.0,0,0.0,0.0,0,0.0,0.0,4,-0.125,0.04195804195804196
2023-03-21,4,0.014705882352941176,0.0,0.0,-0.125,2,0.0,0.0,0,0.0,0.0,0,0.0,0.0,0,0.0,0.0,0,0.0,0.0,2,-0.25,0.029411764705882353
2023-03-24,30,0.02805968541262659,0.007425213675213675,0.017199956905839257,-0.1111111111111111,6,-0.1111111111111111,0.03952991452991453,0,0.0,0.0,0,0.0,0.0,1,-0.5,0.07142857142857142,0,0.0,0.0,23,-0.09420289855072463,0.023181847990032135
2023-03-27,7,0.06190476190476191,0.0,0.008928571428571428,-0.2619047619047619,4,-0.16666666666666666,0.05,0,0.0,0.0,0,0.0,0.0,1,-0.5,0.06666666666666667,0,0.0,0.0,2,-0.3333333333333333,0.08333333333333333
2023-03-28,3,0.027777777777777776,0.027777777777777776,0.0,0.0,1,0.0,0.0,1,0.5,0.0,0,0.0,0.0,0,0.0,0.0,0,0.0,0.0,1,-0.5,0.08333333333333333
2023-03-29,6,0.05714285714285714,0.0,0.0196078431372549,-0.23611111111111108,1,0.0,0.0,1,-0.6666666666666666,0.14285714285714285,0,0.0,0.0,0,0.0,0.0,0,0.0,0.0,4,-0.1875,0.05
2023-03-30,3,0.04047619047619048,0.0,0.04047619047619048,-0.3333333333333333,2,-0.25,0.03571428571428571,0,0.0,0.0,0,0.0,0.0,0,0.0,0.0,0,0.0,0.0,1,-0.5,0.05
2023-03-31,1,0.1,0.0,0.0,-0.5,1,-0.5,0.1,0,0.0,0.0,0,0.0,0.0,0,0.0,0.0,0,0.0,0.0,0,0.0,0.0
2023-04-03,14,0.03978283621140764,0.01591117216117216,0.005494505494505495,-0.14285714285714285,2,-0.25,0.038461538461538464,2,-0.25,0.08012820512820512,0,0.0,0.0,4,-0.125,0.054945054945054944,0,0.0,0.0,6,-0.08333333333333333,0.016666666666666666
2023-04-04,11,0.058233596468890585,0.012554112554112555,0.020499108734402853,-0.2424242424242424,3,-0.2222222222222222,0.08095238095238096,0,0.0,0.0,0,0.0,0.0,5,-0.5,0.07954248366013073,0,0.0,0.0,3,0.16666666666666666,0.0
2023-04-05,4,0.0,0.019230769230769232,0.03125,0.125,1,0.5,0.0,0,0.0,0.0,0,0.0,0.0,1,0.0,0.0,0,0.0,0.0,3,0.0,0.0
2023-04-06,3,0.046969696969696974,0.0,0.0,-0.3333333333333333,2,-0.25,0.045454545454545456,0,0.0,0.0,0,0.0,0.0,0,0.0,0.0,0,0.0,0.0,1,-0.5,0.05
2023-04-10,6,0.04312354312354313,0.0,0.02948717948717949,-0.19444444444444442,3,-0.2222222222222222,0.06060606060606061,0,0.0,0.0,0,0.0,0.0,0,0.0,0.0,0,0.0,0.0,3,-0.16666666666666666,0.025641025641025644
2023-04-11,5,0.0,0.0,0.016666666666666666,0.0,0,0.0,0.0,0,0.0,0.0,0,0.0,0.0,1,0.0,0.0,0,0.0,0.0,4,0.0,0.0
2023-04-12,8,0.025301659125188537,0.0,0.007352941176470588,-0.1875,1,0.0,0.0,0,0.0,0.0,0,0.0,0.0,0,0.0,0.0,0,0.0,0.0,7,-0.21428571428571427,0.02891618185735833
2023-04-13,13,0.05725524475524476,0.005128205128205128,0.005128205128205128,-0.14102564102564102,1,0.0,0.0,1,0.0,0.0,0,0.0,0.0,1,-0.5,0.0625,0,0.0,0.0,12,-0.15277777777777776,0.06202651515151516
2023-04-14,9,0.005847953216374269,0.0,0.024366471734892786,-0.05555555555555555,1,0.0,0.0,1,0.0,0.0,0,0.0,0.0,0,0.0,0.0,0,0.0,0.0,8,-0.0625,0.006578947368421052
2023-04-17,9,0.05242374727668845,0.02962962962962963,0.006944444444444444,-0.18518518518518517,1,-0.6666666666666666,0.11764705882352941,0,0.0,0.0,0,0.0,0.0,1,-0.6666666666666666,0.125,0,0.0,0.0,7,-0.04761904761904762,0.03273809523809524
2023-04-18,4,0.043560606060606064,0.0,0.0,-0.25,3,-0.3333333333333333,0.05808080808080809,0,0.0,0.0,0,0.0,0.0,0,0.0,0.0,0,0.0,0.0,1,0.0,0.0
2023-04-26,26,0.0552690898844745,0.005362426035502959,0.0,-0.2564102564102564,10,-0.25,0.05769230769230769,2,-0.3333333333333333,0.07142857142857142,0,0.0,0.0,1,0.0,0.0,1,-0.5,0.2,13,-0.23076923076923078,0.039785855170470556
2023-04-27,4,0.017857142857142856,0.020833333333333332,0.0,0.0,3,-0.16666666666666666,0.023809523809523808,0,0.0,0.0,0,0.0,0.0,0,0.0,0.0,0,0.0,0.0,1,0.5,0.0
2023-04-28,7,0.08203924926614002,0.0,0.02040816326530612,-0.41666666666666663,5,-0.3333333333333333,0.05381598793363499,1,-0.6666666666666666,0.13333333333333333,0,0.0,0.0,1,-0.5,0.09090909090909091,0,0.0,0.0,1,-0.75,0.21428571428571427
2023-05-02,9,0.039351851851851846,0.007407407407407408,0.0,-0.10185185185185185,2,-0.125,0.09375,0,0.0,0.0,1,0.0,0.0,0,0.0,0.0,0,0.0,0.0,6,-0.1111111111111111,0.027777777777777776
2023-05-03,7,0.0511250654107797,0.0,0.02040816326530612,-0.3095238095238095,1,-0.6666666666666666,0.14285714285714285,0,0.0,0.0,0,0.0,0.0,1,0.0,0.0,0,0.0,0.0,5,-0.3,0.043003663003663005
2023-05-04,12,0.014930555555555556,0.010185185185185184,0.024933862433862433,-0.041666666666666664,1,-0.5,0.0625,0,0.0,0.0,0,0.0,0.0,0,0.0,0.0,0,0.0,0.0,11,0.0,0.010606060606060607
2023-05-05,4,0.055290297937356764,0.0,0.0,-0.375,1,-0.5,0.058823529411764705,0,0.0,0.0,0,0.0,0.0,0,0.0,0.0,0,0.0,0.0,3,-0.3333333333333333,0.05411255411255411
2023-05-08,4,0.0,0.015625,0.0,0.125,1,0.0,0.0,0,0.0,0.0,0,0.0,0.0,0,0.0,0.0,0,0.0,0.0,3,0.16666666666666666,0.0
2023-05-09,6,0.027056277056277056,0.015151515151515152,0.0,-0.08333333333333333,1,-0.5,0.07142857142857142,0,0.0,0.0,0,0.0,0.0,0,0.0,0.0,0,0.0,0.0,5,0.0,0.01818181818181818
2023-05-10,10,0.00909090909090909,0.0,0.015384615384615385,-0.05,1,-0.5,0.09090909090909091,0,0.0,0.0,0,0.0,0.0,0,0.0,0.0,0,0.0,0.0,9,0.0,0.0
2023-05-11,16,0.03397435897435898,0.020833333333333332,0.005208333333333333,-0.0625,3,-0.16666666666666666,0.027777777777777776,0,0.0,0.0,0,0.0,0.0,0,0.0,0.0,0,0.0,0.0,13,-0.038461538461538464,0.0354043392504931
2023-05-12,14,0.07786538857967429,0.019841269841269844,0.02131083202511774,-0.20833333333333331,4,-0.125,0.048611111111111105,0,0.0,0.0,0,0.0,0.0,0,0.0,0.0,0,0.0,0.0,10,-0.24166666666666664,0.08956709956709956
2023-05-15,9,0.007936507936507936,0.014394961763382817,0.0,0.05555555555555555,4,0.125,0.0,0,0.0,0.0,0,0.0,0.0,1,0.0,0.0,0,0.0,0.0,4,0.0,0.017857142857142856
2023-05-16,4,0.038461538461538464,0.027777777777777776,0.019230769230769232,-0.04166666666666666,1,0.0,0.0,0,0.0,0.0,0,0.0,0.0,0,0.0,0.0,0,0.0,0.0,3,-0.055555555555555546,0.05128205128205129
2023-05-17,4,0.0,0.0,0.0,0.0,1,0.0,0.0,0,0.0,0.0,0,0.0,0.0,0,0.0,0.0,0,0.0,0.0,3,0.0,0.0
2023-05-19,8,0.020833333333333332,0.0,0.010416666666666666,-0.08333333333333333,3,0.0,0.0,1,0.0,0.0,0,0.0,0.0,0,0.0,0.0,0,0.0,0.0,5,-0.13333333333333333,0.03333333333333333
2023-05-22,8,0.025595238095238095,0.0,0.007352941176470588,-0.14583333333333331,4,-0.29166666666666663,0.05119047619047619,2,-0.25,0.03571428571428571,0,0.0,0.0,0,0.0,0.0,0,0.0,0.0,5,0.0,0.0
2023-05-23,4,0.04006410256410256,0.0,0.019230769230769232,-0.25,2,-0.5,0.08012820512820512,0,0.0,0.0,0,0.0,0.0,0,0.0,0.0,0,0.0,0.0,2,0.0,0.0
2023-05-24,6,0.054234654234654234,0.0,0.0,-0.27777777777777773,2,-0.5833333333333333,0.12424242424242424,0,0.0,0.0,0,0.0,0.0,1,-0.5,0.07692307692307693,0,0.0,0.0,3,0.0,0.0
2023-05-25,3,0.0,0.025641025641025644,0.0,0.16666666666666666,1,0.0,0.0,0,0.0,0.0,0,0.0,0.0,0,0.0,0.0,0,0.0,0.0,2,0.25,0.0
2023-05-26,0,0.0,0.0,0.0,0.0,0,0.0,0.0,0,0.0,0.0,0,0.0,0.0,0,0.0,0.0,0,0.0,0.0,0,0.0,0.0
2023-05-29,5,0.0125,0.0,0.0125,-0.1,1,-0.5,0.0625,0,0.0,0.0,0,0.0,0.0,0,0.0,0.0,0,0.0,0.0,4,0.0,0.0
2023-05-30,3,0.025641025641025644,0.0,0.0,-0.16666666666666666,3,-0.16666666666666666,0.025641025641025644,0,0.0,0.0,0,0.0,0.0,0,0.0,0.0,0,0.0,0.0,0,0.0,0.0
2023-05-31,2,0.0625,0.0,0.0625,-0.3333333333333333,1,-0.6666666666666666,0.125,1,0.0,0.0,0,0.0,0.0,0,0.0,0.0,0,0.0,0.0,0,0.0,0.0
2023-06-05,28,0.03949767905567331,0.004464285714285714,0.011282467532467533,-0.20238095238095238,7,-0.39285714285714285,0.06649578491683754,0,0.0,0.0,0,0.0,0.0,6,-0.19444444444444442,0.03349673202614379,0,0.0,0.0,15,-0.11666666666666667,0.0292989417989418
2023-06-06,3,0.0196078431372549,0.018518518518518517,0.0,0.0,1,-0.5,0.058823529411764705,0,0.0,0.0,0,0.0,0.0,1,0.5,0.0,0,0.0,0.0,1,0.0,0.0
2023-06-07,4,0.06979166666666667,0.0375,0.03645833333333333,-0.1875,3,-0.16666666666666666,0.048611111111111105,0,0.0,0.0,0,0.0,0.0,0,0.0,0.0,1,-0.25,0.13333333333333333,0,0.0,0.0
2023-06-08,6,0.04957264957264957,0.011111111111111112,0.03504273504273504,-0.19444444444444442,3,-0.3333333333333333,0.04786324786324786,0,0.0,0.0,0,0.0,0.0,0,0.0,0.0,0,0.0,0.0,3,-0.055555555555555546,0.05128205128205129
2023-06-09,1,0.0,0.0,0.0,0.0,0,0.0,0.0,0,0.0,0.0,0,0.0,0.0,0,0.0,0.0,0,0.0,0.0,1,0.0,0.0
2023-06-12,10,0.01380952380952381,0.005263157894736842,0.006666666666666666,-0.05,2,-0.25,0.03571428571428571,0,0.0,0.0,0,0.0,0.0,0,0.0,0.0,0,0.0,0.0,8,0.0,0.008333333333333333
2023-06-13,7,0.023809523809523808,0.0,0.022108843537414966,-0.07142857142857142,1,0.0,0.0,0,0.0,0.0,0,0.0,0.0,0,0.0,0.0,0,0.0,0.0,6,-0.08333333333333333,0.027777777777777776
2023-06-14,13,0.037953179299333145,0.013186813186813187,0.055460650460650456,-0.15384615384615385,1,0.0,0.07142857142857142,0,0.0,0.0,0,0.0,0.0,0,0.0,0.0,0,0.0,0.0,12,-0.16666666666666666,0.035163563288563286
2023-06-15,16,0.008713942307692308,0.005208333333333333,0.01001602564102564,-0.03125,1,0.0,0.0,0,0.0,0.0,0,0.0,0.0,0,0.0,0.0,0,0.0,0.0,15,-0.03333333333333333,0.009294871794871795
2023-06-16,7,0.009523809523809523,0.0,0.02197802197802198,-0.07142857142857142,2,-0.25,0.03333333333333333,0,0.0,0.0,0,0.0,0.0,0,0.0,0.0,0,0.0,0.0,5,0.0,0.0
2023-06-19,8,0.009615384615384616,0.0,0.0,-0.0625,4,-0.125,0.019230769230769232,0,0.0,0.0,0,0.0,0.0,0,0.0,0.0,0,0.0,0.0,4,0.0,0.0
2023-06-20,4,0.029411764705882353,0.0,0.0,-0.16666666666666666,2,-0.3333333333333333,0.058823529411764705,0,0.0,0.0,0,0.0,0.0,0,0.0,0.0,0,0.0,0.0,2,0.0,0.0
2023-06-21,5,0.016666666666666666,0.0,0.013333333333333332,-0.1,2,-0.25,0.041666666666666664,0,0.0,0.0,0,0.0,0.0,0,0.0,0.0,0,0.0,0.0,3,0.0,0.0
2023-06-22,9,0.0,0.0,0.0,0.0,3,0.0,0.0,0,0.0,0.0,0,0.0,0.0,0,0.0,0.0,0,0.0,0.0,6,0.0,0.0
2023-06-23,12,0.015756302521008403,0.013888888888888888,0.0,-0.013888888888888886,1,0.5,0.0,1,0.0,0.0,1,-0.6666666666666666,0.11764705882352941,0,0.0,0.0,0,0.0,0.0,9,0.0,0.007936507936507936
2023-06-26,4,0.027777777777777776,0.0,0.0,-0.125,1,0.0,0.0,0,0.0,0.0,0,0.0,0.0,1,0.0,0.0,0,0.0,0.0,2,-0.25,0.05555555555555555
2023-06-27,6,0.04779040404040404,0.0,0.023015873015873017,-0.27777777777777773,3,-0.3333333333333333,0.05113636363636364,1,-0.5,0.0625,0,0.0,0.0,0,0.0,0.0,0,0.0,0.0,3,-0.2222222222222222,0.044444444444444446
2023-07-03,16,0.022266214177978885,0.010146103896103896,0.019074675324675324,-0.046875,5,-0.1,0.025098039215686273,0,0.0,0.0,0,0.0,0.0,0,0.0,0.0,0,0.0,0.0,11,-0.022727272727272728,0.02097902097902098
2023-07-04,5,0.037606837606837605,0.0,0.01111111111111111,-0.2333333333333333,2,-0.5833333333333333,0.09401709401709402,0,0.0,0.0,0,0.0,0.0,1,0.0,0.0,0,0.0,0.0,2,0.0,0.0
2023-07-05,4,0.06785714285714287,0.0,0.0,-0.325,2,-0.4,0.1,0,0.0,0.0,0,0.0,0.0,0,0.0,0.0,0,0.0,0.0,2,-0.25,0.03571428571428571
2023-07-06,5,0.015384615384615385,0.025,0.0,0.0,1,0.0,0.0,0,0.0,0.0,0,0.0,0.0,1,0.0,0.0,0,0.0,0.0,3,0.0,0.025641025641025644
2023-07-07,6,0.06237373737373738,0.011111111111111112,0.0,-0.27777777777777773,3,-0.3333333333333333,0.0803030303030303,0,0.0,0.0,0,0.0,0.0,0,0.0,0.0,0,0.0,0.0,3,-0.2222222222222222,0.044444444444444446
2023-07-10,9,0.036111111111111115,0.0,0.007407407407407408,-0.16666666666666666,3,0.0,0.0,0,0.0,0.0,0,0.0,0.0,0,0.0,0.0,0,0.0,0.0,6,-0.25,0.05416666666666667
2023-07-11,10,0.029285714285714283,0.0,0.015,-0.2,2,-0.25,0.03333333333333333,0,0.0,0.0,0,0.0,0.0,0,0.0,0.0,0,0.0,0.0,8,-0.1875,0.02827380952380952
2023-07-12,7,0.008928571428571428,0.018140589569160998,0.0,0.07142857142857142,2,0.25,0.0,0,0.0,0.0,0,0.0,0.0,0,0.0,0.0,1,-0.5,0.0625,4,0.125,0.0
2023-07-13,18,0.017622269705603037,0.006627680311890838,0.003472222222222222,-0.05555555555555555,1,0.0,0.0,0,0.0,0.0,0,0.0,0.0,0,0.0,0.0,0,0.0,0.0,17,-0.058823529411764705,0.01865887380593263
2023-07-14,7,0.026785714285714284,0.011904761904761904,0.0,-0.03571428571428571,1,-0.75,0.1875,0,0.0,0.0,0,0.0,0.0,0,0.0,0.0,0,0.0,0.0,6,0.08333333333333333,0.0
2023-07-17,7,0.023809523809523808,0.0349025974025974,0.011904761904761904,0.023809523809523805,2,-0.25,0.041666666666666664,0,0.0,0.0,0,0.0,0.0,0,0.0,0.0,0,0.0,0.0,5,0.13333333333333333,0.016666666666666666
2023-07-18,3,0.030303030303030304,0.0,0.018518518518518517,-0.16666666666666666,2,-0.25,0.045454545454545456,0,0.0,0.0,0,0.0,0.0,0,0.0,0.0,0,0.0,0.0,2,-0.25,0.045454545454545456
2023-07-20,8,0.019176136363636364,0.0,0.008333333333333333,-0.125,4,-0.125,0.015625,0,0.0,0.0,0,0.0,0.0,0,0.0,0.0,0,0.0,0.0,4,-0.125,0.022727272727272728
2023-07-21,5,0.0,0.0,0.016666666666666666,0.0,1,0.0,0.0,0,0.0,0.0,1,0.0,0.0,0,0.0,0.0,0,0.0,0.0,4,0.0,0.0
2023-07-24,5,0.01818181818181818,0.015384615384615385,0.01111111111111111,0.0,2,0.25,0.0,0,0.0,0.0,0,0.0,0.0,0,0.0,0.0,0,0.0,0.0,3,-0.16666666666666666,0.030303030303030304
2023-07-25,3,0.0196078431372549,0.0,0.0,-0.16666666666666666,2,-0.25,0.029411764705882353,0,0.0,0.0,1,-0.5,0.058823529411764705,0,0.0,0.0,0,0.0,0.0,1,0.0,0.0
2023-07-26,6,0.023809523809523808,0.010416666666666666,0.010416666666666666,-0.027777777777777773,1,-0.6666666666666666,0.14285714285714285,0,0.0,0.0,0,0.0,0.0,0,0.0,0.0,0,0.0,0.0,5,0.1,0.0
2023-07-27,13,0.010442046641141666,0.02465483234714004,0.022769462814711684,0.07692307692307693,1,0.0,0.0,0,0.0,0.0,0,0.0,0.0,0,0.0,0.0,0,0.0,0.0,12,0.08333333333333333,0.011312217194570137
2023-07-28,9,0.018037518037518036,0.026455026455026454,0.025444925444925444,0.05555555555555555,1,0.0,0.0,0,0.0,0.0,1,0.0,0.0,2,-0.25,0.08116883116883117,0,0.0,0.0,5,0.2,0.0
2023-07-31,8,0.03740530303030303,0.010416666666666666,0.06175595238095238,-0.14583333333333331,2,-0.3333333333333333,0.0625,0,0.0,0.0,0,0.0,0.0,0,0.0,0.0,0,0.0,0.0,6,-0.08333333333333333,0.029040404040404044
2023-08-01,7,0.02040816326530612,0.0,0.0,-0.09523809523809523,2,-0.3333333333333333,0.07142857142857142,0,0.0,0.0,0,0.0,0.0,0,0.0,0.0,1,-0.6666666666666666,0.14285714285714285,5,0.0,0.0
2023-08-02,7,0.03818027210884354,0.0,0.008928571428571428,-0.23809523809523808,6,-0.16666666666666666,0.022321428571428572,0,0.0,0.0,1,-0.6666666666666666,0.13333333333333333,0,0.0,0.0,0,0.0,0.0,0,0.0,0.0
2023-08-03,2,0.058823529411764705,0.0,0.0,-0.3333333333333333,1,-0.6666666666666666,0.11764705882352941,0,0.0,0.0,0,0.0,0.0,0,0.0,0.0,0,0.0,0.0,1,0.0,0.0
2023-08-04,6,0.046825396825396826,0.0,0.02170868347338935,-0.27777777777777773,1,0.0,0.0,0,0.0,0.0,1,-0.6666666666666666,0.14285714285714285,1,-0.5,0.06666666666666667,0,0.0,0.0,3,-0.16666666666666666,0.023809523809523808
2023-08-07,9,0.0,0.021825396825396824,0.012345679012345678,0.1111111111111111,3,0.3333333333333333,0.0,2,0.5,0.0,1,0.0,0.0,0,0.0,0.0,0,0.0,0.0,5,0.0,0.0
2023-08-08,4,0.039705882352941174,0.0,0.025,-0.25,1,-0.5,0.1,0,0.0,0.0,0,0.0,0.0,0,0.0,0.0,0,0.0,0.0,3,-0.16666666666666666,0.0196078431372549
2023-08-09,4,0.0,0.0,0.05179379444085326,0.0,1,0.0,0.0,0,0.0,0.0,0,0.0,0.0,0,0.0,0.0,0,0.0,0.0,3,0.0,0.0
2023-08-10,10,0.01838235294117647,0.01534090909090909,0.01927521008403361,-0.016666666666666663,1,-0.6666666666666666,0.125,0,0.0,0.0,0,0.0,0.0,0,0.0,0.0,0,0.0,0.0,9,0.05555555555555555,0.006535947712418301
2023-08-11,12,0.03455749043984338,0.0,0.005208333333333333,-0.18055555555555555,2,-0.5833333333333333,0.12237762237762238,0,0.0,0.0,0,0.0,0.0,0,0.0,0.0,0,0.0,0.0,10,-0.1,0.016993464052287584
2023-08-14,3,0.0,0.0,0.0,0.0,2,0.0,0.0,1,0.0,0.0,0,0.0,0.0,0,0.0,0.0,0,0.0,0.0,1,0.0,0.0
2023-08-15,6,0.023809523809523808,0.03273809523809524,0.0,0.08333333333333333,2,-0.3333333333333333,0.07142857142857142,0,0.0,0.0,0,0.0,0.0,0,0.0,0.0,0,0.0,0.0,4,0.29166666666666663,0.0
2023-08-16,8,0.05923831070889894,0.0,0.008928571428571428,-0.35416666666666663,2,-0.5833333333333333,0.08823529411764705,1,-0.6666666666666666,0.15384615384615385,0,0.0,0.0,1,0.0,0.0,0,0.0,0.0,4,-0.25,0.035897435897435895
2023-08-18,16,0.035343964332451176,0.01878720238095238,0.028077651515151514,-0.09375,4,-0.125,0.040584415584415584,1,-0.5,0.07692307692307693,0,0.0,0.0,0,0.0,0.0,0,0.0,0.0,12,-0.08333333333333333,0.0347626484139642
2023-08-21,3,0.06388888888888888,0.020833333333333332,0.0,-0.25,2,-0.375,0.09583333333333333,0,0.0,0.0,0,0.0,0.0,0,0.0,0.0,0,0.0,0.0,1,0.0,0.0
2023-08-22,3,0.08158508158508158,0.037037037037037035,0.0,-0.2222222222222222,1,-0.6666666666666666,0.15384615384615385,0,0.0,0.0,0,0.0,0.0,0,0.0,0.0,0,0.0,0.0,2,0.0,0.045454545454545456
2023-08-23,2,0.025,0.0,0.0,-0.25,1,-0.5,0.05,0,0.0,0.0,0,0.0,0.0,0,0.0,0.0,0,0.0,0.0,1,0.0,0.0
2023-08-24,4,0.013888888888888888,0.017857142857142856,0.05952380952380952,0.0,2,0.0,0.0,0,0.0,0.0,0,0.0,0.0,0,0.0,0.0,0,0.0,0.0,2,0.0,0.027777777777777776
2023-08-25,7,0.01680672268907563,0.0,0.0,-0.09523809523809523,3,0.0,0.0,0,0.0,0.0,0,0.0,0.0,0,0.0,0.0,0,0.0,0.0,4,-0.16666666666666666,0.029411764705882353
2023-08-28,1,0.058823529411764705,0.0,0.0,-0.5,0,0.0,0.0,0,0.0,0.0,0,0.0,0.0,0,0.0,0.0,0,0.0,0.0,1,-0.5,0.058823529411764705
2023-08-29,2,0.06696428571428571,0.0,0.0,-0.5,2,-0.5,0.06696428571428571,1,-0.5,0.0625,0,0.0,0.0,0,0.0,0.0,0,0.0,0.0,0,0.0,0.0
2023-08-30,3,0.022222222222222223,0.0,0.0,-0.16666666666666666,1,-0.5,0.06666666666666667,0,0.0,0.0,0,0.0,0.0,0,0.0,0.0,0,0.0,0.0,2,0.0,0.0
2023-08-31,4,0.0827724358974359,0.0,0.015625,-0.5416666666666666,2,-0.5833333333333333,0.09375,1,-0.5,0.07692307692307693,0,0.0,0.0,0,0.0,0.0,0,0.0,0.0,1,-0.5,0.06666666666666667
2023-09-01,6,0.02369281045751634,0.0,0.0,-0.16666666666666666,2,-0.25,0.029411764705882353,1,0.0,0.0,0,0.0,0.0,0,0.0,0.0,0,0.0,0.0,3,-0.16666666666666666,0.027777777777777776
2023-09-04,3,0.044444444444444446,0.0,0.0,-0.2222222222222222,1,0.0,0.0,0,0.0,0.0,0,0.0,0.0,0,0.0,0.0,1,0.0,0.0,1,-0.6666666666666666,0.13333333333333333
2023-09-05,4,0.0,0.013888888888888888,0.03311965811965812,0.125,3,0.16666666666666666,0.0,0,0.0,0.0,0,0.0,0.0,0,0.0,0.0,0,0.0,0.0,1,0.0,0.0
2023-09-06,8,0.06784188034188034,0.0,0.006944444444444444,-0.2708333333333333,1,0.0,0.0,1,-0.6666666666666666,0.15384615384615385,0,0.0,0.0,0,0.0,0.0,1,0.0,0.0,5,-0.3,0.07777777777777777
2023-09-07,6,0.06398809523809523,0.0,0.015151515151515152,-0.25,2,-0.25,0.03571428571428571,0,0.0,0.0,0,0.0,0.0,0,0.0,0.0,0,0.0,0.0,4,-0.25,0.078125
2023-09-08,3,0.0,0.0,0.020833333333333332,0.0,1,0.0,0.0,0,0.0,0.0,0,0.0,0.0,0,0.0,0.0,0,0.0,0.0,2,0.0,0.0
2023-09-11,7,0.02119309262166405,0.014285714285714287,0.046467817896389325,-0.07142857142857142,3,0.0,0.0,1,0.5,0.0,0,0.0,0.0,0,0.0,0.0,0,0.0,0.0,3,-0.3333333333333333,0.04945054945054945
2023-09-12,6,0.0196078431372549,0.02091503267973856,0.011111111111111112,0.0,3,0.0,0.0196078431372549,0,0.0,0.0,0,0.0,0.0,0,0.0,0.0,0,0.0,0.0,3,0.0,0.0196078431372549
2023-09-13,11,0.025619834710743805,0.012923351158645275,0.0,-0.045454545454545456,2,0.25,0.0,0,0.0,0.0,0,0.0,0.0,0,0.0,0.0,3,-0.5,0.09393939393939395,6,0.08333333333333333,0.0
2023-09-14,13,0.025854700854700857,0.005128205128205128,0.008547008547008546,-0.07692307692307693,2,0.0,0.0,0,0.0,0.0,0,0.0,0.0,0,0.0,0.0,0,0.0,0.0,11,-0.09090909090909091,0.030555555555555558
2023-09-15,5,0.04395604395604395,0.0,0.014285714285714285,-0.2333333333333333,1,0.0,0.0,0,0.0,0.0,0,0.0,0.0,1,-0.6666666666666666,0.14285714285714285,1,-0.5,0.07692307692307693,2,0.0,0.0
2023-09-18,11,0.012043512043512044,0.02049910873440285,0.017094017094017092,0.015151515151515148,4,-0.08333333333333334,0.03311965811965812,0,0.0,0.0,0,0.0,0.0,0,0.0,0.0,0,0.0,0.0,7,0.07142857142857142,0.0
2023-09-19,5,0.0,0.02222222222222222,0.013333333333333332,0.1,1,0.0,0.0,0,0.0,0.0,0,0.0,0.0,0,0.0,0.0,0,0.0,0.0,4,0.125,0.0
2023-09-20,7,0.030952380952380953,0.0,0.012987012987012988,-0.16666666666666666,1,-0.6666666666666666,0.13333333333333333,0,0.0,0.0,0,0.0,0.0,1,0.0,0.0,1,-0.5,0.08333333333333333,4,0.0,0.0
2023-09-21,10,0.04606893106893107,0.01380952380952381,0.0,-0.175,2,-0.25,0.045454545454545456,0,0.0,0.0,0,0.0,0.0,0,0.0,0.0,0,0.0,0.0,8,-0.15625,0.046222527472527475
2023-09-22,7,0.008928571428571428,0.0,0.01913265306122449,-0.07142857142857142,2,0.0,0.0,0,0.0,0.0,1,-0.5,0.0625,0,0.0,0.0,0,0.0,0.0,5,-0.1,0.0125
2023-09-25,6,0.009259259259259259,0.010416666666666666,0.0,0.0,1,-0.5,0.05555555555555555,0,0.0,0.0,0,0.0,0.0,1,0.5,0.0,0,0.0,0.0,4,0.0,0.0
2023-09-26,3,0.020833333333333332,0.023809523809523808,0.020833333333333332,0.0,2,-0.25,0.03125,0,0.0,0.0,0,0.0,0.0,0,0.0,0.0,0,0.0,0.0,1,0.5,0.0
2023-09-27,10,0.028777472527472526,0.0,0.029418498168498168,-0.16666666666666666,3,-0.16666666666666666,0.020833333333333332,0,0.0,0.0,0,0.0,0.0,0,0.0,0.0,0,0.0,0.0,7,-0.16666666666666666,0.03218210361067504
2023-09-29,12,0.043881118881118876,0.007575757575757576,0.013528138528138528,-0.18055555555555555,5,-0.1,0.038181818181818185,0,0.0,0.0,0,0.0,0.0,0,0.0,0.0,2,-0.5833333333333333,0.12937062937062938,5,-0.1,0.015384615384615385
2023-10-02,4,0.015625,0.03835227272727273,0.0,0.125,1,0.0,0.0625,0,0.0,0.0,0,0.0,0.0,0,0.0,0.0,0,0.0,0.0,3,0.16666666666666666,0.0
2023-10-03,6,0.021527777777777774,0.010416666666666666,0.0,-0.08333333333333333,1,-0.5,0.06666666666666667,0,0.0,0.0,0,0.0,0.0,3,0.0,0.0,0,0.0,0.0,2,0.0,0.03125
2023-10-04,2,0.0,0.0,0.05555555555555555,0.0,0,0.0,0.0,0,0.0,0.0,0,0.0,0.0,0,0.0,0.0,0,0.0,0.0,2,0.0,0.0
2023-10-05,2,0.041666666666666664,0.041666666666666664,0.041666666666666664,0.0,2,0.0,0.041666666666666664,0,0.0,0.0,0,0.0,0.0,0,0.0,0.0,0,0.0,0.0,0,0.0,0.0
2023-10-06,3,0.04945054945054945,0.0,0.0,-0.3333333333333333,1,-0.5,0.07142857142857142,0,0.0,0.0,0,0.0,0.0,0,0.0,0.0,0,0.0,0.0,2,-0.25,0.038461538461538464
2023-10-09,14,0.020833333333333332,0.0,0.01901550093721699,-0.14285714285714285,11,-0.13636363636363635,0.020833333333333332,0,0.0,0.0,0,0.0,0.0,1,0.0,0.0,0,0.0,0.0,2,-0.25,0.03125
2023-10-10,15,0.042297517297517295,0.005555555555555555,0.021891534391534392,-0.1711111111111111,14,-0.18333333333333332,0.04531876853305424,0,0.0,0.0,0,0.0,0.0,1,0.0,0.0,0,0.0,0.0,1,0.0,0.0
2023-10-11,11,0.04646464646464646,0.015151515151515154,0.018181818181818184,-0.13636363636363635,8,-0.1875,0.05138888888888889,0,0.0,0.0,0,0.0,0.0,0,0.0,0.0,0,0.0,0.0,4,-0.16666666666666666,0.06666666666666667
2023-10-12,12,0.04308954933954934,0.0,0.01993839493839494,-0.23611111111111108,6,-0.38888888888888884,0.075762432012432,0,0.0,0.0,0,0.0,0.0,0,0.0,0.0,0,0.0,0.0,6,-0.08333333333333333,0.010416666666666666
2023-10-13,19,0.043013273276431174,0.012711603570329333,0.02110627907026799,-0.15789473684210525,8,-0.34375,0.06995955433455434,0,0.0,0.0,0,0.0,0.0,0,0.0,0.0,0,0.0,0.0,11,-0.022727272727272728,0.023415977961432508
2023-10-16,13,0.050623841969995816,0.0,0.00591715976331361,-0.30128205128205127,9,-0.4351851851851852,0.07312332728999396,0,0.0,0.0,0,0.0,0.0,0,0.0,0.0,0,0.0,0.0,4,0.0,0.0
2023-10-17,7,0.011904761904761904,0.0,0.0315018315018315,-0.07142857142857142,6,0.0,0.0,0,0.0,0.0,0,0.0,0.0,0,0.0,0.0,0,0.0,0.0,1,-0.5,0.08333333333333333
2023-10-18,10,0.04880952380952381,0.0,0.00625,-0.25,8,-0.25,0.05208333333333333,0,0.0,0.0,0,0.0,0.0,0,0.0,0.0,0,0.0,0.0,2,-0.25,0.03571428571428571
2023-10-19,4,0.08012820512820512,0.0,0.013888888888888888,-0.3333333333333333,2,-0.6666666666666666,0.16025641025641024,0,0.0,0.0,0,0.0,0.0,0,0.0,0.0,0,0.0,0.0,2,0.0,0.0
2023-10-20,10,0.046826506826506825,0.00625,0.007142857142857143,-0.18333333333333332,4,-0.41666666666666663,0.07161172161172161,0,0.0,0.0,0,0.0,0.0,0,0.0,0.0,0,0.0,0.0,6,-0.027777777777777773,0.030303030303030304
2023-10-23,6,0.015151515151515152,0.0,0.0,-0.08333333333333333,4,-0.125,0.022727272727272728,0,0.0,0.0,1,0.0,0.0,0,0.0,0.0,0,0.0,0.0,1,0.0,0.0
2023-10-24,3,0.0625,0.0,0.020833333333333332,-0.38888888888888884,3,-0.38888888888888884,0.0625,0,0.0,0.0,0,0.0,0.0,0,0.0,0.0,0,0.0,0.0,0,0.0,0.0
2023-10-25,5,0.05974025974025974,0.016666666666666666,0.014285714285714285,-0.3,4,-0.5,0.07467532467532467,0,0.0,0.0,0,0.0,0.0,0,0.0,0.0,0,0.0,0.0,1,0.5,0.0
2023-10-26,9,0.0719680464778504,0.0,0.006172839506172839,-0.3796296296296296,9,-0.3796296296296296,0.0719680464778504,1,0.0,0.0,0,0.0,0.0,0,0.0,0.0,1,-0.6666666666666666,0.13333333333333333,0,0.0,0.0
2023-10-27,6,0.013888888888888888,0.024725274725274724,0.013888888888888888,0.08333333333333333,2,0.25,0.0,0,0.0,0.0,0,0.0,0.0,0,0.0,0.0,1,-0.5,0.08333333333333333,3,0.16666666666666666,0.0
2023-10-30,12,0.047046703296703296,0.0,0.010582010582010581,-0.21527777777777776,6,-0.4305555555555555,0.09409340659340659,1,0.0,0.0,0,0.0,0.0,0,0.0,0.0,0,0.0,0.0,5,0.0,0.0
2023-10-31,10,0.04775829562594268,0.006666666666666666,0.027933634992458524,-0.26666666666666666,7,-0.23809523809523808,0.048833764274940746,0,0.0,0.0,0,0.0,0.0,0,0.0,0.0,0,0.0,0.0,3,-0.3333333333333333,0.04524886877828055
2023-11-01,12,0.006410256410256411,0.0,0.012152777777777776,-0.041666666666666664,5,0.0,0.0,0,0.0,0.0,0,0.0,0.0,1,0.0,0.0,0,0.0,0.0,6,-0.08333333333333333,0.012820512820512822
2023-11-02,8,0.016281512605042014,0.0,0.008928571428571428,-0.125,3,-0.3333333333333333,0.0434173669467787,0,0.0,0.0,0,0.0,0.0,0,0.0,0.0,0,0.0,0.0,5,0.0,0.0
2023-11-03,8,0.05869349948297317,0.017857142857142856,0.009615384615384616,-0.2708333333333333,8,-0.2708333333333333,0.05869349948297317,1,-0.5,0.09090909090909091,0,0.0,0.0,0,0.0,0.0,0,0.0,0.0,1,-0.6666666666666666,0.15384615384615385
2023-11-06,3,0.06127450980392157,0.0,0.023809523809523808,-0.38888888888888884,3,-0.38888888888888884,0.06127450980392157,0,0.0,0.0,0,0.0,0.0,0,0.0,0.0,0,0.0,0.0,0,0.0,0.0
2023-11-07,5,0.0125,0.02583333333333333,0.0,0.1,2,0.0,0.0,0,0.0,0.0,0,0.0,0.0,0,0.0,0.0,0,0.0,0.0,3,0.16666666666666666,0.020833333333333332
2023-11-08,5,0.03916666666666667,0.0,0.013333333333333332,-0.3,4,-0.25,0.03229166666666666,0,0.0,0.0,0,0.0,0.0,0,0.0,0.0,0,0.0,0.0,1,-0.5,0.06666666666666667
2023-11-09,5,0.013333333333333332,0.0125,0.0,0.0,3,0.0,0.022222222222222223,0,0.0,0.0,0,0.0,0.0,0,0.0,0.0,0,0.0,0.0,2,0.0,0.0
2023-11-10,10,0.01825396825396825,0.006666666666666666,0.006666666666666666,-0.05,3,0.0,0.0,0,0.0,0.0,0,0.0,0.0,1,0.0,0.0,0,0.0,0.0,6,-0.08333333333333333,0.03042328042328042
2023-11-13,9,0.020662768031189084,0.0,0.0,-0.16666666666666666,6,-0.25,0.030994152046783626,0,0.0,0.0,0,0.0,0.0,0,0.0,0.0,0,0.0,0.0,3,0.0,0.0
2023-11-14,4,0.0,0.014705882352941176,0.014705882352941176,0.125,1,0.0,0.0,0,0.0,0.0,0,0.0,0.0,0,0.0,0.0,1,0.0,0.0,2,0.25,0.0
2023-11-15,17,0.021144868203691734,0.01437908496732026,0.00861556743909685,-0.049019607843137254,5,-0.2,0.02967032967032967,0,0.0,0.0,0,0.0,0.0,0,0.0,0.0,0,0.0,0.0,12,0.013888888888888886,0.017592592592592594
2023-11-16,11,0.01717171717171717,0.035576544667453754,0.019375573921028465,0.045454545454545456,3,-0.16666666666666666,0.018518518518518517,0,0.0,0.0,0,0.0,0.0,0,0.0,0.0,0,0.0,0.0,8,0.125,0.016666666666666666
2023-11-17,8,0.04429903977601346,0.0,0.0,-0.3125,3,-0.3333333333333333,0.03837719298245614,1,-0.5,0.07692307692307693,0,0.0,0.0,1,0.0,0.0,0,0.0,0.0,3,-0.3333333333333333,0.05411255411255411
2023-11-20,6,0.011904761904761904,0.020676691729323307,0.0,0.08333333333333333,4,0.125,0.017857142857142856,0,0.0,0.0,0,0.0,0.0,0,0.0,0.0,0,0.0,0.0,3,0.16666666666666666,0.0
2023-11-21,1,0.0,0.0,0.0625,0.0,1,0.0,0.0,0,0.0,0.0,0,0.0,0.0,0,0.0,0.0,0,0.0,0.0,0,0.0,0.0
2023-11-22,6,0.04329004329004329,0.0,0.024725274725274724,-0.20833333333333334,4,-0.3125,0.06493506493506493,0,0.0,0.0,0,0.0,0.0,0,0.0,0.0,0,0.0,0.0,2,0.0,0.0
2023-11-23,4,0.09065934065934066,0.0,0.0,-0.29166666666666663,1,0.0,0.0,0,0.0,0.0,0,0.0,0.0,2,-0.5833333333333333,0.1813186813186813,0,0.0,0.0,1,0.0,0.0
2023-11-24,7,0.02806122448979592,0.0,0.0,-0.16666666666666666,4,-0.29166666666666663,0.049107142857142856,0,0.0,0.0,0,0.0,0.0,2,0.0,0.0,0,0.0,0.0,1,0.0,0.0
2023-11-27,3,0.023809523809523808,0.0,0.0,-0.16666666666666666,0,0.0,0.0,0,0.0,0.0,0,0.0,0.0,1,0.0,0.0,0,0.0,0.0,2,-0.25,0.03571428571428571
2023-11-28,4,0.0374331550802139,0.017857142857142856,0.0,-0.125,3,0.0,0.0196078431372549,0,0.0,0.0,0,0.0,0.0,1,-0.5,0.09090909090909091,0,0.0,0.0,0,0.0,0.0
2023-11-29,6,0.024999999999999998,0.00980392156862745,0.0,-0.041666666666666664,3,-0.25,0.049999999999999996,0,0.0,0.0,0,0.0,0.0,0,0.0,0.0,0,0.0,0.0,3,0.16666666666666666,0.0
2023-11-30,7,0.02040816326530612,0.012987012987012988,0.02040816326530612,-0.023809523809523805,3,-0.2222222222222222,0.047619047619047616,0,0.0,0.0,0,0.0,0.0,1,0.0,0.0,0,0.0,0.0,3,0.16666666666666666,0.0
2023-12-01,10,0.033525641025641026,0.027142857142857146,0.00625,-0.08333333333333334,3,-0.16666666666666666,0.022222222222222223,0,0.0,0.0,0,0.0,0.0,4,-0.08333333333333334,0.04791666666666666,0,0.0,0.0,3,0.0,0.025641025641025644
2023-12-04,5,0.08151515151515151,0.014285714285714285,0.04428571428571428,-0.25,2,0.0,0.045454545454545456,0,0.0,0.0,0,0.0,0.0,0,0.0,0.0,0,0.0,0.0,3,-0.4166666666666667,0.10555555555555556
2023-12-05,1,0.07142857142857142,0.0,0.0,-0.5,0,0.0,0.0,0,0.0,0.0,0,0.0,0.0,0,0.0,0.0,0,0.0,0.0,1,-0.5,0.07142857142857142
2023-12-06,6,0.03987678987678988,0.0,0.00980392156862745,-0.25,3,-0.16666666666666666,0.025641025641025644,0,0.0,0.0,0,0.0,0.0,0,0.0,0.0,1,-0.5,0.09090909090909091,2,-0.25,0.03571428571428571
2023-12-07,3,0.04044117647058824,0.020833333333333332,0.0392156862745098,-0.16666666666666666,2,0.0,0.03125,0,0.0,0.0,0,0.0,0.0,0,0.0,0.0,0,0.0,0.0,1,-0.5,0.058823529411764705
2023-12-08,2,0.038461538461538464,0.0,0.03125,-0.25,1,0.0,0.0,0,0.0,0.0,0,0.0,0.0,0,0.0,0.0,0,0.0,0.0,1,-0.5,0.07692307692307693
2023-12-11,4,0.013888888888888888,0.0,0.0,-0.125,0,0.0,0.0,0,0.0,0.0,0,0.0,0.0,0,0.0,0.0,0,0.0,0.0,4,-0.125,0.013888888888888888
2023-12-12,5,0.015384615384615385,0.0125,0.025,0.0,1,0.0,0.0,0,0.0,0.0,0,0.0,0.0,0,0.0,0.0,0,0.0,0.0,4,0.0,0.019230769230769232
2023-12-13,16,0.05816267066267066,0.016098484848484848,0.01895292207792208,-0.21875,4,-0.25,0.04423076923076923,0,0.0,0.0,0,0.0,0.0,0,0.0,0.0,0,0.0,0.0,12,-0.20833333333333334,0.06280663780663781
2023-12-14,12,0.011574074074074075,0.007575757575757576,0.005208333333333333,-0.041666666666666664,3,-0.16666666666666666,0.027777777777777776,0,0.0,0.0,0,0.0,0.0,0,0.0,0.0,0,0.0,0.0,9,0.0,0.006172839506172839
2023-12-15,4,0.0,0.0,0.0,0.0,1,0.0,0.0,0,0.0,0.0,0,0.0,0.0,0,0.0,0.0,1,0.0,0.0,2,0.0,0.0
2023-12-18,10,0.049354066985645935,0.0,0.01,-0.26666666666666666,4,-0.41666666666666663,0.08399122807017544,1,-0.5,0.05263157894736842,0,0.0,0.0,0,0.0,0.0,0,0.0,0.0,6,-0.16666666666666666,0.026262626262626265
2023-12-19,0,0.0,0.0,0.0,0.0,0,0.0,0.0,0,0.0,0.0,0,0.0,0.0,0,0.0,0.0,0,0.0,0.0,0,0.0,0.0
2023-12-20,4,0.025,0.029411764705882353,0.0,0.04166666666666666,0,0.0,0.0,0,0.0,0.0,0,0.0,0.0,0,0.0,0.0,0,0.0,0.0,4,0.04166666666666666,0.025
2023-12-21,4,0.05271291208791209,0.019230769230769232,0.015625,-0.25,1,0.0,0.07692307692307693,1,0.0,0.07692307692307693,2,-0.25,0.03571428571428571,0,0.0,0.0,0,0.0,0.0,1,-0.5,0.0625
2023-12-22,4,0.03256302521008403,0.0,0.0,-0.25,2,-0.25,0.029411764705882353,0,0.0,0.0,0,0.0,0.0,0,0.0,0.0,0,0.0,0.0,2,-0.25,0.03571428571428571
2023-12-27,9,0.007407407407407408,0.04444444444444444,0.015954415954415952,0.05555555555555555,1,-0.5,0.06666666666666667,0,0.0,0.0,0,0.0,0.0,1,0.0,0.0,0,0.0,0.0,7,0.14285714285714285,0.0
2023-12-28,2,0.07142857142857142,0.0,0.0,-0.3333333333333333,1,-0.6666666666666666,0.14285714285714285,0,0.0,0.0,0,0.0,0.0,0,0.0,0.0,0,0.0,0.0,1,0.0,0.0
2023-12-29,2,0.06666666666666667,0.0,0.0,-0.3333333333333333,2,-0.3333333333333333,0.06666666666666667,0,0.0,0.0,0,0.0,0.0,0,0.0,0.0,0,0.0,0.0,0,0.0,0.0
2024-01-02,1,0.07692307692307693,0.0,0.0,-0.5,1,-0.5,0.07692307692307693,0,0.0,0.0,0,0.0,0.0,0,0.0,0.0,0,0.0,0.0,0,0.0,0.0
2024-01-03,1,0.0,0.0,0.0,0.0,1,0.0,0.0,0,0.0,0.0,0,0.0,0.0,0,0.0,0.0,0,0.0,0.0,0,0.0,0.0
2024-01-04,14,0.06502267573696145,0.014285714285714287,0.02964416535845107,-0.24404761904761904,8,-0.25,0.05962301587301587,0,0.0,0.0,0,0.0,0.0,1,-0.6666666666666666,0.13333333333333333,0,0.0,0.0,7,-0.10714285714285714,0.07142857142857142
2024-01-05,4,0.04791666666666666,0.0,0.016666666666666666,-0.29166666666666663,2,-0.5833333333333333,0.09583333333333333,0,0.0,0.0,0,0.0,0.0,0,0.0,0.0,0,0.0,0.0,3,-0.16666666666666666,0.022222222222222223
2024-01-08,8,0.03611111111111111,0.0,0.04017094017094017,-0.20833333333333331,3,-0.2222222222222222,0.044444444444444446,0,0.0,0.0,0,0.0,0.0,0,0.0,0.0,0,0.0,0.0,5,-0.2,0.03111111111111111
2024-01-09,3,0.020833333333333332,0.0,0.0,-0.16666666666666666,1,0.0,0.0,0,0.0,0.0,0,0.0,0.0,0,0.0,0.0,0,0.0,0.0,2,-0.25,0.03125
2024-01-10,4,0.017857142857142856,0.0,0.0,-0.125,2,-0.25,0.03571428571428571,0,0.0,0.0,0,0.0,0.0,1,0.0,0.0,0,0.0,0.0,1,0.0,0.0
2024-01-11,6,0.012820512820512822,0.0,0.025641025641025644,-0.08333333333333333,2,0.0,0.0,0,0.0,0.0,0,0.0,0.0,0,0.0,0.0,0,0.0,0.0,4,-0.125,0.019230769230769232
2024-01-12,13,0.05109988051164522,0.0,0.00641025641025641,-0.22820512820512823,4,-0.325,0.07668067226890757,0,0.0,0.0,0,0.0,0.0,0,0.0,0.0,0,0.0,0.0,9,-0.18518518518518517,0.03973063973063973
2024-01-15,4,0.058936651583710406,0.039705882352941174,0.025,-0.125,1,-0.5,0.07692307692307693,0,0.0,0.0,0,0.0,0.0,0,0.0,0.0,0,0.0,0.0,3,0.0,0.052941176470588235
2024-01-16,7,0.024404761904761905,0.009523809523809523,0.0,-0.14285714285714285,5,-0.2,0.020833333333333332,0,0.0,0.0,0,0.0,0.0,0,0.0,0.0,0,0.0,0.0,2,0.0,0.03333333333333333
2024-01-17,10,0.025946275946275944,0.005,0.007692307692307693,-0.11666666666666665,2,-0.3333333333333333,0.05555555555555555,0,0.0,0.0,0,0.0,0.0,0,0.0,0.0,0,0.0,0.0,8,-0.0625,0.018543956043956044
2024-01-18,3,0.12980769230769232,0.0,0.0,-0.4444444444444445,2,-0.6666666666666667,0.19471153846153846,0,0.0,0.0,0,0.0,0.0,0,0.0,0.0,0,0.0,0.0,2,-0.4166666666666667,0.15625
2024-01-19,5,0.04,0.013333333333333332,0.0,-0.05,2,0.0,0.0,0,0.0,0.0,0,0.0,0.0,0,0.0,0.0,0,0.0,0.0,4,-0.0625,0.05
2024-01-22,7,0.01098901098901099,0.0,0.01991758241758242,-0.07142857142857142,3,0.0,0.0,0,0.0,0.0,0,0.0,0.0,1,0.0,0.0,0,0.0,0.0,4,-0.125,0.019230769230769232
2024-01-23,7,0.05452642595499738,0.0,0.022893772893772892,-0.35714285714285715,1,-0.5,0.06666666666666667,0,0.0,0.0,1,0.0,0.0,0,0.0,0.0,0,0.0,0.0,5,-0.4,0.063003663003663
2024-01-24,1,0.05,0.0,0.0,-0.5,1,-0.5,0.05,0,0.0,0.0,0,0.0,0.0,0,0.0,0.0,0,0.0,0.0,0,0.0,0.0
2024-01-25,5,0.07755494505494506,0.014285714285714285,0.0125,-0.3333333333333333,2,-0.5833333333333333,0.12692307692307692,0,0.0,0.0,0,0.0,0.0,1,-0.5,0.0625,0,0.0,0.0,2,0.0,0.03571428571428571
2024-01-26,5,0.0,0.01111111111111111,0.0,0.1,1,0.0,0.0,0,0.0,0.0,0,0.0,0.0,0,0.0,0.0,0,0.0,0.0,4,0.125,0.0
2024-01-29,5,0.0,0.03076923076923077,0.0,0.2,2,0.0,0.0,0,0.0,0.0,0,0.0,0.0,0,0.0,0.0,0,0.0,0.0,3,0.3333333333333333,0.0
2024-01-30,5,0.03428571428571429,0.0,0.011764705882352941,-0.2,1,-0.5,0.1,0,0.0,0.0,1,0.0,0.0,0,0.0,0.0,0,0.0,0.0,3,-0.16666666666666666,0.023809523809523808
2024-01-31,6,0.06443270423533581,0.0,0.03552188552188552,-0.375,2,-0.625,0.12152777777777778,0,0.0,0.0,0,0.0,0.0,0,0.0,0.0,0,0.0,0.0,4,-0.25,0.03588516746411483
2024-02-01,11,0.02568870523415978,0.006060606060606061,0.025024975024975027,-0.09090909090909091,3,0.0,0.022222222222222223,0,0.0,0.0,0,0.0,0.0,0,0.0,0.0,0,0.0,0.0,8,-0.125,0.026988636363636364
2024-02-02,5,0.06038461538461539,0.015384615384615385,0.0,-0.2333333333333333,2,-0.3333333333333333,0.0625,0,0.0,0.0,0,0.0,0.0,0,0.0,0.0,0,0.0,0.0,3,-0.16666666666666666,0.05897435897435898
2024-02-05,8,0.03645833333333333,0.0,0.0,-0.16666666666666666,4,-0.3333333333333333,0.07291666666666666,0,0.0,0.0,1,0.0,0.0,0,0.0,0.0,1,0.0,0.0,2,0.0,0.0
2024-02-06,6,0.05773420479302832,0.0,0.03812636165577342,-0.3611111111111111,2,-0.5833333333333333,0.08823529411764705,0,0.0,0.0,0,0.0,0.0,0,0.0,0.0,0,0.0,0.0,4,-0.25,0.042483660130718956
2024-02-07,5,0.05176470588235295,0.0,0.02,-0.2333333333333333,4,-0.125,0.014705882352941176,0,0.0,0.0,0,0.0,0.0,0,0.0,0.0,0,0.0,0.0,1,-0.6666666666666666,0.2
2024-02-12,20,0.04825574343956697,0.018183275058275057,0.006274509803921568,-0.17916666666666664,12,-0.1597222222222222,0.05494771432271433,1,0.0,0.06666666666666667,0,0.0,0.0,0,0.0,0.0,1,-0.6666666666666666,0.11764705882352941,6,-0.16666666666666666,0.02023809523809524
2024-02-13,6,0.010416666666666666,0.0,0.0,-0.08333333333333333,1,0.0,0.0,0,0.0,0.0,0,0.0,0.0,0,0.0,0.0,0,0.0,0.0,5,-0.1,0.0125
2024-02-15,21,0.050976800976800976,0.01788048552754435,0.009603841536614647,-0.03968253968253968,5,-0.2333333333333333,0.0441025641025641,1,0.0,0.0,0,0.0,0.0,0,0.0,0.0,0,0.0,0.0,16,0.020833333333333336,0.053125
2024-02-16,3,0.049999999999999996,0.0,0.0,-0.3333333333333333,1,-0.5,0.06666666666666667,0,0.0,0.0,0,0.0,0.0,0,0.0,0.0,0,0.0,0.0,2,-0.25,0.041666666666666664
2024-02-19,10,0.048928571428571425,0.032916666666666664,0.0,-0.15,5,-0.2,0.05261904761904762,0,0.0,0.0,0,0.0,0.0,0,0.0,0.0,0,0.0,0.0,5,-0.1,0.04523809523809523
2024-02-20,3,0.07692307692307693,0.0,0.0,-0.38888888888888884,3,-0.38888888888888884,0.07692307692307693,1,0.0,0.0,0,0.0,0.0,0,0.0,0.0,0,0.0,0.0,0,0.0,0.0
2024-02-21,9,0.05476190476190476,0.0,0.010101010101010102,-0.24074074074074073,3,-0.2222222222222222,0.05555555555555555,2,-0.25,0.041666666666666664,0,0.0,0.0,1,0.0,0.0,0,0.0,0.0,3,-0.3333333333333333,0.08095238095238096
2024-02-22,6,0.05639097744360902,0.008771929824561403,0.011904761904761904,-0.27777777777777773,3,-0.2222222222222222,0.06516290726817042,0,0.0,0.0,0,0.0,0.0,0,0.0,0.0,0,0.0,0.0,3,-0.3333333333333333,0.047619047619047616
2024-02-23,6,0.009259259259259259,0.021164021164021163,0.0,0.08333333333333333,3,0.16666666666666666,0.018518518518518517,0,0.0,0.0,0,0.0,0.0,0,0.0,0.0,0,0.0,0.0,3,0.0,0.0
2024-02-26,8,0.02627591706539075,0.008333333333333333,0.0,-0.125,3,-0.16666666666666666,0.022222222222222223,1,-0.5,0.06666666666666667,0,0.0,0.0,0,0.0,0.0,0,0.0,0.0,5,-0.1,0.028708133971291867
2024-02-27,4,0.09081296992481203,0.02982456140350877,0.0,-0.26666666666666666,4,-0.26666666666666666,0.09081296992481203,1,-0.6666666666666666,0.14285714285714285,0,0.0,0.0,0,0.0,0.0,0,0.0,0.0,0,0.0,0.0
2024-02-28,5,0.06244343891402715,0.0,0.0,-0.26,2,-0.4,0.11764705882352941,0,0.0,0.0,0,0.0,0.0,1,-0.5,0.07692307692307693,0,0.0,0.0,2,0.0,0.0
2024-02-29,11,0.029742806213394448,0.0,0.006060606060606061,-0.16666666666666666,4,-0.29166666666666663,0.04607843137254902,0,0.0,0.0,0,0.0,0.0,1,0.0,0.0,1,-0.6666666666666666,0.14285714285714285,5,0.0,0.0
2024-03-01,10,0.04322552447552448,0.007142857142857143,0.02733516483516484,-0.16666666666666666,3,-0.38888888888888884,0.08158508158508158,1,-0.5,0.0625,0,0.0,0.0,1,0.5,0.0,0,0.0,0.0,6,0.0,0.020833333333333332
2024-03-04,6,0.010416666666666666,0.0,0.0,-0.08333333333333333,0,0.0,0.0,0,0.0,0.0,0,0.0,0.0,3,0.0,0.0,0,0.0,0.0,3,-0.16666666666666666,0.020833333333333332
2024-03-05,5,0.03333333333333333,0.013333333333333332,0.0,-0.1,3,-0.3333333333333333,0.05555555555555555,0,0.0,0.0,0,0.0,0.0,0,0.0,0.0,0,0.0,0.0,2,0.25,0.0
2024-03-06,3,0.06084656084656084,0.0,0.0,-0.38888888888888884,1,-0.6666666666666666,0.1111111111111111,0,0.0,0.0,1,-0.5,0.07142857142857142,1,0.0,0.0,0,0.0,0.0,0,0.0,0.0
2024-03-07,3,0.04524886877828055,0.0,0.0196078431372549,-0.3333333333333333,1,-0.5,0.058823529411764705,0,0.0,0.0,0,0.0,0.0,0,0.0,0.0,0,0.0,0.0,2,-0.25,0.038461538461538464
2024-03-08,8,0.03878205128205128,0.0125,0.0,-0.14583333333333331,3,-0.055555555555555546,0.044444444444444446,0,0.0,0.0,0,0.0,0.0,0,0.0,0.0,1,0.5,0.0,5,-0.2,0.03538461538461539
2024-03-13,36,0.023370954882177792,0.005704365079365079,0.004120879120879121,-0.10185185185185185,7,-0.16666666666666666,0.03813104189044038,0,0.0,0.0,3,0.16666666666666666,0.0,1,0.0,0.0,0,0.0,0.0,27,-0.09259259259259259,0.021275447500937697
2024-03-14,8,0.053267045454545456,0.007352941176470588,0.0125,-0.16666666666666666,1,-0.5,0.0625,0,0.0,0.0,1,0.0,0.0,0,0.0,0.0,2,-0.6666666666666666,0.18181818181818182,4,0.125,0.0
2024-03-15,13,0.04454376694195698,0.005128205128205128,0.0,-0.17948717948717946,1,-0.6666666666666666,0.11764705882352941,0,0.0,0.0,0,0.0,0.0,2,0.0,0.045454545454545456,0,0.0,0.0,11,-0.10606060606060605,0.03368298368298368
2024-03-18,6,0.011904761904761904,0.0,0.03361344537815126,-0.08333333333333333,2,0.0,0.0,0,0.0,0.0,0,0.0,0.0,0,0.0,0.0,0,0.0,0.0,4,-0.125,0.017857142857142856
2024-03-19,7,0.03774009603841537,0.037450769781596845,0.027450980392156866,0.0,3,0.16666666666666666,0.0,0,0.0,0.0,0,0.0,0.0,0,0.0,0.0,0,0.0,0.0,4,-0.125,0.06604516806722689
2024-03-20,9,0.006944444444444444,0.0,0.022817460317460316,-0.05555555555555555,1,0.0,0.0,0,0.0,0.0,0,0.0,0.0,0,0.0,0.0,0,0.0,0.0,8,-0.0625,0.0078125
2024-03-21,7,0.034111252156364937,0.0,0.018707482993197275,-0.23809523809523808,2,-0.5833333333333333,0.07393483709273183,0,0.0,0.0,0,0.0,0.0,0,0.0,0.0,0,0.0,0.0,5,-0.1,0.01818181818181818
2024-03-22,7,0.01020408163265306,0.008928571428571428,0.0505298273155416,0.0,0,0.0,0.0,0,0.0,0.0,0,0.0,0.0,1,0.0,0.0,0,0.0,0.0,6,0.0,0.011904761904761904
2024-03-25,4,0.0,0.013888888888888888,0.030555555555555555,0.125,1,0.0,0.0,0,0.0,0.0,0,0.0,0.0,0,0.0,0.0,0,0.0,0.0,3,0.16666666666666666,0.0
2024-03-26,9,0.08818342151675485,0.008547008547008548,0.006172839506172839,-0.287037037037037,3,-0.25,0.07936507936507936,1,-0.6666666666666666,0.16666666666666666,0,0.0,0.0,1,0.0,0.0,0,0.0,0.0,4,-0.29166666666666663,0.09722222222222222
2024-03-27,1,0.058823529411764705,0.0,0.0,-0.5,0,0.0,0.0,0,0.0,0.0,0,0.0,0.0,0,0.0,0.0,0,0.0,0.0,1,-0.5,0.058823529411764705
2024-03-28,5,0.01111111111111111,0.015384615384615385,0.01,0.0,2,-0.25,0.027777777777777776,0,0.0,0.0,0,0.0,0.0,0,0.0,0.0,0,0.0,0.0,3,0.16666666666666666,0.0
2024-04-01,8,0.022809829059829062,0.0,0.0,-0.1875,2,-0.25,0.025,0,0.0,0.0,0,0.0,0.0,0,0.0,0.0,0,0.0,0.0,6,-0.16666666666666666,0.02207977207977208
2024-04-02,3,0.023809523809523808,0.023809523809523808,0.023809523809523808,0.0,3,0.0,0.023809523809523808,0,0.0,0.0,0,0.0,0.0,0,0.0,0.0,0,0.0,0.0,0,0.0,0.0
2024-04-03,5,0.026785714285714284,0.02222222222222222,0.0125,-0.1,0,0.0,0.0,0,0.0,0.0,0,0.0,0.0,0,0.0,0.0,0,0.0,0.0,5,-0.1,0.026785714285714284
2024-04-04,9,0.028990299823633152,0.010101010101010102,0.015343915343915345,-0.16666666666666666,2,-0.25,0.027777777777777776,0,0.0,0.0,0,0.0,0.0,1,0.5,0.0,0,0.0,0.0,6,-0.25,0.03422619047619047
2024-04-05,5,0.029946524064171122,0.014285714285714285,0.05709584533113945,-0.1,3,0.0,0.0196078431372549,0,0.0,0.0,0,0.0,0.0,0,0.0,0.0,0,0.0,0.0,2,-0.25,0.045454545454545456
2024-04-16,80,0.03975364451080395,0.008014184280631649,0.012667595884507648,-0.18541666666666665,20,-0.30416666666666664,0.053491449211263455,3,-0.3333333333333333,0.044444444444444446,2,-0.25,0.045454545454545456,1,0.0,0.0,1,-0.5,0.08333333333333333,56,-0.12946428571428573,0.03338488367374922
2024-04-17,10,0.027057387057387056,0.014358974358974357,0.0,-0.1,3,-0.16666666666666666,0.018518518518518517,3,0.0,0.0,0,0.0,0.0,0,0.0,0.0,0,0.0,0.0,4,-0.125,0.05375457875457876
2024-04-18,7,0.026984126984126982,0.0,0.030952380952380953,-0.21428571428571427,3,0.0,0.0,0,0.0,0.0,1,0.0,0.0,0,0.0,0.0,0,0.0,0.0,3,-0.5,0.06296296296296296
2024-04-19,7,0.06746031746031746,0.0,0.007936507936507936,-0.39285714285714285,5,-0.35,0.06444444444444444,1,0.0,0.0,0,0.0,0.0,0,0.0,0.0,0,0.0,0.0,2,-0.5,0.075
2024-04-22,10,0.03492063492063492,0.007692307692307693,0.014973262032085561,-0.16666666666666666,5,-0.4333333333333333,0.06984126984126984,0,0.0,0.0,1,0.0,0.0,0,0.0,0.0,0,0.0,0.0,5,0.1,0.0
2024-04-23,6,0.10925925925925926,0.0,0.010416666666666666,-0.4388888888888889,5,-0.5266666666666666,0.13111111111111112,0,0.0,0.0,0,0.0,0.0,0,0.0,0.0,0,0.0,0.0,1,0.0,0.0
2024-04-24,5,0.06427350427350427,0.0,0.013333333333333332,-0.36666666666666664,1,-0.6666666666666666,0.1111111111111111,0,0.0,0.0,0,0.0,0.0,1,-0.6666666666666666,0.13333333333333333,0,0.0,0.0,4,-0.29166666666666663,0.052564102564102565
2024-04-25,4,0.06197478991596639,0.0,0.017857142857142856,-0.41666666666666663,1,-0.5,0.058823529411764705,1,-0.5,0.058823529411764705,1,0.0,0.0,1,-0.6666666666666666,0.11764705882352941,0,0.0,0.0,1,-0.5,0.07142857142857142
2024-04-26,8,0.05396062271062271,0.009615384615384616,0.019345238095238096,-0.3125,1,-0.5,0.08333333333333333,0,0.0,0.0,0,0.0,0.0,1,-0.5,0.07142857142857142,0,0.0,0.0,7,-0.2857142857142857,0.04976452119309262
2024-04-29,10,0.023333333333333334,0.0,0.0,-0.125,4,-0.1875,0.041666666666666664,1,-0.75,0.16666666666666666,0,0.0,0.0,2,-0.25,0.03333333333333333,1,0.0,0.0,4,0.0,0.0
2024-04-30,5,0.0441025641025641,0.015384615384615385,0.011764705882352941,-0.15,1,0.0,0.0,0,0.0,0.0,1,0.0,0.0,1,-0.5,0.06666666666666667,0,0.0,0.0,2,-0.125,0.07692307692307693
2024-05-02,18,0.050867827706063,0.008903133903133902,0.008241758241758242,-0.28703703703703703,2,-0.5833333333333333,0.10633484162895929,0,0.0,0.0,0,0.0,0.0,3,-0.3333333333333333,0.05252525252525253,0,0.0,0.0,15,-0.23333333333333334,0.042418969918969915
2024-05-03,9,0.051931075460487225,0.01270878721859114,0.007407407407407408,-0.2037037037037037,1,-0.5,0.09090909090909091,0,0.0,0.0,0,0.0,0.0,3,-0.055555555555555546,0.044444444444444446,0,0.0,0.0,5,-0.2333333333333333,0.04862745098039216
2024-05-06,6,0.0,0.04245014245014245,0.03365384615384615,0.25,2,0.0,0.0,0,0.0,0.0,0,0.0,0.0,2,0.5,0.0,0,0.0,0.0,2,0.25,0.0
2024-05-07,6,0.04865689865689866,0.02037037037037037,0.012820512820512822,-0.1111111111111111,2,-0.25,0.03571428571428571,0,0.0,0.0,0,0.0,0.0,2,-0.3333333333333333,0.07692307692307693,0,0.0,0.0,2,0.25,0.03333333333333333
2024-05-08,4,0.11545072574484339,0.0,0.040584415584415584,-0.47916666666666663,2,-0.7083333333333333,0.19518716577540107,0,0.0,0.0,0,0.0,0.0,1,-0.5,0.07142857142857142,0,0.0,0.0,1,0.0,0.0
2024-05-13,19,0.038682781515191486,0.0029239766081871343,0.015196983687288395,-0.16666666666666666,5,-0.2,0.03592314118629908,0,0.0,0.0,1,0.0,0.0,1,-0.6666666666666666,0.25,0,0.0,0.0,12,-0.125,0.025446428571428575
2024-05-14,10,0.0,0.006666666666666666,0.0,0.05,3,0.0,0.0,0,0.0,0.0,0,0.0,0.0,0,0.0,0.0,0,0.0,0.0,7,0.07142857142857142,0.0
2024-05-15,15,0.004166666666666667,0.014423076923076924,0.011111111111111112,0.06666666666666667,2,0.0,0.0,0,0.0,0.0,2,0.25,0.0,0,0.0,0.0,0,0.0,0.0,11,0.045454545454545456,0.005681818181818182
2024-05-16,14,0.04149282520025554,0.009696186166774404,0.008665966386554622,-0.21428571428571427,2,0.0,0.02631578947368421,0,0.0,0.0,3,-0.3333333333333333,0.04044117647058824,1,0.0,0.0,0,0.0,0.0,8,-0.25,0.050868055555555555
2024-05-17,7,0.021088435374149662,0.0,0.0,-0.14285714285714285,2,-0.25,0.023809523809523808,0,0.0,0.0,0,0.0,0.0,1,0.0,0.0,0,0.0,0.0,5,-0.1,0.02
2024-05-20,4,0.03125,0.017857142857142856,0.0,-0.04166666666666666,2,-0.3333333333333333,0.0625,0,0.0,0.0,0,0.0,0.0,0,0.0,0.0,0,0.0,0.0,2,0.25,0.0
2024-05-21,4,0.0,0.0,0.0,0.0,1,0.0,0.0,0,0.0,0.0,1,0.0,0.0,2,0.0,0.0,0,0.0,0.0,0,0.0,0.0
2024-05-22,9,0.04702251270878722,0.008547008547008548,0.014472455648926234,-0.2037037037037037,1,-0.6666666666666666,0.1111111111111111,0,0.0,0.0,0,0.0,0.0,1,0.0,0.0,0,0.0,0.0,7,-0.16666666666666666,0.04458450046685341
2024-05-27,18,0.04696229696229696,0.009018759018759018,0.004629629629629629,-0.17129629629629628,5,-0.3333333333333333,0.05913419913419913,0,0.0,0.0,2,-0.25,0.038461538461538464,2,-0.3333333333333333,0.1,0,0.0,0.0,9,-0.027777777777777776,0.0303030303030303
2024-05-28,2,0.03333333333333333,0.03333333333333333,0.0,0.0,1,0.0,0.0,0,0.0,0.0,0,0.0,0.0,0,0.0,0.0,0,0.0,0.0,1,0.0,0.06666666666666667
2024-05-29,6,0.0,0.012820512820512822,0.012820512820512822,0.08333333333333333,3,0.0,0.0,0,0.0,0.0,0,0.0,0.0,1,0.5,0.0,0,0.0,0.0,2,0.0,0.0
2024-05-30,2,0.0,0.041666666666666664,0.0,0.25,1,0.0,0.0,0,0.0,0.0,0,0.0,0.0,0,0.0,0.0,0,0.0,0.0,1,0.5,0.0
2024-05-31,7,0.03526538820656468,0.029496818970503182,0.007518796992481203,-0.05952380952380952,3,-0.055555555555555546,0.037037037037037035,0,0.0,0.0,0,0.0,0.0,2,0.0,0.029411764705882353,0,0.0,0.0,3,0.08333333333333333,0.025641025641025644
2024-06-03,10,0.03060897435897436,0.017692307692307695,0.014583333333333332,-0.1,2,-0.25,0.041666666666666664,1,-0.5,0.08333333333333333,0,0.0,0.0,4,0.0,0.020833333333333332,0,0.0,0.0,4,-0.125,0.03485576923076923
2024-06-04,4,0.0,0.016666666666666666,0.040625,0.125,1,0.0,0.0,0,0.0,0.0,0,0.0,0.0,1,0.0,0.0,0,0.0,0.0,2,0.25,0.0
2024-06-05,4,0.06786616161616162,0.0,0.013888888888888888,-0.41666666666666663,0,0.0,0.0,0,0.0,0.0,1,-0.5,0.05555555555555555,2,-0.25,0.045454545454545456,0,0.0,0.0,1,-0.6666666666666666,0.125
2024-06-06,4,0.014705882352941176,0.020833333333333332,0.014705882352941176,0.0,1,-0.5,0.058823529411764705,0,0.0,0.0,0,0.0,0.0,2,0.25,0.0,0,0.0,0.0,1,0.0,0.0
2024-06-07,3,0.04738562091503268,0.018518518518518517,0.0,-0.16666666666666666,1,-0.5,0.058823529411764705,0,0.0,0.0,0,0.0,0.0,1,0.5,0.0,0,0.0,0.0,1,-0.5,0.08333333333333333
2024-06-10,5,0.014285714285714285,0.015384615384615385,0.01111111111111111,0.0,1,0.0,0.0,0,0.0,0.0,0,0.0,0.0,1,-0.5,0.07142857142857142,0,0.0,0.0,3,0.16666666666666666,0.0
2024-06-11,6,0.022321428571428572,0.0,0.0,-0.16666666666666666,1,-0.5,0.0625,0,0.0,0.0,1,0.0,0.0,2,-0.25,0.03571428571428571,0,0.0,0.0,2,0.0,0.0
2024-06-12,9,0.008547008547008548,0.006944444444444444,0.02172096908939014,0.0,0,0.0,0.0,0,0.0,0.0,0,0.0,0.0,1,0.0,0.0,0,0.0,0.0,8,0.0,0.009615384615384616
2024-06-13,18,0.030976430976430977,0.0029239766081871343,0.014574314574314573,-0.08333333333333333,1,0.0,0.0,0,0.0,0.0,4,0.125,0.0,2,0.0,0.0,0,0.0,0.0,11,-0.18181818181818182,0.05068870523415978
2024-06-14,8,0.016666666666666666,0.008333333333333333,0.03461538461538462,-0.02083333333333333,0,0.0,0.0,0,0.0,0.0,2,0.0,0.0,2,-0.08333333333333331,0.06666666666666667,0,0.0,0.0,5,0.1,0.0
2024-06-19,16,0.034711841467356175,0.008072916666666666,0.02021329365079365,-0.11979166666666666,2,-0.375,0.13839285714285715,0,0.0,0.0,2,0.0,0.0,3,0.0,0.025641025641025644,0,0.0,0.0,9,-0.12962962962962962,0.022408963585434174
2024-06-20,3,0.09206349206349207,0.027777777777777776,0.0,-0.27777777777777773,1,-0.6666666666666666,0.13333333333333333,0,0.0,0.0,0,0.0,0.0,0,0.0,0.0,0,0.0,0.0,2,-0.08333333333333331,0.07142857142857142
2024-06-21,4,0.057291666666666664,0.034523809523809526,0.0,-0.04166666666666666,1,-0.6666666666666666,0.16666666666666666,0,0.0,0.0,0,0.0,0.0,1,0.5,0.0,0,0.0,0.0,2,0.0,0.03125
2024-06-24,7,0.0,0.023214285714285715,0.008928571428571428,0.14285714285714285,1,0.0,0.0,0,0.0,0.0,1,0.0,0.0,2,0.25,0.0,0,0.0,0.0,3,0.16666666666666666,0.0
2024-06-25,5,0.0579185520361991,0.015384615384615385,0.011764705882352941,-0.15,1,-0.75,0.23076923076923078,0,0.0,0.0,0,0.0,0.0,1,0.5,0.0,0,0.0,0.0,3,-0.16666666666666666,0.0196078431372549
2024-06-26,4,0.043560606060606064,0.03869047619047619,0.0,0.0,0,0.0,0.0,0,0.0,0.0,0,0.0,0.0,1,0.0,0.0,0,0.0,0.0,3,0.0,0.05808080808080809
2024-06-27,8,0.1404082029082029,0.011363636363636364,0.03139568764568765,-0.48541666666666666,1,-0.6666666666666666,0.15384615384615385,0,0.0,0.0,0,0.0,0.0,1,0.0,0.09090909090909091,1,-0.8,0.3333333333333333,5,-0.4833333333333333,0.10903540903540902
2024-06-28,9,0.019658119658119658,0.019658119658119658,0.010101010101010102,0.0,1,0.0,0.0,0,0.0,0.0,0,0.0,0.0,1,0.0,0.1,1,0.0,0.07692307692307693,6,0.0,0.0
2024-07-01,4,0.052380952380952375,0.017857142857142856,0.035897435897435895,-0.25,1,0.0,0.07142857142857142,0,0.0,0.0,0,0.0,0.0,1,0.0,0.07142857142857142,0,0.0,0.0,3,-0.3333333333333333,0.046031746031746035
2024-07-02,3,0.0,0.0196078431372549,0.0,0.16666666666666666,0,0.0,0.0,0,0.0,0.0,0,0.0,0.0,1,0.0,0.0,0,0.0,0.0,2,0.25,0.0
2024-07-03,7,0.025274725274725275,0.008403361344537815,0.008928571428571428,-0.07142857142857142,0,0.0,0.0,0,0.0,0.0,1,-0.5,0.07692307692307693,2,0.0,0.0,0,0.0,0.0,4,0.0,0.025
2024-07-04,6,0.05922202797202797,0.0,0.0,-0.3333333333333333,2,-0.5,0.10795454545454546,0,0.0,0.0,0,0.0,0.0,2,0.0,0.0,0,0.0,0.0,2,-0.5,0.06971153846153846
2024-07-05,3,0.023809523809523808,0.0,0.04183006535947712,-0.16666666666666666,1,-0.5,0.07142857142857142,0,0.0,0.0,2,0.0,0.0,0,0.0,0.0,0,0.0,0.0,0,0.0,0.0
2024-07-08,6,0.022624434389140274,0.015151515151515152,0.02170868347338935,-0.08333333333333333,2,-0.5,0.06787330316742082,0,0.0,0.0,0,0.0,0.0,1,0.5,0.0,1,-0.5,0.07692307692307693,3,0.0,0.0
2024-07-09,4,0.0,0.015625,0.0,0.125,1,0.0,0.0,0,0.0,0.0,0,0.0,0.0,1,0.0,0.0,0,0.0,0.0,2,0.25,0.0
2024-07-10,10,0.034090909090909095,0.01,0.0125,-0.1,2,0.0,0.0,0,0.0,0.0,0,0.0,0.0,1,0.0,0.0,0,0.0,0.0,7,-0.14285714285714285,0.048701298701298704
2024-07-11,5,0.028717948717948714,0.06228438228438229,0.0,0.2,1,0.5,0.0,0,0.0,0.0,0,0.0,0.0,1,0.5,0.0,0,0.0,0.0,3,0.0,0.04786324786324786
2024-07-12,13,0.03623508844097079,0.011217948717948716,0.014685314685314687,-0.1282051282051282,1,-0.6666666666666666,0.11764705882352941,0,0.0,0.0,1,0.0,0.0,1,0.0,0.0625,0,0.0,0.0,12,-0.08333333333333333,0.029450757575757575
2024-07-15,7,0.027308531067929565,0.01098901098901099,0.019789734075448363,-0.14285714285714285,0,0.0,0.0,0,0.0,0.0,0,0.0,0.0,1,0.5,0.0,0,0.0,0.0,6,-0.25,0.03185995291258449
2024-07-16,3,0.023809523809523808,0.0,0.0,-0.16666666666666666,0,0.0,0.0,0,0.0,0.0,0,0.0,0.0,0,0.0,0.0,0,0.0,0.0,3,-0.16666666666666666,0.023809523809523808
2024-07-17,5,0.04666666666666667,0.0,0.02,-0.3,0,0.0,0.0,0,0.0,0.0,0,0.0,0.0,0,0.0,0.0,0,0.0,0.0,5,-0.3,0.04666666666666667
2024-07-18,4,0.019230769230769232,0.014705882352941176,0.0,0.0,1,0.0,0.0,0,0.0,0.0,0,0.0,0.0,0,0.0,0.0,0,0.0,0.0,3,0.0,0.025641025641025644
2024-07-19,4,0.022727272727272728,0.022727272727272728,0.0,0.0,1,0.0,0.0,0,0.0,0.0,0,0.0,0.0,1,0.0,0.09090909090909091,0,0.0,0.0,2,0.0,0.0
2024-07-22,2,0.0,0.0,0.0,0.0,0,0.0,0.0,0,0.0,0.0,0,0.0,0.0,1,0.0,0.0,0,0.0,0.0,1,0.0,0.0
2024-07-23,0,0.0,0.0,0.0,0.0,0,0.0,0.0,0,0.0,0.0,0,0.0,0.0,0,0.0,0.0,0,0.0,0.0,0,0.0,0.0
2024-07-24,1,0.0,0.0,0.1,0.0,0,0.0,0.0,0,0.0,0.0,0,0.0,0.0,1,0.0,0.0,0,0.0,0.0,0,0.0,0.0
2024-07-25,2,0.03571428571428571,0.0,0.0,-0.25,0,0.0,0.0,0,0.0,0.0,0,0.0,0.0,1,0.0,0.0,0,0.0,0.0,1,-0.5,0.07142857142857142
2024-07-26,4,0.013888888888888888,0.0,0.020833333333333332,-0.125,1,-0.5,0.05555555555555555,0,0.0,0.0,0,0.0,0.0,1,0.0,0.0,0,0.0,0.0,2,0.0,0.0
2024-07-29,5,0.06303030303030303,0.03676470588235294,0.0,-0.033333333333333326,0,0.0,0.0,0,0.0,0.0,0,0.0,0.0,1,-0.6666666666666666,0.18181818181818182,0,0.0,0.0,4,0.125,0.03333333333333333
2024-07-30,2,0.02631578947368421,0.0,0.045454545454545456,-0.25,0,0.0,0.0,0,0.0,0.0,0,0.0,0.0,1,0.0,0.0,0,0.0,0.0,1,-0.5,0.05263157894736842
2024-07-31,7,0.01991758241758242,0.0,0.0,-0.14285714285714285,1,-0.5,0.0625,1,0.0,0.0,0,0.0,0.0,1,0.0,0.0,0,0.0,0.0,4,-0.125,0.019230769230769232
2024-08-01,7,0.039645473574045006,0.03638583638583638,0.009523809523809523,-0.07142857142857142,0,0.0,0.0,0,0.0,0.0,0,0.0,0.0,1,0.0,0.0,0,0.0,0.0,6,-0.08333333333333333,0.046253052503052505
2024-08-02,3,0.03333333333333333,0.0,0.0,-0.16666666666666666,1,0.0,0.0,0,0.0,0.0,0,0.0,0.0,1,-0.5,0.1,0,0.0,0.0,1,0.0,0.0
2024-08-05,4,0.02922077922077922,0.0,0.0,-0.25,2,-0.25,0.022727272727272728,0,0.0,0.0,0,0.0,0.0,0,0.0,0.0,0,0.0,0.0,2,-0.25,0.03571428571428571
2024-08-06,3,0.0992063492063492,0.0,0.0,-0.5555555555555555,0,0.0,0.0,0,0.0,0.0,0,0.0,0.0,1,-0.6666666666666666,0.14285714285714285,0,0.0,0.0,2,-0.5,0.07738095238095238
2024-08-07,5,0.026666666666666665,0.011764705882352941,0.0,-0.1,1,0.5,0.0,0,0.0,0.0,0,0.0,0.0,1,-0.5,0.06666666666666667,0,0.0,0.0,3,-0.16666666666666666,0.022222222222222223
2024-08-08,4,0.031135531135531136,0.011904761904761904,0.0,-0.125,0,0.0,0.0,0,0.0,0.0,0,0.0,0.0,1,0.0,0.0,0,0.0,0.0,3,-0.16666666666666666,0.04151404151404151
2024-08-09,5,0.04121794871794872,0.0,0.0,-0.3,0,0.0,0.0,0,0.0,0.0,0,0.0,0.0,1,-0.5,0.07692307692307693,0,0.0,0.0,4,-0.25,0.03229166666666666
2024-08-12,14,0.02363509506366649,0.014328231292517007,0.009696186166774404,-0.02976190476190476,3,0.16666666666666666,0.0,0,0.0,0.0,0,0.0,0.0,1,-0.25,0.14285714285714285,0,0.0,0.0,10,-0.06666666666666667,0.018803418803418803
2024-08-13,7,0.0,0.009523809523809523,0.008403361344537815,0.07142857142857142,1,0.0,0.0,0,0.0,0.0,0,0.0,0.0,1,0.0,0.0,0,0.0,0.0,5,0.1,0.0
2024-08-14,9,0.05075757575757575,0.02854938271604938,0.017806267806267803,-0.10185185185185185,0,0.0,0.0,1,-0.5,0.06666666666666667,0,0.0,0.0,1,-0.6666666666666666,0.18181818181818182,0,0.0,0.0,7,0.03571428571428571,0.02976190476190476
2024-08-15,11,0.05603146853146854,0.006993006993006993,0.005681818181818182,-0.23484848484848483,1,-0.6666666666666666,0.16666666666666666,0,0.0,0.0,0,0.0,0.0,1,-0.5,0.0625,0,0.0,0.0,9,-0.15740740740740738,0.043019943019943024
2024-08-16,2,0.1611111111111111,0.0,0.0,-0.5833333333333333,0,0.0,0.0,0,0.0,0.0,0,0.0,0.0,1,-0.6666666666666666,0.2222222222222222,0,0.0,0.0,1,-0.5,0.1
2024-08-19,11,0.04227994227994228,0.009569377990430622,0.0,-0.1515151515151515,3,0.2222222222222222,0.0,0,0.0,0.0,1,0.0,0.0,1,-0.5,0.06666666666666667,0,0.0,0.0,6,-0.3055555555555555,0.0664021164021164
2024-08-20,2,0.06458333333333333,0.03125,0.03333333333333333,-0.25,1,0.0,0.0625,0,0.0,0.0,0,0.0,0.0,1,-0.5,0.06666666666666667,0,0.0,0.0,0,0.0,0.0
2024-08-21,3,0.0,0.025641025641025644,0.023809523809523808,0.16666666666666666,0,0.0,0.0,0,0.0,0.0,1,0.0,0.0,1,0.0,0.0,0,0.0,0.0,1,0.5,0.0
2024-08-22,6,0.09305555555555556,0.010416666666666666,0.021527777777777774,-0.27777777777777773,0,0.0,0.0,0,0.0,0.0,1,-0.6666666666666666,0.125,4,-0.125,0.08333333333333333,0,0.0,0.0,3,-0.5,0.14444444444444446
2024-08-23,3,0.030303030303030304,0.025641025641025644,0.0,0.0,0,0.0,0.0,0,0.0,0.0,0,0.0,0.0,1,0.5,0.0,0,0.0,0.0,2,-0.25,0.045454545454545456
2024-08-26,9,0.060927960927960934,0.0,0.016483516483516484,-0.32407407407407407,3,-0.5833333333333334,0.11452991452991453,0,0.0,0.0,0,0.0,0.0,1,-0.6666666666666666,0.13333333333333333,0,0.0,0.0,5,-0.1,0.014285714285714285
2024-08-27,3,0.07167277167277168,0.022222222222222223,0.0,-0.3333333333333333,0,0.0,0.0,0,0.0,0.0,1,-0.5,0.07692307692307693,1,0.0,0.06666666666666667,0,0.0,0.0,1,-0.5,0.07142857142857142
2024-08-28,4,0.034523809523809526,0.0,0.017857142857142856,-0.25,1,0.0,0.0,0,0.0,0.0,1,0.0,0.0,1,-0.5,0.06666666666666667,0,0.0,0.0,1,-0.5,0.07142857142857142
2024-08-29,5,0.014285714285714285,0.01,0.0,0.0,0,0.0,0.0,0,0.0,0.0,0,0.0,0.0,2,0.0,0.03571428571428571,0,0.0,0.0,3,0.0,0.0
2024-08-30,5,0.02857142857142857,0.0,0.014285714285714285,-0.13333333333333333,1,0.0,0.0,0,0.0,0.0,0,0.0,0.0,1,-0.6666666666666666,0.14285714285714285,0,0.0,0.0,3,0.0,0.0
2024-09-02,3,0.025641025641025644,0.03333333333333333,0.0,0.0,0,0.0,0.0,0,0.0,0.0,0,0.0,0.0,0,0.0,0.0,0,0.0,0.0,3,0.0,0.025641025641025644
2024-09-03,4,0.013888888888888888,0.014705882352941176,0.0,0.0,2,0.0,0.027777777777777776,1,0.0,0.0,0,0.0,0.0,0,0.0,0.0,0,0.0,0.0,1,0.0,0.0
2024-09-04,2,0.0,0.03333333333333333,0.0,0.25,0,0.0,0.0,0,0.0,0.0,0,0.0,0.0,2,0.25,0.0,0,0.0,0.0,0,0.0,0.0
2024-09-05,5,0.015384615384615385,0.03076923076923077,0.027884615384615386,0.033333333333333326,1,0.6666666666666666,0.0,0,0.0,0.0,0,0.0,0.0,1,0.0,0.0,0,0.0,0.0,3,-0.16666666666666666,0.025641025641025644
2024-09-06,4,0.10804473304473304,0.036616161616161616,0.017857142857142856,-0.3125,0,0.0,0.0,0,0.0,0.0,0,0.0,0.0,2,-0.25,0.08116883116883117,0,0.0,0.0,2,-0.375,0.1349206349206349
2024-09-09,6,0.046825396825396826,0.0,0.022222222222222223,-0.27777777777777773,1,0.0,0.0,0,0.0,0.0,0,0.0,0.0,1,-0.5,0.06666666666666667,0,0.0,0.0,4,-0.29166666666666663,0.05357142857142857
2024-09-10,4,0.05131578947368421,0.0,0.0,-0.29166666666666663,1,0.0,0.0,0,0.0,0.0,1,-0.6666666666666666,0.10526315789473684,1,-0.5,0.1,0,0.0,0.0,1,0.0,0.0
2024-09-11,8,0.007352941176470588,0.01655982905982906,0.0,0.0625,1,0.0,0.0,0,0.0,0.0,1,0.0,0.0,1,0.0,0.0,0,0.0,0.0,5,0.1,0.011764705882352941
2024-09-12,10,0.024358974358974363,0.0,0.00625,-0.15,0,0.0,0.0,0,0.0,0.0,1,-0.5,0.06666666666666667,1,0.0,0.0,0,0.0,0.0,8,-0.125,0.022115384615384617
2024-09-13,8,0.06933760683760684,0.0,0.019345238095238096,-0.30833333333333335,0,0.0,0.0,1,-0.8,0.26666666666666666,0,0.0,0.0,1,-0.5,0.07692307692307693,0,0.0,0.0,6,-0.19444444444444442,0.03518518518518519
2024-09-17,12,0.03627406090641385,0.009375,0.01278409090909091,-0.13888888888888887,0,0.0,0.0,0,0.0,0.0,2,0.0,0.0,0,0.0,0.0,0,0.0,0.0,10,-0.16666666666666666,0.043528873087696617
2024-09-18,6,0.024999999999999998,0.0,0.0,-0.16666666666666666,0,0.0,0.0,0,0.0,0.0,0,0.0,0.0,1,-0.5,0.06666666666666667,0,0.0,0.0,5,-0.1,0.016666666666666666
2024-09-19,11,0.04782922810997678,0.004545454545454546,0.004545454545454546,-0.28787878787878785,0,0.0,0.0,0,0.0,0.0,1,0.0,0.0,1,0.0,0.0,0,0.0,0.0,9,-0.35185185185185186,0.05845794546774939
2024-09-20,9,0.03694207027540361,0.0,0.007407407407407408,-0.24074074074074073,1,0.0,0.0,0,0.0,0.0,1,0.0,0.0,1,-0.5,0.07692307692307693,0,0.0,0.0,6,-0.27777777777777773,0.04259259259259259
2024-09-23,6,0.028322440087145972,0.013888888888888888,0.0,-0.16666666666666666,2,0.0,0.027777777777777776,0,0.0,0.0,1,0.5,0.0,0,0.0,0.0,0,0.0,0.0,4,-0.25,0.028594771241830064
2024-09-24,3,0.07647907647907648,0.0,0.0,-0.5,0,0.0,0.0,0,0.0,0.0,1,-0.5,0.09090909090909091,0,0.0,0.0,0,0.0,0.0,2,-0.5,0.06926406926406926
2024-09-25,4,0.0671474358974359,0.0,0.0,-0.375,0,0.0,0.0,0,0.0,0.0,0,0.0,0.0,1,0.0,0.0,0,0.0,0.0,3,-0.5,0.08952991452991453
2024-09-26,5,0.05188375350140055,0.0,0.02426470588235294,-0.4,1,-0.5,0.07142857142857142,0,0.0,0.0,1,-0.5,0.0625,0,0.0,0.0,0,0.0,0.0,3,-0.3333333333333333,0.04183006535947712
2024-09-27,5,0.014285714285714285,0.0375,0.014285714285714285,0.05,0,0.0,0.0,0,0.0,0.0,0,0.0,0.0,1,0.0,0.0,0,0.0,0.0,4,0.0625,0.017857142857142856
2024-09-30,7,0.03333333333333333,0.011904761904761904,0.0,-0.14285714285714285,1,0.0,0.0,0,0.0,0.0,1,-0.5,0.06666666666666667,2,-0.25,0.08333333333333333,0,0.0,0.0,3,0.0,0.0
2024-10-01,8,0.030269607843137255,0.0,0.007352941176470588,-0.1875,1,-0.5,0.058823529411764705,0,0.0,0.0,0,0.0,0.0,1,-0.5,0.1,0,0.0,0.0,6,-0.08333333333333333,0.013888888888888888
2024-10-02,9,0.039316239316239315,0.008547008547008548,0.014814814814814815,-0.1111111111111111,3,-0.3333333333333333,0.11794871794871796,0,0.0,0.0,1,0.0,0.0,2,0.0,0.0,0,0.0,0.0,3,0.0,0.0
2024-10-03,1,0.0,0.07692307692307693,0.0,0.5,1,0.5,0.0,0,0.0,0.0,0,0.0,0.0,1,0.5,0.0,0,0.0,0.0,0,0.0,0.0
2024-10-04,3,0.07407407407407407,0.0,0.0462962962962963,-0.38888888888888884,1,-0.5,0.05555555555555555,0,0.0,0.0,0,0.0,0.0,1,-0.6666666666666666,0.16666666666666666,0,0.0,0.0,1,0.0,0.0
2024-10-07,8,0.03480113636363637,0.0078125,0.0,-0.14583333333333331,1,-0.6666666666666666,0.125,0,0.0,0.0,2,-0.25,0.045454545454545456,1,0.0,0.0625,0,0.0,0.0,4,0.0,0.0
2024-10-08,4,0.015625,0.0,0.022727272727272728,-0.125,0,0.0,0.0,0,0.0,0.0,2,0.0,0.0,1,-0.5,0.0625,0,0.0,0.0,1,0.0,0.0
2024-10-09,4,0.019230769230769232,0.019230769230769232,0.020833333333333332,0.0,2,0.0,0.038461538461538464,0,0.0,0.0,0,0.0,0.0,2,0.0,0.0,0,0.0,0.0,1,0.0,0.0
2024-10-10,7,0.008928571428571428,0.023809523809523808,0.0,0.07142857142857142,0,0.0,0.0,0,0.0,0.0,0,0.0,0.0,1,0.0,0.0,0,0.0,0.0,6,0.08333333333333333,0.010416666666666666
2024-10-11,7,0.03717948717948718,0.01098901098901099,0.011904761904761904,-0.14285714285714285,1,-0.5,0.08333333333333333,0,0.0,0.0,0,0.0,0.0,0,0.0,0.0,0,0.0,0.0,6,-0.08333333333333333,0.02948717948717949
2024-10-14,8,0.025,0.011363636363636364,0.03428030303030303,-0.0625,1,0.5,0.0,0,0.0,0.0,1,0.0,0.0,1,0.5,0.0,0,0.0,0.0,6,-0.16666666666666666,0.03333333333333333
2024-10-15,6,0.010416666666666666,0.06932773109243696,0.047619047619047616,0.25,0,0.0,0.0,1,0.5,0.0,1,0.5,0.0,1,0.0,0.0,0,0.0,0.0,3,0.16666666666666666,0.020833333333333332
2024-10-16,3,0.04524886877828055,0.025641025641025644,0.025641025641025644,-0.16666666666666666,1,0.0,0.07692307692307693,0,0.0,0.0,0,0.0,0.0,1,0.0,0.0,0,0.0,0.0,1,-0.5,0.058823529411764705
2024-10-17,2,0.0,0.0,0.041666666666666664,0.0,0,0.0,0.0,0,0.0,0.0,0,0.0,0.0,1,0.0,0.0,0,0.0,0.0,1,0.0,0.0
2024-10-18,3,0.03333333333333333,0.0,0.0,-0.16666666666666666,1,0.0,0.0,0,0.0,0.0,1,0.0,0.0,1,-0.5,0.1,0,0.0,0.0,0,0.0,0.0
2024-10-21,3,0.05128205128205129,0.0,0.025641025641025644,-0.2222222222222222,1,0.0,0.0,0,0.0,0.0,1,0.0,0.0,0,0.0,0.0,0,0.0,0.0,1,-0.6666666666666666,0.15384615384615385
2024-10-22,4,0.041666666666666664,0.0,0.027777777777777776,-0.125,1,0.0,0.0,0,0.0,0.0,0,0.0,0.0,1,0.0,0.0,0,0.0,0.0,2,-0.25,0.08333333333333333
2024-10-23,5,0.02857142857142857,0.015384615384615385,0.040336134453781515,-0.033333333333333326,0,0.0,0.0,0,0.0,0.0,0,0.0,0.0,2,0.25,0.0,0,0.0,0.0,3,-0.2222222222222222,0.047619047619047616
2024-10-24,4,0.05316742081447964,0.0,0.0,-0.29166666666666663,0,0.0,0.0,0,0.0,0.0,2,-0.3333333333333333,0.07692307692307693,0,0.0,0.0,0,0.0,0.0,2,-0.25,0.029411764705882353
2024-10-25,6,0.010416666666666666,0.0,0.00980392156862745,-0.08333333333333333,2,-0.25,0.03125,0,0.0,0.0,2,0.0,0.0,0,0.0,0.0,0,0.0,0.0,2,0.0,0.0
2024-10-28,5,0.0821969696969697,0.0,0.0,-0.36666666666666664,2,-0.6666666666666666,0.17424242424242425,0,0.0,0.0,3,-0.38888888888888884,0.08143939393939394,0,0.0,0.0,0,0.0,0.0,1,0.0,0.0
2024-10-29,0,0.0,0.0,0.0,0.0,0,0.0,0.0,0,0.0,0.0,0,0.0,0.0,0,0.0,0.0,0,0.0,0.0,0,0.0,0.0
2024-10-30,8,0.0203125,0.0,0.008333333333333333,-0.125,0,0.0,0.0,0,0.0,0.0,2,0.0,0.0,1,-0.5,0.1,0,0.0,0.0,5,-0.1,0.0125
2024-10-31,4,0.025,0.014705882352941176,0.0,0.0,0,0.0,0.0,0,0.0,0.0,0,0.0,0.0,0,0.0,0.0,0,0.0,0.0,4,0.0,0.025
2024-11-01,6,0.047619047619047616,0.011904761904761904,0.012820512820512822,-0.15277777777777776,0,0.0,0.0,0,0.0,0.0,0,0.0,0.0,1,0.0,0.0,0,0.0,0.0,5,-0.18333333333333332,0.05714285714285714
2024-11-04,2,0.027777777777777776,0.027777777777777776,0.0,0.0,0,0.0,0.0,0,0.0,0.0,1,0.0,0.0,0,0.0,0.0,0,0.0,0.0,1,0.0,0.05555555555555555
2024-11-05,6,0.03952991452991453,0.010416666666666666,0.026709401709401708,-0.16666666666666666,0,0.0,0.0,0,0.0,0.0,4,-0.25,0.04006410256410256,1,0.5,0.0,0,0.0,0.0,1,-0.5,0.07692307692307693
2024-11-06,0,0.0,0.0,0.0,0.0,0,0.0,0.0,0,0.0,0.0,0,0.0,0.0,0,0.0,0.0,0,0.0,0.0,0,0.0,0.0
2024-11-07,11,0.05990099472719794,0.012340600575894695,0.03259601361205639,-0.2424242424242424,1,0.0,0.0,1,0.0,0.0,8,-0.2708333333333333,0.07455136774989717,0,0.0,0.0,0,0.0,0.0,4,-0.25,0.03835227272727273
2024-11-08,8,0.010416666666666666,0.0,0.0078125,-0.0625,0,0.0,0.0,1,0.0,0.0,4,-0.125,0.020833333333333332,0,0.0,0.0,0,0.0,0.0,4,0.0,0.0
2024-11-11,11,0.023863636363636365,0.012674825174825176,0.021464646464646464,-0.0606060606060606,1,-0.6666666666666666,0.13333333333333333,0,0.0,0.0,4,-0.25,0.03229166666666666,0,0.0,0.0,0,0.0,0.0,7,0.07142857142857142,0.008928571428571428
2024-11-12,1,0.09090909090909091,0.0,0.09090909090909091,-0.5,0,0.0,0.0,0,0.0,0.0,1,-0.5,0.09090909090909091,0,0.0,0.0,0,0.0,0.0,0,0.0,0.0
2024-11-13,6,0.024725274725274724,0.0,0.021527777777777774,-0.16666666666666666,0,0.0,0.0,0,0.0,0.0,2,-0.5,0.07417582417582418,1,0.0,0.0,0,0.0,0.0,4,-0.125,0.019230769230769232
2024-11-14,9,0.02706552706552707,0.018055555555555557,0.02962962962962963,-0.05555555555555555,0,0.0,0.0,0,0.0,0.0,1,0.5,0.0,0,0.0,0.0,0,0.0,0.0,8,-0.125,0.03044871794871795
2024-11-15,6,0.02556818181818182,0.0,0.02556818181818182,-0.16666666666666666,0,0.0,0.0,0,0.0,0.0,1,0.0,0.0,1,0.0,0.0,0,0.0,0.0,4,-0.25,0.03835227272727273
2024-11-18,5,0.047619047619047616,0.0,0.03428571428571429,-0.2333333333333333,0,0.0,0.0,0,0.0,0.0,2,-0.25,0.03571428571428571,1,-0.6666666666666666,0.16666666666666666,0,0.0,0.0,3,-0.16666666666666666,0.023809523809523808
2024-11-19,1,0.08333333333333333,0.0,0.0,-0.5,1,-0.5,0.08333333333333333,0,0.0,0.0,0,0.0,0.0,0,0.0,0.0,0,0.0,0.0,0,0.0,0.0
2024-11-20,8,0.018543956043956044,0.0,0.03165584415584416,-0.125,2,0.0,0.0,0,0.0,0.0,4,-0.125,0.017857142857142856,1,0.0,0.0,0,0.0,0.0,1,-0.5,0.07692307692307693
2024-11-21,0,0.0,0.0,0.0,0.0,0,0.0,0.0,0,0.0,0.0,0,0.0,0.0,0,0.0,0.0,0,0.0,0.0,0,0.0,0.0
2024-11-22,4,0.017857142857142856,0.0,0.040584415584415584,-0.125,0,0.0,0.0,0,0.0,0.0,1,0.0,0.0,0,0.0,0.0,0,0.0,0.0,3,-0.16666666666666666,0.023809523809523808
2024-11-25,6,0.00980392156862745,0.0,0.0,-0.08333333333333333,2,0.0,0.0,0,0.0,0.0,1,0.0,0.0,1,0.0,0.0,0,0.0,0.0,2,-0.25,0.029411764705882353
2024-11-26,5,0.028717948717948714,0.014285714285714285,0.0,-0.1,0,0.0,0.0,0,0.0,0.0,3,-0.3333333333333333,0.04786324786324786,1,0.5,0.0,0,0.0,0.0,1,0.0,0.0
2024-11-28,24,0.037412240537240536,0.009052579365079366,0.012524801587301586,-0.17361111111111113,1,0.0,0.0,0,0.0,0.0,12,-0.2638888888888889,0.05626144688644688,1,-0.5,0.08333333333333333,0,0.0,0.0,12,-0.041666666666666664,0.018563034188034188
2024-11-29,4,0.06468531468531469,0.0,0.019230769230769232,-0.29166666666666663,1,0.0,0.0,0,0.0,0.0,3,-0.38888888888888884,0.08624708624708625,0,0.0,0.0,0,0.0,0.0,0,0.0,0.0
2024-12-02,1,0.0,0.0,0.0,0.0,0,0.0,0.0,0,0.0,0.0,0,0.0,0.0,0,0.0,0.0,0,0.0,0.0,1,0.0,0.0
2024-12-03,4,0.10656565656565656,0.0,0.0,-0.4583333333333333,2,-0.3333333333333333,0.09090909090909091,0,0.0,0.0,0,0.0,0.0,0,0.0,0.0,0,0.0,0.0,2,-0.5833333333333333,0.12222222222222222
2024-12-04,1,0.06666666666666667,0.0,0.0,-0.5,0,0.0,0.0,0,0.0,0.0,0,0.0,0.0,0,0.0,0.0,0,0.0,0.0,1,-0.5,0.06666666666666667
2024-12-05,8,0.023543956043956045,0.0,0.02924107142857143,-0.1875,0,0.0,0.0,0,0.0,0.0,3,-0.3333333333333333,0.037142857142857144,0,0.0,0.0,2,0.0,0.0,4,-0.25,0.029230769230769234
2024-12-06,4,0.0992063492063492,0.0,0.0,-0.41666666666666663,0,0.0,0.0,0,0.0,0.0,0,0.0,0.0,2,-0.5,0.12698412698412698,1,-0.6666666666666666,0.14285714285714285,1,0.0,0.0
2024-12-09,8,0.04387254901960784,0.010416666666666666,0.022727272727272728,-0.20833333333333331,2,-0.3333333333333333,0.058823529411764705,0,0.0,0.0,2,-0.3333333333333333,0.10049019607843138,1,-0.5,0.06666666666666667,1,-0.5,0.08333333333333333,3,0.0,0.0
2024-12-10,1,0.0,0.0,0.0,0.0,0,0.0,0.0,0,0.0,0.0,0,0.0,0.0,0,0.0,0.0,0,0.0,0.0,1,0.0,0.0
2024-12-11,7,0.008928571428571428,0.009523809523809523,0.017857142857142856,0.0,0,0.0,0.0,0,0.0,0.0,2,-0.25,0.03125,0,0.0,0.0,0,0.0,0.0,5,0.1,0.0
2024-12-12,9,0.011111111111111112,0.01627384960718294,0.0,0.05555555555555555,0,0.0,0.0,0,0.0,0.0,1,0.5,0.0,0,0.0,0.0,0,0.0,0.0,8,0.0,0.0125
2024-12-13,8,0.03617788461538461,0.008333333333333333,0.0,-0.1875,0,0.0,0.0,0,0.0,0.0,0,0.0,0.0,0,0.0,0.0,0,0.0,0.0,8,-0.1875,0.03617788461538461
2024-12-16,7,0.059458398744113024,0.0,0.009523809523809523,-0.32142857142857145,1,-0.5,0.0625,0,0.0,0.0,1,0.0,0.0,0,0.0,0.0,1,0.0,0.0,4,-0.4375,0.0884271978021978
2024-12-17,0,0.0,0.0,0.0,0.0,0,0.0,0.0,0,0.0,0.0,0,0.0,0.0,0,0.0,0.0,0,0.0,0.0,0,0.0,0.0
2024-12-18,6,0.03253968253968254,0.007936507936507936,0.008333333333333333,-0.15277777777777776,0,0.0,0.0,0,0.0,0.0,1,0.0,0.0,0,0.0,0.0,0,0.0,0.0,6,-0.15277777777777776,0.03253968253968254
2024-12-19,4,0.0,0.0,0.0,0.0,0,0.0,0.0,0,0.0,0.0,0,0.0,0.0,0,0.0,0.0,0,0.0,0.0,4,0.0,0.0
2024-12-20,5,0.010526315789473684,0.0,0.010526315789473684,-0.1,0,0.0,0.0,0,0.0,0.0,1,0.0,0.0,0,0.0,0.0,0,0.0,0.0,4,-0.125,0.013157894736842105
2024-12-23,8,0.0,0.008928571428571428,0.0078125,0.0625,1,0.0,0.0,0,0.0,0.0,1,0.0,0.0,0,0.0,0.0,0,0.0,0.0,6,0.08333333333333333,0.0
2024-12-24,1,0.07692307692307693,0.0,0.07692307692307693,-0.5,0,0.0,0.0,0,0.0,0.0,1,-0.5,0.07692307692307693,0,0.0,0.0,0,0.0,0.0,0,0.0,0.0
2024-12-27,2,0.1,0.0,0.0,-0.3333333333333333,0,0.0,0.0,0,0.0,0.0,0,0.0,0.0,0,0.0,0.0,0,0.0,0.0,2,-0.3333333333333333,0.1
2024-12-30,0,0.0,0.0,0.0,0.0,0,0.0,0.0,0,0.0,0.0,0,0.0,0.0,0,0.0,0.0,0,0.0,0.0,0,0.0,0.0
2024-12-31,1,0.0,0.0,0.0,0.0,0,0.0,0.0,0,0.0,0.0,0,0.0,0.0,1,0.0,0.0,0,0.0,0.0,0,0.0,0.0
2025-01-02,3,0.08009259259259259,0.0,0.020833333333333332,-0.5,1,-0.5,0.06666666666666667,1,-0.5,0.1111111111111111,1,-0.5,0.0625,0,0.0,0.0,0,0.0,0.0,0,0.0,0.0
2025-01-03,0,0.0,0.0,0.0,0.0,0,0.0,0.0,0,0.0,0.0,0,0.0,0.0,0,0.0,0.0,0,0.0,0.0,0,0.0,0.0
2025-01-06,2,0.03571428571428571,0.0,0.0,-0.25,0,0.0,0.0,0,0.0,0.0,1,-0.5,0.07142857142857142,0,0.0,0.0,0,0.0,0.0,1,0.0,0.0
2025-01-07,5,0.025,0.0,0.025,-0.1,2,0.0,0.0,0,0.0,0.0,2,0.0,0.0,0,0.0,0.0,0,0.0,0.0,2,-0.25,0.0625
2025-01-08,7,0.04976452119309262,0.01020408163265306,0.0,-0.14285714285714285,1,0.0,0.0,0,0.0,0.0,1,-0.5,0.07692307692307693,0,0.0,0.0,0,0.0,0.0,6,-0.16666666666666666,0.058058608058608054
2025-01-09,11,0.0645021645021645,0.014772727272727272,0.027203856749311296,-0.1515151515151515,0,0.0,0.0,0,0.0,0.0,3,0.0,0.0,0,0.0,0.0,0,0.0,0.0,9,-0.18518518518518517,0.07883597883597884
2025-01-10,1,0.08333333333333333,0.0,0.0,-0.5,0,0.0,0.0,0,0.0,0.0,0,0.0,0.0,0,0.0,0.0,0,0.0,0.0,1,-0.5,0.08333333333333333
2025-01-13,6,0.02556818181818182,0.0,0.02556818181818182,-0.16666666666666666,2,-0.25,0.03125,1,-0.5,0.09090909090909091,1,0.0,0.0,1,-0.5,0.09090909090909091,0,0.0,0.0,2,0.0,0.0
2025-01-14,5,0.0,0.0,0.0,0.0,0,0.0,0.0,0,0.0,0.0,0,0.0,0.0,0,0.0,0.0,0,0.0,0.0,5,0.0,0.0
2025-01-15,10,0.01,0.013942307692307693,0.01625,0.05,0,0.0,0.0,0,0.0,0.0,1,0.0,0.0,0,0.0,0.0,0,0.0,0.0,9,0.05555555555555555,0.011111111111111112
2025-01-16,15,0.032299922299922304,0.027356902356902357,0.01623931623931624,-0.04444444444444444,3,-0.16666666666666666,0.053418803418803416,0,0.0,0.0,1,0.0,0.09090909090909091,0,0.0,0.0,0,0.0,0.0,11,-0.015151515151515148,0.021212121212121213
2025-01-17,12,0.036623677248677246,0.0,0.025049603174603172,-0.20833333333333334,0,0.0,0.0,3,0.0,0.0,3,-0.3333333333333333,0.044642857142857144,0,0.0,0.0,0,0.0,0.0,6,-0.25,0.05092592592592592
2025-01-20,3,0.08333333333333333,0.027777777777777776,0.0,-0.25,0,0.0,0.0,0,0.0,0.0,3,-0.25,0.08333333333333333,0,0.0,0.0,0,0.0,0.0,0,0.0,0.0
2025-01-21,4,0.011904761904761904,0.0,0.03485576923076923,-0.125,0,0.0,0.0,0,0.0,0.0,4,-0.125,0.011904761904761904,0,0.0,0.0,0,0.0,0.0,0,0.0,0.0
2025-01-22,13,0.04930966469428008,0.012327416173570018,0.015532544378698224,-0.12051282051282051,2,-0.5333333333333333,0.18205128205128207,0,0.0,0.0,12,-0.13055555555555556,0.05341880341880342,1,0.5,0.0,0,0.0,0.0,3,-0.16666666666666666,0.025641025641025644
2025-01-23,8,0.03125,0.007352941176470588,0.0,-0.125,3,-0.16666666666666666,0.027777777777777776,1,-0.5,0.08333333333333333,5,-0.1,0.03333333333333333,0,0.0,0.0,0,0.0,0.0,1,-0.5,0.08333333333333333
2025-01-24,7,0.027272727272727275,0.03567608861726509,0.0,0.07142857142857142,2,0.0,0.045454545454545456,1,0.0,0.1,2,0.0,0.0,1,0.0,0.0,0,0.0,0.0,2,0.25,0.0
2025-01-30,16,0.024786988373944895,0.017366600790513834,0.023157051282051283,-0.057291666666666664,2,0.125,0.021739130434782608,0,0.0,0.0,5,-0.1,0.025384615384615384,0,0.0,0.0,0,0.0,0.0,9,-0.07407407407407407,0.02513227513227513
2025-01-31,2,0.03333333333333333,0.0,0.06666666666666667,-0.25,0,0.0,0.0,0,0.0,0.0,1,0.0,0.0,0,0.0,0.0,0,0.0,0.0,1,-0.5,0.06666666666666667
2025-02-03,30,0.03447794164899428,0.004603174603174604,0.022615731218672396,-0.16666666666666666,1,0.0,0.0,0,0.0,0.0,27,-0.18518518518518517,0.038308824054438084,0,0.0,0.0,0,0.0,0.0,4,-0.125,0.03125
2025-02-04,44,0.026786881048244685,0.0,0.018775668775668775,-0.1534090909090909,1,-0.5,0.1,0,0.0,0.0,42,-0.16071428571428573,0.028062446812446813,0,0.0,0.0,0,0.0,0.0,4,-0.125,0.016666666666666666
2025-02-05,16,0.06653704751131222,0.019791666666666666,0.025033386752136753,-0.234375,5,-0.16666666666666666,0.07115384615384615,0,0.0,0.0,16,-0.234375,0.06653704751131222,1,-0.5,0.058823529411764705,0,0.0,0.0,1,-0.5,0.0625
2025-02-06,15,0.024606655527708157,0.0,0.02662639504744768,-0.17777777777777776,2,-0.3333333333333333,0.05555555555555555,0,0.0,0.0,13,-0.16666666666666666,0.024343711843711844,1,0.0,0.0,0,0.0,0.0,3,-0.3333333333333333,0.041353383458646614
2025-02-07,12,0.041097590275221856,0.0,0.005555555555555556,-0.2638888888888889,2,-0.3333333333333333,0.09090909090909091,1,0.0,0.0,9,-0.2222222222222222,0.028746813615234665,0,0.0,0.0,0,0.0,0.0,2,-0.5,0.05756578947368421
2025-02-10,12,0.039443542568542565,0.0,0.011507936507936509,-0.2222222222222222,3,0.0,0.0,0,0.0,0.0,7,-0.38095238095238093,0.06761750154607298,0,0.0,0.0,0,0.0,0.0,4,-0.16666666666666666,0.045454545454545456
2025-02-11,11,0.04401480872069107,0.010398098633392751,0.006993006993006993,-0.12878787878787878,0,0.0,0.0,0,0.0,0.0,11,-0.12878787878787878,0.04401480872069107,0,0.0,0.0,0,0.0,0.0,2,-0.3333333333333333,0.058823529411764705
2025-02-12,18,0.02033770967594497,0.007407407407407408,0.008547008547008548,-0.08333333333333333,3,-0.38888888888888884,0.07211538461538462,1,0.0,0.0,12,-0.08333333333333333,0.02293080693815988,1,0.0,0.0,0,0.0,0.0,7,-0.16666666666666666,0.03496503496503497
2025-02-13,22,0.038445663813310875,0.002840909090909091,0.013092463092463091,-0.18939393939393942,4,-0.125,0.03485576923076923,0,0.0,0.0,7,-0.21428571428571427,0.03388278388278388,0,0.0,0.0,0,0.0,0.0,13,-0.24358974358974358,0.04792678412587915
2025-02-14,19,0.027109440267335,0.0,0.010038253528558238,-0.12280701754385963,1,0.0,0.0,0,0.0,0.0,14,-0.13095238095238096,0.03202947845804988,0,0.0,0.0,0,0.0,0.0,5,-0.1,0.013333333333333332
2025-02-17,8,0.043784340659340656,0.011363636363636364,0.01614583333333333,-0.16666666666666666,3,-0.16666666666666666,0.023809523809523808,0,0.0,0.0,3,-0.27777777777777773,0.09294871794871795,0,0.0,0.0,0,0.0,0.0,3,-0.2222222222222222,0.05128205128205129
2025-02-18,2,0.0,0.03571428571428571,0.0,0.25,0,0.0,0.0,0,0.0,0.0,1,0.0,0.0,0,0.0,0.0,0,0.0,0.0,1,0.5,0.0
2025-02-19,10,0.032132352941176466,0.006666666666666666,0.0,-0.175,1,0.0,0.0,0,0.0,0.0,7,-0.25,0.04590336134453781,1,0.0,0.0,0,0.0,0.0,1,0.0,0.0
2025-02-20,9,0.03262786596119929,0.0,0.04056437389770723,-0.16666666666666666,1,0.0,0.0,0,0.0,0.0,8,-0.1875,0.0367063492063492,0,0.0,0.0,0,0.0,0.0,1,0.0,0.0
2025-02-21,7,0.05895928605555935,0.0,0.02040816326530612,-0.39285714285714285,1,-0.75,0.13043478260869565,0,0.0,0.0,3,-0.3333333333333333,0.044642857142857144,1,-0.5,0.07142857142857142,0,0.0,0.0,3,-0.3333333333333333,0.046474358974358976
2025-02-24,10,0.08715510366826155,0.004545454545454545,0.019846491228070175,-0.4666666666666666,2,-0.25,0.05397727272727273,0,0.0,0.0,4,-0.625,0.11173245614035088,1,0.0,0.0,0,0.0,0.0,5,-0.5666666666666667,0.10105263157894737
2025-02-25,6,0.03333333333333333,0.0,0.02777777777777778,-0.19444444444444442,0,0.0,0.0,0,0.0,0.0,6,-0.19444444444444442,0.03333333333333333,0,0.0,0.0,0,0.0,0.0,0,0.0,0.0
2025-02-26,1,0.0,0.0,0.0,0.0,0,0.0,0.0,0,0.0,0.0,1,0.0,0.0,0,0.0,0.0,0,0.0,0.0,0,0.0,0.0
2025-02-27,10,0.06726301476301476,0.019090909090909092,0.021111111111111112,-0.29166666666666663,0,0.0,0.0,1,0.0,0.1,6,-0.27777777777777773,0.044764957264957266,0,0.0,0.0,0,0.0,0.0,3,-0.4166666666666667,0.10134680134680134
2025-02-28,8,0.011363636363636364,0.0,0.010416666666666666,-0.0625,0,0.0,0.0,0,0.0,0.0,8,-0.0625,0.011363636363636364,0,0.0,0.0,0,0.0,0.0,0,0.0,0.0
2025-03-03,14,0.034874847374847376,0.0071428571428571435,0.011607142857142858,-0.16666666666666666,0,0.0,0.0,0,0.0,0.0,12,-0.23611111111111108,0.04068732193732194,0,0.0,0.0,0,0.0,0.0,4,0.125,0.0
2025-03-04,20,0.03777777777777778,0.004166666666666667,0.019404761904761904,-0.1625,2,-0.25,0.027777777777777776,0,0.0,0.0,18,-0.1527777777777778,0.03827160493827161,0,0.0,0.0,0,0.0,0.0,3,-0.4166666666666667,0.10555555555555556
2025-03-05,30,0.03259430384430385,0.008817340067340066,0.021705516705516705,-0.13055555555555556,6,-0.19444444444444442,0.04694749694749695,0,0.0,0.0,28,-0.13988095238095238,0.03492246840461126,0,0.0,0.0,0,0.0,0.0,4,-0.125,0.019230769230769232
2025-03-06,19,0.016253869969040248,0.026274018379281536,0.027884104199893674,0.05263157894736842,4,0.125,0.0,0,0.0,0.0,18,0.05555555555555555,0.01715686274509804,0,0.0,0.0,0,0.0,0.0,0,0.0,0.0
2025-03-07,12,0.03793290043290043,0.018849206349206348,0.0,-0.09722222222222221,0,0.0,0.0,0,0.0,0.0,12,-0.09722222222222221,0.03793290043290043,0,0.0,0.0,0,0.0,0.0,0,0.0,0.0
2025-03-10,10,0.045535714285714284,0.015476190476190477,0.016666666666666666,-0.16666666666666666,2,-0.5,0.06696428571428571,1,-0.5,0.0625,5,-0.2333333333333333,0.0744047619047619,0,0.0,0.0,0,0.0,0.0,5,-0.1,0.016666666666666666
2025-03-11,16,0.06495761183261184,0.003125,0.023561507936507936,-0.2864583333333333,1,0.0,0.0,0,0.0,0.0,10,-0.3583333333333333,0.08484126984126984,2,0.0,0.0,0,0.0,0.0,3,-0.3333333333333333,0.06363636363636364
2025-03-12,24,0.029276279276279276,0.011990613553113552,0.00996919746919747,-0.0798611111111111,5,0.1,0.014285714285714285,0,0.0,0.0,15,-0.1611111111111111,0.04684204684204684,1,0.0,0.0,0,0.0,0.0,5,0.0,0.0
2025-03-13,20,0.06099386724386724,0.008187134502923975,0.015441176470588236,-0.2375,4,-0.3125,0.09166666666666666,0,0.0,0.0,13,-0.3269230769230769,0.0775974025974026,0,0.0,0.0,0,0.0,0.0,8,-0.125,0.034722222222222224
2025-03-14,17,0.0424981064686947,0.00904977375565611,0.011764705882352941,-0.18137254901960786,4,0.0,0.0,0,0.0,0.0,12,-0.3125,0.060205650830650825,0,0.0,0.0,0,0.0,0.0,3,0.055555555555555546,0.027777777777777776
2025-03-17,18,0.03682621390954724,0.013953638953638955,0.014309764309764309,-0.12037037037037036,6,0.0,0.024725274725274724,0,0.0,0.0,10,-0.16666666666666666,0.04034090909090909,0,0.0,0.0,0,0.0,0.0,7,-0.3095238095238095,0.060515873015873016
2025-03-18,3,0.05411255411255411,0.0,0.030303030303030304,-0.3333333333333333,0,0.0,0.0,0,0.0,0.0,3,-0.3333333333333333,0.05411255411255411,0,0.0,0.0,0,0.0,0.0,0,0.0,0.0
2025-03-19,3,0.0,0.0,0.027777777777777776,0.0,1,0.0,0.0,0,0.0,0.0,2,0.0,0.0,0,0.0,0.0,0,0.0,0.0,1,0.0,0.0
2025-03-20,12,0.02571733821733822,0.016885964912280702,0.006944444444444444,-0.013888888888888886,0,0.0,0.0,0,0.0,0.0,7,-0.09523809523809523,0.044086865515436946,0,0.0,0.0,0,0.0,0.0,7,0.07142857142857142,0.011904761904761904
2025-03-21,10,0.04213675213675214,0.008333333333333333,0.0,-0.16666666666666666,1,0.0,0.0,0,0.0,0.0,6,-0.27777777777777773,0.05740740740740741,0,0.0,0.0,0,0.0,0.0,4,-0.125,0.035897435897435895
2025-03-24,14,0.022959183673469385,0.020183982683982686,0.042845547309833025,-0.03571428571428571,0,0.0,0.0,0,0.0,0.0,10,-0.05,0.025476190476190475,0,0.0,0.0,1,0.0,0.0,4,0.0,0.016666666666666666
2025-03-25,13,0.031889678948502476,0.004807692307692308,0.010935143288084464,-0.1346153846153846,3,-0.4166666666666667,0.08660130718954247,0,0.0,0.0,11,-0.09090909090909091,0.021645021645021644,0,0.0,0.0,0,0.0,0.0,1,0.5,0.0
2025-03-26,6,0.04985754985754986,0.010416666666666666,0.015151515151515152,-0.19444444444444442,2,-0.5,0.09401709401709402,0,0.0,0.0,3,-0.055555555555555546,0.037037037037037035,0,0.0,0.0,0,0.0,0.0,1,0.0,0.0
2025-03-27,17,0.029857397504456328,0.009558823529411765,0.031931303990127516,-0.12745098039215685,1,-0.5,0.0625,0,0.0,0.0,17,-0.12745098039215685,0.029857397504456328,0,0.0,0.0,0,0.0,0.0,0,0.0,0.0
2025-04-08,285,0.03944715787595045,0.006938100523728681,0.014100455501384293,-0.1665497076023392,23,-0.21014492753623187,0.05619790837182142,2,0.0,0.0,266,-0.16090225563909774,0.03894073946594955,4,-0.29166666666666663,0.05048076923076923,1,0.0,0.0,26,-0.2532051282051282,0.04674091933707318
2025-04-09,29,0.031027272254452783,0.009836427939876215,0.01633141762452107,-0.132183908045977,2,-0.25,0.029411764705882353,0,0.0,0.0,29,-0.132183908045977,0.031027272254452783,1,-0.5,0.058823529411764705,0,0.0,0.0,1,-0.5,0.0625
2025-04-10,43,0.04105827293241794,0.013229406252662066,0.016391315023325966,-0.12015503875968991,2,-0.25,0.029411764705882353,0,0.0,0.0,43,-0.12015503875968991,0.04105827293241794,1,0.0,0.0,0,0.0,0.0,2,0.25,0.0
2025-04-11,36,0.04498744432954959,0.009388475397247327,0.011543457760563024,-0.20833333333333334,5,-0.4,0.07157509157509158,1,-0.5,0.07692307692307693,33,-0.21212121212121213,0.046046908965569254,1,-0.5,0.07692307692307693,0,0.0,0.0,7,-0.07142857142857142,0.014285714285714287
2025-04-14,45,0.04503411076940489,0.007812791783380018,0.02792529366058778,-0.19814814814814813,5,-0.1,0.03068181818181818,1,0.0,0.0,43,-0.19573643410852712,0.04546759100452671,0,0.0,0.0,0,0.0,0.0,4,-0.5416666666666666,0.11029595404595405
2025-04-15,33,0.05438293138827899,0.013932532114350296,0.025097488016148303,-0.19949494949494948,3,0.16666666666666666,0.0,0,0.0,0.0,32,-0.22135416666666666,0.0560823979941627,2,0.0,0.0,0,0.0,0.0,2,-0.375,0.1
2025-04-16,12,0.05843554593554593,0.005208333333333333,0.02638888888888889,-0.23611111111111108,1,-0.5,0.09090909090909091,0,0.0,0.0,10,-0.2833333333333333,0.07012265512265511,0,0.0,0.0,0,0.0,0.0,3,-0.2222222222222222,0.044444444444444446
2025-04-17,29,0.06019190973552028,0.006130268199233716,0.012373225152129817,-0.21264367816091953,4,-0.04166666666666666,0.041666666666666664,0,0.0,0.0,27,-0.2037037037037037,0.05791656298192246,0,0.0,0.0,0,0.0,0.0,5,-0.3333333333333333,0.06787878787878789
2025-04-21,34,0.0501180192356663,0.01564513917455094,0.035292974998857356,-0.17647058823529413,3,-0.16666666666666666,0.030303030303030304,1,0.0,0.0,25,-0.2,0.058954156954156955,0,0.0,0.0,0,0.0,0.0,9,-0.1111111111111111,0.025573192239858905
2025-04-22,9,0.025742775742775743,0.0,0.015873015873015872,-0.16666666666666666,1,0.0,0.0,0,0.0,0.0,8,-0.125,0.019345238095238096,0,0.0,0.0,0,0.0,0.0,1,-0.5,0.07692307692307693
2025-04-23,20,0.03570818070818071,0.008012820512820512,0.012179487179487181,-0.175,0,0.0,0.0,0,0.0,0.0,18,-0.19444444444444445,0.03967575634242301,0,0.0,0.0,0,0.0,0.0,3,0.0,0.0
2025-04-24,13,0.04446219316128818,0.005494505494505494,0.009653092006033183,-0.24358974358974358,3,-0.16666666666666666,0.027777777777777776,0,0.0,0.0,13,-0.24358974358974358,0.04446219316128818,0,0.0,0.0,0,0.0,0.0,0,0.0,0.0
2025-04-25,22,0.020812520812520812,0.006493506493506493,0.019989814107461167,-0.07575757575757575,3,-0.16666666666666666,0.023809523809523808,0,0.0,0.0,22,-0.07575757575757575,0.020812520812520812,0,0.0,0.0,0,0.0,0.0,1,0.0,0.0
2025-04-28,18,0.046998988665655335,0.008241758241758242,0.006944444444444444,-0.2314814814814815,4,0.125,0.0,1,0.0,0.0,16,-0.2604166666666667,0.05287386224886225,0,0.0,0.0,0,0.0,0.0,3,-0.16666666666666666,0.022222222222222223
2025-04-29,15,0.03242979242979243,0.0044444444444444444,0.017134717134717134,-0.14444444444444443,2,-0.3333333333333333,0.06666666666666667,0,0.0,0.0,14,-0.15476190476190474,0.034746206174777604,0,0.0,0.0,0,0.0,0.0,0,0.0,0.0
2025-04-30,25,0.0405666718902013,0.0036363636363636364,0.015213286713286714,-0.22666666666666668,0,0.0,0.0,0,0.0,0.0,23,-0.22463768115942032,0.04153666381927251,0,0.0,0.0,0,0.0,0.0,2,-0.25,0.029411764705882353
2025-05-02,31,0.023235693254668587,0.010777363054402902,0.02295443329598927,-0.0913978494623656,3,0.16666666666666666,0.0,0,0.0,0.0,26,-0.07051282051282051,0.021249012425483015,0,0.0,0.0,0,0.0,0.0,3,-0.3333333333333333,0.055944055944055944
2025-05-05,20,0.030644257703081233,0.011458333333333333,0.013839285714285715,-0.1,3,0.0,0.0,0,0.0,0.0,16,-0.125,0.03830532212885154,2,-0.25,0.029411764705882353,0,0.0,0.0,2,-0.3333333333333333,0.14285714285714285
2025-05-06,11,0.027892561983471075,0.029909484454938996,0.02882723337268792,0.045454545454545456,1,0.5,0.0,0,0.0,0.0,11,0.045454545454545456,0.027892561983471075,0,0.0,0.0,0,0.0,0.0,0,0.0,0.0
2025-05-07,20,0.02189844877344877,0.0,0.018907481407481407,-0.15,4,-0.125,0.016666666666666666,0,0.0,0.0,14,-0.14285714285714285,0.022057307771593485,0,0.0,0.0,0,0.0,0.0,3,-0.16666666666666666,0.020833333333333332
2025-05-08,18,0.02522045855379189,0.009829059829059829,0.013227513227513227,-0.08333333333333333,2,0.0,0.05,0,0.0,0.0,13,-0.11538461538461539,0.027228327228327225,0,0.0,0.0,0,0.0,0.0,4,0.0,0.0
2025-05-09,11,0.03426573426573427,0.026879181424635967,0.02777777777777778,-0.0075757575757575794,2,0.3333333333333333,0.0,0,0.0,0.0,9,-0.009259259259259264,0.04188034188034188,1,0.0,0.0,0,0.0,0.0,1,0.0,0.0
2025-05-14,55,0.021863757157874805,0.016655145211294943,0.006142468642468643,-0.02121212121212121,6,0.16666666666666666,0.0,2,0.25,0.0,39,0.008547008547008548,0.019907108142402256,1,0.5,0.0,0,0.0,0.0,13,-0.2692307692307692,0.04773645158260543
2025-05-15,6,0.011111111111111112,0.0,0.03056094232564821,-0.08333333333333333,0,0.0,0.0,1,0.0,0.0,4,-0.125,0.016666666666666666,0,0.0,0.0,0,0.0,0.0,1,0.0,0.0
2025-05-16,7,0.041331684188827045,0.018140589569160998,0.012987012987012988,-0.09523809523809523,2,-0.25,0.045454545454545456,0,0.0,0.0,4,0.125,0.013888888888888888,0,0.0,0.0,0,0.0,0.0,2,-0.3333333333333333,0.0992063492063492
2025-05-19,12,0.038564213564213565,0.005555555555555556,0.01388888888888889,-0.15277777777777776,4,-0.125,0.016666666666666666,0,0.0,0.0,8,-0.14583333333333331,0.03511904761904762,0,0.0,0.0,0,0.0,0.0,3,-0.2222222222222222,0.06060606060606061
2025-05-20,7,0.04320189614307261,0.008403361344537815,0.011904761904761904,-0.21428571428571427,0,0.0,0.0,0,0.0,0.0,5,-0.1,0.028431372549019607,0,0.0,0.0,0,0.0,0.0,2,-0.5,0.08012820512820512
2025-05-21,16,0.01328125,0.009672619047619048,0.008370535714285714,-0.03125,4,-0.125,0.016666666666666666,0,0.0,0.0,10,-0.05,0.015,0,0.0,0.0,0,0.0,0.0,3,0.0,0.020833333333333332
2025-05-22,3,0.0,0.0,0.023809523809523808,0.0,1,0.0,0.0,0,0.0,0.0,2,0.0,0.0,0,0.0,0.0,0,0.0,0.0,0,0.0,0.0
2025-05-23,12,0.03713416213416213,0.03425925925925926,0.0,-0.02777777777777778,0,0.0,0.0,0,0.0,0.0,11,-0.07575757575757576,0.0405099950554496,0,0.0,0.0,0,0.0,0.0,1,0.5,0.0
2025-05-26,21,0.04426492819349962,0.0031746031746031746,0.018471277399848825,-0.22222222222222224,5,-0.13333333333333333,0.025,0,0.0,0.0,18,-0.2222222222222222,0.044697971781305114,0,0.0,0.0,0,0.0,0.0,1,0.0,0.0
2025-05-27,9,0.033028699695366356,0.0,0.0,-0.2037037037037037,0,0.0,0.0,0,0.0,0.0,9,-0.2037037037037037,0.033028699695366356,0,0.0,0.0,0,0.0,0.0,0,0.0,0.0
2025-05-28,3,0.0735042735042735,0.025641025641025644,0.022222222222222223,-0.3333333333333333,0,0.0,0.0,0,0.0,0.0,2,-0.25,0.07692307692307693,0,0.0,0.0,0,0.0,0.0,1,-0.5,0.06666666666666667
2025-06-02,48,0.015322293447293448,0.018619901340489575,0.020694920015572188,0.013888888888888888,2,0.0,0.0,0,0.0,0.0,41,-0.008130081300813009,0.017938294767563062,3,0.3333333333333333,0.0,0,0.0,0.0,5,-0.1,0.015384615384615385
2025-06-03,12,0.04393090569561158,0.004901960784313725,0.029761904761904757,-0.17361111111111108,2,-0.125,0.058823529411764705,0,0.0,0.0,8,-0.22916666666666666,0.05119047619047619,1,0.0,0.0,0,0.0,0.0,2,-0.25,0.05
2025-06-04,10,0.04135031635031635,0.03301698301698301,0.025874125874125874,-0.05,0,0.0,0.0,0,0.0,0.0,8,-0.0625,0.04032425907425907,0,0.0,0.0,0,0.0,0.0,3,-0.16666666666666666,0.05808080808080809
2025-06-05,6,0.036111111111111115,0.013888888888888888,0.05726495726495726,-0.16666666666666666,2,-0.25,0.03333333333333333,0,0.0,0.0,4,0.0,0.020833333333333332,0,0.0,0.0,0,0.0,0.0,1,-0.5,0.06666666666666667
2025-06-10,18,0.04571649755473285,0.006944444444444444,0.025206660623327288,-0.22685185185185183,1,0.0,0.0,0,0.0,0.0,13,-0.24358974358974358,0.04152954888249006,0,0.0,0.0,0,0.0,0.0,7,-0.2261904761904762,0.05828754578754579
2025-06-11,7,0.0487012987012987,0.012987012987012988,0.012987012987012988,-0.16666666666666666,2,-0.5833333333333333,0.125,0,0.0,0.0,3,-0.16666666666666666,0.030303030303030304,0,0.0,0.0,0,0.0,0.0,2,0.25,0.0
2025-06-12,19,0.024966261808367075,0.021010860484544692,0.010526315789473684,-0.008771929824561401,1,0.0,0.0,0,0.0,0.0,10,-0.16666666666666666,0.040769230769230766,0,0.0,0.0,0,0.0,0.0,10,0.05,0.024358974358974363
2025-06-13,20,0.016129703629703628,0.0,0.022083700613112378,-0.1,7,-0.14285714285714285,0.023976023976023976,0,0.0,0.0,8,-0.0625,0.008928571428571428,2,-0.25,0.045454545454545456,0,0.0,0.0,6,-0.08333333333333333,0.013888888888888888
2025-06-16,17,0.06454024991176695,0.0,0.004201680672268907,-0.3235294117647059,15,-0.36666666666666664,0.07314561656666921,0,0.0,0.0,2,0.0,0.0,1,0.0,0.0,0,0.0,0.0,0,0.0,0.0
2025-06-17,11,0.06912443616989071,0.0,0.01475796930342385,-0.42424242424242425,10,-0.4666666666666667,0.07603687978687979,0,0.0,0.0,0,0.0,0.0,0,0.0,0.0,0,0.0,0.0,1,0.0,0.0
2025-06-18,15,0.03775641025641026,0.010317460317460317,0.012573099415204677,-0.14444444444444443,7,-0.3095238095238095,0.05892857142857143,0,0.0,0.0,5,-0.1,0.027884615384615386,1,-0.5,0.07692307692307693,0,0.0,0.0,5,0.0,0.015384615384615385
2025-06-19,16,0.046925164296487826,0.003676470588235294,0.0,-0.2604166666666667,11,-0.3333333333333333,0.06290719084836732,0,0.0,0.0,0,0.0,0.0,0,0.0,0.0,0,0.0,0.0,7,-0.14285714285714285,0.026260504201680673
2025-06-20,6,0.065009065009065,0.00980392156862745,0.028322440087145972,-0.25,4,-0.5,0.0975135975135975,0,0.0,0.0,0,0.0,0.0,0,0.0,0.0,0,0.0,0.0,2,0.25,0.0
2025-06-23,12,0.052672511312217195,0.0,0.006410256410256411,-0.27777777777777773,10,-0.21666666666666665,0.038848039215686275,0,0.0,0.0,1,-0.6666666666666666,0.16666666666666666,0,0.0,0.0,0,0.0,0.0,1,-0.5,0.07692307692307693
2025-06-24,18,0.05829299031053417,0.004629629629629629,0.01649548708372238,-0.2685185185185185,16,-0.2708333333333333,0.06037128076601761,0,0.0,0.0,0,0.0,0.0,0,0.0,0.0,0,0.0,0.0,2,-0.25,0.041666666666666664
2025-06-25,11,0.036130536130536135,0.01406926406926407,0.0,-0.08333333333333333,7,-0.023809523809523805,0.02197802197802198,0,0.0,0.0,1,0.0,0.0,0,0.0,0.0,0,0.0,0.0,3,-0.25,0.0811965811965812
2025-06-26,8,0.02803030303030303,0.0,0.008928571428571428,-0.14583333333333331,4,-0.16666666666666666,0.03333333333333333,0,0.0,0.0,3,0.0,0.0,1,0.0,0.0,0,0.0,0.0,1,-0.5,0.09090909090909091
2025-06-30,17,0.03257488378595645,0.007381776239907728,0.013225744843391903,-0.10784313725490195,6,-0.27777777777777773,0.06199247375717964,1,0.0,0.0,8,-0.08333333333333333,0.022727272727272728,1,0.0,0.0,0,0.0,0.0,3,0.0,0.030303030303030304
2025-07-01,5,0.0325,0.026785714285714284,0.02,0.0,1,0.0,0.0,0,0.0,0.0,3,0.16666666666666666,0.020833333333333332,0,0.0,0.0,0,0.0,0.0,1,-0.5,0.1
2025-07-02,7,0.05361067503924647,0.0,0.0,-0.3095238095238095,1,0.0,0.0,0,0.0,0.0,4,-0.41666666666666663,0.07596153846153847,0,0.0,0.0,0,0.0,0.0,2,-0.25,0.03571428571428571
2025-07-03,2,0.0,0.0,0.0,0.0,0,0.0,0.0,0,0.0,0.0,2,0.0,0.0,0,0.0,0.0,0,0.0,0.0,0,0.0,0.0
2025-07-04,6,0.037037037037037035,0.0,0.048611111111111105,-0.1111111111111111,0,0.0,0.0,0,0.0,0.0,6,-0.1111111111111111,0.037037037037037035,0,0.0,0.0,0,0.0,0.0,0,0.0,0.0
2025-07-07,7,0.01020408163265306,0.0,0.0,-0.07142857142857142,0,0.0,0.0,0,0.0,0.0,6,-0.08333333333333333,0.011904761904761904,1,0.0,0.0,0,0.0,0.0,1,0.0,0.0
2025-07-08,15,0.035474525474525474,0.0,0.01717171717171717,-0.18333333333333332,0,0.0,0.0,0,0.0,0.0,14,-0.16071428571428573,0.0315149136577708,0,0.0,0.0,0,0.0,0.0,1,-0.5,0.09090909090909091
2025-07-09,15,0.015445665445665446,0.0,0.0,-0.1,0,0.0,0.0,0,0.0,0.0,14,-0.10714285714285714,0.016548927263212977,0,0.0,0.0,0,0.0,0.0,5,0.0,0.0
2025-07-10,13,0.014685314685314687,0.0,0.010724852071005918,-0.07692307692307693,1,0.0,0.0,0,0.0,0.0,9,-0.05555555555555555,0.010101010101010102,1,0.0,0.0,0,0.0,0.0,2,-0.25,0.05
2025-07-11,19,0.047999369052000626,0.014606227106227106,0.007708665603402445,-0.13157894736842105,2,-0.3333333333333333,0.08333333333333333,0,0.0,0.0,16,-0.08333333333333333,0.040827922077922074,2,-0.25,0.038461538461538464,0,0.0,0.0,2,-0.5833333333333333,0.14090909090909093
2025-07-14,25,0.022783716283716286,0.006136363636363637,0.004,-0.08666666666666666,3,-0.16666666666666666,0.023809523809523808,0,0.0,0.0,19,-0.08771929824561403,0.021434486566065513,0,0.0,0.0,0,0.0,0.0,5,0.0,0.01818181818181818
2025-07-15,16,0.014322916666666666,0.004464285714285714,0.008630952380952382,-0.0625,2,0.0,0.0,0,0.0,0.0,13,-0.07692307692307693,0.017628205128205128,0,0.0,0.0,0,0.0,0.0,5,0.0,0.0
2025-07-16,13,0.05101010101010101,0.006993006993006993,0.0,-0.16666666666666666,2,-0.25,0.045454545454545456,0,0.0,0.0,8,-0.3333333333333333,0.08289141414141414,1,0.0,0.0,0,0.0,0.0,7,-0.07142857142857142,0.03214285714285715
2025-07-17,7,0.04421768707482993,0.01098901098901099,0.01020408163265306,-0.16666666666666666,0,0.0,0.0,0,0.0,0.0,5,-0.13333333333333333,0.047619047619047616,0,0.0,0.0,0,0.0,0.0,3,-0.16666666666666666,0.023809523809523808
2025-07-18,7,0.023976023976023976,0.0,0.0,-0.14285714285714285,1,-0.5,0.07692307692307693,0,0.0,0.0,5,-0.1,0.01818181818181818,0,0.0,0.0,0,0.0,0.0,2,0.0,0.0
2025-07-21,15,0.0384992784992785,0.0044444444444444444,0.0286002886002886,-0.15555555555555553,0,0.0,0.0,1,0.0,0.0,14,-0.16666666666666666,0.04124922696351268,0,0.0,0.0,0,0.0,0.0,1,0.0,0.0
2025-07-22,10,0.01818181818181818,0.008333333333333333,0.008333333333333333,-0.016666666666666663,2,0.0,0.0,0,0.0,0.0,8,-0.02083333333333333,0.022727272727272728,0,0.0,0.0,0,0.0,0.0,1,0.0,0.0
2025-07-23,12,0.019422162804515745,0.006410256410256411,0.007575757575757576,-0.08333333333333333,1,0.0,0.0,0,0.0,0.0,9,-0.05555555555555555,0.016636957813428402,0,0.0,0.0,0,0.0,0.0,2,-0.25,0.041666666666666664
2025-07-24,9,0.06208236208236209,0.011111111111111112,0.011111111111111112,-0.2037037037037037,0,0.0,0.0,0,0.0,0.0,6,-0.19444444444444442,0.05979020979020979,0,0.0,0.0,0,0.0,0.0,4,-0.16666666666666666,0.05
2025-07-25,12,0.05580484330484331,0.006410256410256411,0.011574074074074075,-0.24305555555555555,0,0.0,0.0,0,0.0,0.0,10,-0.225,0.05363247863247863,0,0.0,0.0,0,0.0,0.0,2,-0.3333333333333333,0.06666666666666667
2025-07-28,12,0.023936711436711434,0.0043859649122807015,0.006944444444444444,-0.125,2,-0.25,0.027777777777777776,0,0.0,0.0,10,-0.15,0.02316849816849817,0,0.0,0.0,0,0.0,0.0,3,0.0,0.023809523809523808
2025-07-29,10,0.006666666666666666,0.0,0.02222222222222222,-0.05,1,0.0,0.0,0,0.0,0.0,8,0.0,0.0,0,0.0,0.0,0,0.0,0.0,2,-0.25,0.03333333333333333
2025-07-30,19,0.030973850710692814,0.0035087719298245615,0.014096429885903572,-0.16666666666666666,1,0.0,0.0,0,0.0,0.0,15,-0.13333333333333333,0.02201132201132201,0,0.0,0.0,0,0.0,0.0,4,-0.29166666666666663,0.06458333333333333
2025-07-31,18,0.01473063973063973,0.003703703703703704,0.0,-0.05555555555555555,0,0.0,0.0,1,0.0,0.0,15,-0.06666666666666667,0.017676767676767676,0,0.0,0.0,0,0.0,0.0,4,-0.125,0.022727272727272728
2025-08-01,18,0.04558381433381434,0.0,0.006944444444444444,-0.24074074074074073,0,0.0,0.0,0,0.0,0.0,15,-0.25555555555555554,0.049145021645021644,0,0.0,0.0,0,0.0,0.0,3,-0.16666666666666666,0.027777777777777776
2025-08-04,10,0.034090909090909095,0.0,0.01388888888888889,-0.2,2,-0.5,0.08712121212121213,0,0.0,0.0,7,-0.14285714285714285,0.02380952380952381,1,0.0,0.0,0,0.0,0.0,1,0.0,0.0
2025-08-05,9,0.036842215518686106,0.0,0.005847953216374269,-0.24074074074074073,0,0.0,0.0,0,0.0,0.0,8,-0.2708333333333333,0.04144749245852187,0,0.0,0.0,0,0.0,0.0,1,0.0,0.0
2025-08-06,14,0.02770770895770896,0.004464285714285714,0.0173992673992674,-0.14285714285714285,2,0.0,0.03125,0,0.0,0.0,13,-0.15384615384615385,0.02983907118522503,0,0.0,0.0,0,0.0,0.0,0,0.0,0.0
2025-08-07,14,0.012637362637362638,0.0,0.0,-0.07142857142857142,0,0.0,0.0,0,0.0,0.0,14,-0.07142857142857142,0.012637362637362638,0,0.0,0.0,0,0.0,0.0,0,0.0,0.0
2025-08-08,20,0.025757575757575757,0.010833333333333334,0.024469696969696968,-0.05833333333333333,3,-0.16666666666666666,0.030303030303030304,0,0.0,0.0,14,-0.08333333333333333,0.030303030303030304,0,0.0,0.0,0,0.0,0.0,3,0.16666666666666666,0.0
2025-08-11,9,0.014814814814814815,0.007407407407407408,0.023809523809523808,-0.027777777777777776,0,0.0,0.0,0,0.0,0.0,6,-0.041666666666666664,0.022222222222222223,0,0.0,0.0,0,0.0,0.0,3,0.0,0.0
2025-08-12,10,0.0254656862745098,0.0,0.007142857142857143,-0.16666666666666666,0,0.0,0.0,0,0.0,0.0,6,-0.1111111111111111,0.022222222222222223,0,0.0,0.0,0,0.0,0.0,4,-0.25,0.030330882352941176
2025-08-13,17,0.040756302521008404,0.0,0.014285714285714285,-0.22549019607843135,1,-0.5,0.07142857142857142,1,-0.5,0.07142857142857142,6,-0.16666666666666666,0.024999999999999998,1,-0.6666666666666666,0.13333333333333333,0,0.0,0.0,14,-0.23809523809523808,0.044387755102040814
2025-08-14,12,0.025396825396825393,0.01717005582137161,0.0043859649122807015,-0.041666666666666664,1,-0.5,0.08333333333333333,1,-0.5,0.08333333333333333,7,-0.21428571428571427,0.03163265306122449,0,0.0,0.0,0,0.0,0.0,8,0.125,0.010416666666666666
2025-08-15,11,0.006060606060606061,0.012121212121212121,0.01948051948051948,0.015151515151515148,2,0.3333333333333333,0.0,0,0.0,0.0,4,0.0,0.0,0,0.0,0.0,0,0.0,0.0,6,-0.08333333333333333,0.011111111111111112
2025-08-19,10,0.03435897435897436,0.030952380952380953,0.01666666666666667,-0.05,4,-0.125,0.019230769230769232,0,0.0,0.0,5,0.0,0.05333333333333333,0,0.0,0.0,0,0.0,0.0,1,0.0,0.0
2025-08-20,8,0.023863636363636365,0.0,0.010416666666666666,-0.125,2,-0.5,0.09545454545454546,0,0.0,0.0,5,0.0,0.0,1,-0.5,0.1,0,0.0,0.0,1,0.0,0.0
2025-08-21,6,0.016666666666666666,0.011111111111111112,0.0,0.0,0,0.0,0.0,0,0.0,0.0,5,0.1,0.0,0,0.0,0.0,0,0.0,0.0,3,-0.16666666666666666,0.03333333333333333
2025-08-22,10,0.026025641025641026,0.02583333333333333,0.013333333333333332,-0.03333333333333334,0,0.0,0.0,0,0.0,0.0,8,0.02083333333333333,0.022115384615384617,0,0.0,0.0,0,0.0,0.0,2,-0.25,0.041666666666666664
2025-08-25,13,0.03968253968253968,0.0,0.022435897435897433,-0.17948717948717946,1,-0.6666666666666666,0.16666666666666666,0,0.0,0.0,5,-0.1,0.02222222222222222,0,0.0,0.0,0,0.0,0.0,7,-0.16666666666666666,0.03401360544217687
2025-08-26,5,0.06533613445378152,0.0125,0.0,-0.3333333333333333,0,0.0,0.0,0,0.0,0.0,4,-0.29166666666666663,0.06604516806722689,0,0.0,0.0,0,0.0,0.0,1,-0.5,0.0625
2025-08-27,4,0.019230769230769232,0.0,0.0,-0.125,2,-0.25,0.038461538461538464,0,0.0,0.0,3,0.0,0.0,0,0.0,0.0,0,0.0,0.0,0,0.0,0.0
2025-08-28,4,0.0,0.0,0.0,0.0,0,0.0,0.0,0,0.0,0.0,2,0.0,0.0,0,0.0,0.0,0,0.0,0.0,2,0.0,0.0
2025-08-29,9,0.025641025641025644,0.017094017094017096,0.008547008547008548,-0.018518518518518514,0,0.0,0.0,0,0.0,0.0,7,-0.023809523809523805,0.03296703296703297,0,0.0,0.0,0,0.0,0.0,2,0.0,0.0
2025-09-01,17,0.05219510881275587,0.0065359477124183,0.02949795302736479,-0.25980392156862747,3,-0.16666666666666666,0.027777777777777776,0,0.0,0.0,6,-0.25,0.03514194139194139,0,0.0,0.0,0,0.0,0.0,10,-0.29166666666666663,0.0670054945054945
2025-09-02,5,0.025,0.0,0.041666666666666664,-0.2,1,0.0,0.0,0,0.0,0.0,4,-0.25,0.03125,0,0.0,0.0,0,0.0,0.0,0,0.0,0.0
2025-09-03,16,0.049975198412698416,0.0,0.02395833333333333,-0.2552083333333333,5,-0.25,0.05428571428571429,0,0.0,0.0,9,-0.25925925925925924,0.050749559082892415,0,0.0,0.0,0,0.0,0.0,2,-0.25,0.03571428571428571
2025-09-04,5,0.0,0.02857142857142857,0.015384615384615385,0.13333333333333333,0,0.0,0.0,0,0.0,0.0,2,0.0,0.0,0,0.0,0.0,0,0.0,0.0,3,0.2222222222222222,0.0
2025-09-08,16,0.020907738095238094,0.00390625,0.004166666666666667,-0.10416666666666666,2,0.0,0.0,0,0.0,0.0,10,-0.1,0.02095238095238095,0,0.0,0.0,0,0.0,0.0,4,-0.16666666666666666,0.03125
2025-09-09,6,0.04545454545454545,0.015151515151515152,0.022624434389140274,-0.1111111111111111,0,0.0,0.0,0,0.0,0.0,4,-0.16666666666666666,0.045454545454545456,0,0.0,0.0,0,0.0,0.0,2,0.0,0.045454545454545456
2025-09-10,13,0.038203249741711284,0.0,0.0,-0.20512820512820512,2,-0.25,0.05555555555555555,1,0.0,0.0,3,0.0,0.0,0,0.0,0.0,1,-0.5,0.07692307692307693,7,-0.23809523809523808,0.044086865515436946
2025-09-11,11,0.044021041347244556,0.014568764568764568,0.017355371900826446,-0.1515151515151515,0,0.0,0.0,0,0.0,0.0,2,0.0,0.0,0,0.0,0.0,0,0.0,0.0,9,-0.18518518518518517,0.05380349497996557
2025-09-12,15,0.07601598693703956,0.003508771929824561,0.0,-0.2722222222222222,2,-0.25,0.03125,0,0.0,0.0,3,-0.5833333333333334,0.15757575757575756,0,0.0,0.0,0,0.0,0.0,12,-0.23611111111111108,0.0670843776106934
2025-09-15,9,0.03209876543209876,0.0,0.0,-0.12962962962962962,1,0.0,0.0,1,0.0,0.0,5,-0.13333333333333333,0.04444444444444444,0,0.0,0.0,0,0.0,0.0,4,-0.125,0.016666666666666666
2025-09-16,5,0.01,0.0,0.01,-0.1,0,0.0,0.0,0,0.0,0.0,2,0.0,0.0,0,0.0,0.0,0,0.0,0.0,4,-0.125,0.0125
2025-09-17,8,0.008333333333333333,0.009615384615384616,0.0,0.0,1,0.0,0.0,0,0.0,0.0,2,0.0,0.0,0,0.0,0.0,0,0.0,0.0,5,0.0,0.013333333333333332
2025-09-18,8,0.0566260638870933,0.0,0.0,-0.375,1,0.0,0.0,0,0.0,0.0,2,-0.25,0.05,0,0.0,0.0,0,0.0,0.0,7,-0.42857142857142855,0.06471550158524948
2025-09-19,5,0.014285714285714285,0.032467532467532464,0.0,0.1,1,0.5,0.0,0,0.0,0.0,0,0.0,0.0,0,0.0,0.0,0,0.0,0.0,4,0.0,0.017857142857142856
2025-09-22,10,0.029924242424242426,0.014583333333333332,0.01534090909090909,-0.1,2,0.0,0.03125,0,0.0,0.0,4,0.0,0.015625,0,0.0,0.0,0,0.0,0.0,7,-0.14285714285714285,0.03382034632034632
2025-09-23,7,0.0,0.01098901098901099,0.01098901098901099,0.07142857142857142,0,0.0,0.0,0,0.0,0.0,2,0.25,0.0,0,0.0,0.0,0,0.0,0.0,5,0.0,0.0
2025-09-24,4,0.07916666666666666,0.0,0.0,-0.3125,0,0.0,0.0,0,0.0,0.0,0,0.0,0.0,0,0.0,0.0,0,0.0,0.0,4,-0.3125,0.07916666666666666
2025-09-25,1,0.0,0.0,0.0,0.0,0,0.0,0.0,0,0.0,0.0,1,0.0,0.0,0,0.0,0.0,0,0.0,0.0,0,0.0,0.0
2025-09-26,14,0.023914181057038204,0.009523809523809523,0.0,-0.10714285714285714,1,0.0,0.0,0,0.0,0.0,9,-0.05555555555555555,0.015954415954415952,0,0.0,0.0,0,0.0,0.0,5,-0.2,0.03824175824175824
2025-09-29,8,0.03333333333333333,0.008333333333333333,0.01875,-0.1125,0,0.0,0.0,0,0.0,0.0,4,0.0,0.0,0,0.0,0.0,0,0.0,0.0,5,-0.18,0.05333333333333333
2025-09-30,6,0.09337606837606838,0.0,0.011111111111111112,-0.375,1,0.0,0.0,0,0.0,0.0,2,-0.25,0.041666666666666664,0,0.0,0.0,0,0.0,0.0,3,-0.5833333333333334,0.15897435897435896
2025-10-01,6,0.04757987110928288,0.0,0.0,-0.27777777777777773,0,0.0,0.0,0,0.0,0.0,3,-0.2222222222222222,0.0392156862745098,0,0.0,0.0,0,0.0,0.0,3,-0.3333333333333333,0.055944055944055944
2025-10-02,3,0.11219336219336219,0.0,0.0,-0.5555555555555555,0,0.0,0.0,0,0.0,0.0,2,-0.5833333333333333,0.12662337662337664,0,0.0,0.0,0,0.0,0.0,1,-0.5,0.08333333333333333
2025-10-03,4,0.016666666666666666,0.022727272727272728,0.0,0.0,3,-0.16666666666666666,0.022222222222222223,0,0.0,0.0,2,0.25,0.0,0,0.0,0.0,0,0.0,0.0,1,0.0,0.0
2025-10-06,3,0.015873015873015872,0.015873015873015872,0.0,0.0,1,0.0,0.047619047619047616,0,0.0,0.0,2,0.0,0.0,0,0.0,0.0,0,0.0,0.0,0,0.0,0.0
2025-10-07,3,0.07222222222222223,0.0,0.027777777777777776,-0.38888888888888884,0,0.0,0.0,0,0.0,0.0,2,-0.3333333333333333,0.06666666666666667,0,0.0,0.0,1,-0.5,0.08333333333333333,0,0.0,0.0
2025-10-08,3,0.05128205128205129,0.0,0.0,-0.2222222222222222,0,0.0,0.0,0,0.0,0.0,2,-0.3333333333333333,0.07692307692307693,0,0.0,0.0,0,0.0,0.0,1,0.0,0.0
2025-10-09,2,0.038461538461538464,0.0,0.0,-0.25,0,0.0,0.0,0,0.0,0.0,1,-0.5,0.07692307692307693,0,0.0,0.0,0,0.0,0.0,1,0.0,0.0
2025-10-10,5,0.0657516339869281,0.02222222222222222,0.011764705882352941,-0.2333333333333333,2,0.0,0.05555555555555555,0,0.0,0.0,3,-0.38888888888888884,0.07254901960784314,0,0.0,0.0,0,0.0,0.0,0,0.0,0.0
2025-10-13,14,0.07993098171669599,0.003968253968253968,0.004201680672268907,-0.38095238095238093,3,-0.2222222222222222,0.047619047619047616,0,0.0,0.0,9,-0.4444444444444444,0.09457517790851123,1,-0.6666666666666666,0.14285714285714285,0,0.0,0.0,2,-0.3333333333333333,0.0625
2025-10-14,7,0.017857142857142856,0.0,0.019047619047619046,-0.09523809523809523,5,0.0,0.0,0,0.0,0.0,4,-0.16666666666666666,0.03125,0,0.0,0.0,0,0.0,0.0,0,0.0,0.0
2025-10-15,7,0.04976452119309262,0.0,0.0423861852433281,-0.23809523809523808,2,-0.25,0.03571428571428571,1,-0.6666666666666666,0.2,3,-0.38888888888888884,0.09047619047619049,1,-0.6666666666666666,0.2,0,0.0,0.0,3,-0.16666666666666666,0.025641025641025644
2025-10-16,7,0.07251082251082251,0.0419501133786848,0.022108843537414966,-0.10714285714285714,3,0.08333333333333333,0.1111111111111111,1,-0.5,0.09090909090909091,4,-0.1875,0.10416666666666666,1,-0.5,0.09090909090909091,0,0.0,0.0,1,0.0,0.0
2025-10-17,7,0.05690737833594976,0.0,0.0,-0.3095238095238095,2,-0.3333333333333333,0.08333333333333333,0,0.0,0.0,4,-0.25,0.03708791208791209,0,0.0,0.0,0,0.0,0.0,1,-0.5,0.08333333333333333
2025-10-20,5,0.03916666666666667,0.0,0.013333333333333332,-0.3,1,0.0,0.0,0,0.0,0.0,2,-0.5,0.06458333333333333,0,0.0,0.0,0,0.0,0.0,2,-0.25,0.03333333333333333
2025-10-21,2,0.047619047619047616,0.0,0.0,-0.3333333333333333,1,-0.6666666666666666,0.09523809523809523,0,0.0,0.0,0,0.0,0.0,0,0.0,0.0,0,0.0,0.0,1,0.0,0.0
2025-10-22,4,0.05666392431098313,0.019230769230769232,0.019230769230769232,-0.25,1,0.5,0.0,0,0.0,0.0,1,-0.5,0.058823529411764705,0,0.0,0.0,0,0.0,0.0,2,-0.5,0.08391608391608392
2025-10-23,6,0.008333333333333333,0.0,0.0,-0.08333333333333333,1,0.0,0.0,2,0.0,0.0,3,-0.16666666666666666,0.016666666666666666,0,0.0,0.0,0,0.0,0.0,1,0.0,0.0
2025-10-24,10,0.05316849816849817,0.016666666666666666,0.012916666666666665,-0.21666666666666665,0,0.0,0.0,2,-0.5,0.06904761904761905,1,-0.5,0.07692307692307693,0,0.0,0.0,0,0.0,0.0,7,-0.09523809523809523,0.04523809523809524
2025-10-27,14,0.022023809523809525,0.0,0.0,-0.14285714285714285,1,0.0,0.0,0,0.0,0.0,6,-0.16666666666666666,0.030555555555555558,0,0.0,0.0,0,0.0,0.0,9,-0.16666666666666666,0.025
2025-10-28,6,0.026709401709401708,0.0,0.025641025641025644,-0.16666666666666666,2,-0.25,0.041666666666666664,0,0.0,0.0,2,0.0,0.0,0,0.0,0.0,0,0.0,0.0,4,-0.125,0.019230769230769232
2025-10-29,8,0.04433210784313725,0.013888888888888888,0.0125,-0.20833333333333331,0,0.0,0.0,0,0.0,0.0,4,-0.125,0.014705882352941176,0,0.0,0.0,0,0.0,0.0,4,-0.29166666666666663,0.07395833333333333
2025-10-30,8,0.08125662123823889,0.0,0.009615384615384616,-0.44791666666666663,2,-0.25,0.03125,0,0.0,0.0,2,-0.5,0.06066176470588235,0,0.0,0.0,0,0.0,0.0,5,-0.5166666666666666,0.10574588809882927
2025-10-31,6,0.0,0.019675925925925927,0.0,0.16666666666666666,1,0.0,0.0,0,0.0,0.0,2,0.5,0.0,0,0.0,0.0,0,0.0,0.0,3,0.0,0.0
2025-11-03,7,0.02040816326530612,0.01098901098901099,0.01020408163265306,-0.07142857142857142,0,0.0,0.0,0,0.0,0.0,4,-0.125,0.03571428571428571,1,0.0,0.0,0,0.0,0.0,5,-0.2,0.02857142857142857
2025-11-04,3,0.06084656084656084,0.0,0.0,-0.3333333333333333,1,-0.5,0.07142857142857142,0,0.0,0.0,2,-0.25,0.05555555555555555,0,0.0,0.0,0,0.0,0.0,0,0.0,0.0
2025-11-05,3,0.041666666666666664,0.048611111111111105,0.0,0.0,0,0.0,0.0,0,0.0,0.0,3,0.0,0.041666666666666664,0,0.0,0.0,0,0.0,0.0,0,0.0,0.0
2025-11-06,12,0.026719576719576716,0.005952380952380952,0.03598484848484849,-0.09722222222222221,1,0.0,0.0,0,0.0,0.0,10,-0.06666666666666667,0.025396825396825397,0,0.0,0.0,0,0.0,0.0,1,-0.5,0.06666666666666667
2025-11-07,3,0.07326007326007326,0.0,0.05158730158730159,-0.38888888888888884,0,0.0,0.0,0,0.0,0.0,2,-0.3333333333333333,0.07142857142857142,0,0.0,0.0,0,0.0,0.0,1,-0.5,0.07692307692307693
2025-11-10,2,0.0,0.0,0.0,0.0,0,0.0,0.0,0,0.0,0.0,1,0.0,0.0,0,0.0,0.0,0,0.0,0.0,1,0.0,0.0
2025-11-11,3,0.0196078431372549,0.022222222222222223,0.023809523809523808,0.0,1,0.5,0.0,0,0.0,0.0,2,0.25,0.0,0,0.0,0.0,0,0.0,0.0,1,-0.5,0.058823529411764705
2025-11-12,7,0.0071428571428571435,0.01680672268907563,0.014285714285714287,0.023809523809523805,1,0.6666666666666666,0.0,0,0.0,0.0,5,0.0,0.0,0,0.0,0.0,0,0.0,0.0,1,-0.5,0.05
2025-11-13,5,0.0125,0.0,0.0125,-0.1,0,0.0,0.0,0,0.0,0.0,1,0.0,0.0,0,0.0,0.0,0,0.0,0.0,4,-0.125,0.015625
2025-11-14,2,0.0,0.0,0.0,0.0,1,0.0,0.0,0,0.0,0.0,1,0.0,0.0,0,0.0,0.0,0,0.0,0.0,1,0.0,0.0
2025-11-17,5,0.016666666666666666,0.01818181818181818,0.02222222222222222,0.0,1,-0.5,0.08333333333333333,0,0.0,0.0,4,0.125,0.0,0,0.0,0.0,0,0.0,0.0,0,0.0,0.0
2025-11-18,2,0.045454545454545456,0.0,0.0,-0.25,0,0.0,0.0,0,0.0,0.0,2,-0.25,0.045454545454545456,0,0.0,0.0,0,0.0,0.0,0,0.0,0.0
2025-11-19,2,0.13257575757575757,0.0,0.0,-0.5833333333333333,0,0.0,0.0,0,0.0,0.0,0,0.0,0.0,0,0.0,0.0,0,0.0,0.0,2,-0.5833333333333333,0.13257575757575757
2025-11-20,2,0.07692307692307693,0.0,0.038461538461538464,-0.3333333333333333,0,0.0,0.0,0,0.0,0.0,1,0.0,0.0,0,0.0,0.0,0,0.0,0.0,1,-0.6666666666666666,0.15384615384615385
2025-11-21,1,0.0,0.0,0.0,0.0,0,0.0,0.0,0,0.0,0.0,0,0.0,0.0,0,0.0,0.0,0,0.0,0.0,1,0.0,0.0
2025-11-24,5,0.026785714285714284,0.01111111111111111,0.011764705882352941,-0.1,1,0.5,0.0,0,0.0,0.0,1,0.0,0.0,0,0.0,0.0,0,0.0,0.0,4,-0.25,0.033482142857142856
2025-11-25,0,0.0,0.0,0.0,0.0,0,0.0,0.0,0,0.0,0.0,0,0.0,0.0,0,0.0,0.0,0,0.0,0.0,0,0.0,0.0
2025-11-26,1,0.0,0.0,0.0,0.0,0,0.0,0.0,0,0.0,0.0,0,0.0,0.0,0,0.0,0.0,0,0.0,0.0,1,0.0,0.0
2025-11-27,0,0.0,0.0,0.0,0.0,0,0.0,0.0,0,0.0,0.0,0,0.0,0.0,0,0.0,0.0,0,0.0,0.0,0,0.0,0.0
2025-11-28,2,0.0,0.0,0.0,0.0,0,0.0,0.0,1,0.0,0.0,0,0.0,0.0,0,0.0,0.0,0,0.0,0.0,1,0.0,0.0
2025-12-01,2,0.03571428571428571,0.0,0.0,-0.25,1,-0.5,0.07142857142857142,0,0.0,0.0,1,0.0,0.0,0,0.0,0.0,0,0.0,0.0,1,0.0,0.0
2025-12-02,4,0.0787878787878788,0.0,0.0,-0.3333333333333333,0,0.0,0.0,0,0.0,0.0,3,-0.4444444444444444,0.10505050505050506,0,0.0,0.0,0,0.0,0.0,1,0.0,0.0
2025-12-03,4,0.05119047619047619,0.016666666666666666,0.016666666666666666,-0.25,1,-0.5,0.07142857142857142,0,0.0,0.0,2,-0.25,0.06666666666666667,0,0.0,0.0,0,0.0,0.0,1,0.0,0.0
2025-12-04,7,0.04458146895121685,0.02030812324929972,0.0,-0.09523809523809523,1,0.0,0.0,0,0.0,0.0,5,-0.13333333333333333,0.062414056531703586,0,0.0,0.0,1,0.0,0.0,0,0.0,0.0
2025-12-05,5,0.02714932126696833,0.013333333333333332,0.0,-0.1,1,0.0,0.0,0,0.0,0.0,1,0.0,0.0,0,0.0,0.0,0,0.0,0.0,3,-0.16666666666666666,0.04524886877828055
2025-12-08,3,0.023809523809523808,0.0,0.0,-0.16666666666666666,1,0.0,0.0,0,0.0,0.0,1,0.0,0.0,0,0.0,0.0,0,0.0,0.0,2,-0.25,0.03571428571428571
2025-12-09,3,0.030303030303030304,0.0,0.030303030303030304,-0.16666666666666666,1,0.0,0.0,0,0.0,0.0,1,0.0,0.0,0,0.0,0.0,0,0.0,0.0,2,-0.25,0.045454545454545456
2025-12-10,5,0.026785714285714284,0.014285714285714285,0.014285714285714285,-0.1,1,0.0,0.0,0,0.0,0.0,0,0.0,0.0,0,0.0,0.0,0,0.0,0.0,4,-0.125,0.033482142857142856
2025-12-11,8,0.03860294117647059,0.0,0.010416666666666666,-0.20833333333333331,0,0.0,0.0,0,0.0,0.0,2,0.0,0.0,0,0.0,0.0,0,0.0,0.0,6,-0.27777777777777773,0.05147058823529412
2025-12-12,3,0.046031746031746035,0.0,0.0,-0.3333333333333333,1,-0.5,0.07142857142857142,0,0.0,0.0,0,0.0,0.0,0,0.0,0.0,0,0.0,0.0,2,-0.25,0.03333333333333333
2025-12-15,5,0.026666666666666665,0.029946524064171122,0.0,0.06666666666666668,1,0.5,0.0,0,0.0,0.0,1,0.5,0.0,0,0.0,0.0,0,0.0,0.0,3,-0.2222222222222222,0.044444444444444446
2025-12-16,5,0.0,0.025,0.0,0.1,3,0.0,0.0,0,0.0,0.0,2,0.25,0.0,0,0.0,0.0,0,0.0,0.0,0,0.0,0.0
2025-12-17,4,0.038461538461538464,0.020833333333333332,0.019230769230769232,-0.04166666666666666,0,0.0,0.0,0,0.0,0.0,2,0.0,0.0,0,0.0,0.0,0,0.0,0.0,2,-0.08333333333333331,0.07692307692307693
2025-12-18,6,0.03343253968253968,0.011904761904761904,0.0,-0.16666666666666666,0,0.0,0.0,0,0.0,0.0,1,0.0,0.0,1,0.0,0.0,0,0.0,0.0,5,-0.2,0.040119047619047624
2025-12-19,12,0.03616071428571429,0.006944444444444444,0.006410256410256411,-0.14583333333333334,2,0.0,0.0,0,0.0,0.0,2,0.0,0.0,0,0.0,0.0,0,0.0,0.0,9,-0.19444444444444445,0.048214285714285716
2025-12-22,3,0.05128205128205129,0.0,0.0,-0.2222222222222222,1,0.0,0.0,0,0.0,0.0,0,0.0,0.0,1,0.0,0.0,0,0.0,0.0,2,-0.3333333333333333,0.07692307692307693
2025-12-23,2,0.05555555555555555,0.0,0.0,-0.3333333333333333,0,0.0,0.0,0,0.0,0.0,1,-0.6666666666666666,0.1111111111111111,0,0.0,0.0,0,0.0,0.0,1,0.0,0.0
2025-12-24,4,0.0,0.0,0.027777777777777776,0.0,0,0.0,0.0,0,0.0,0.0,2,0.0,0.0,0,0.0,0.0,0,0.0,0.0,2,0.0,0.0
2025-12-29,4,0.04195804195804196,0.020833333333333332,0.015625,-0.125,1,-0.5,0.09090909090909091,0,0.0,0.0,3,0.0,0.025641025641025644,0,0.0,0.0,0,0.0,0.0,0,0.0,0.0
2025-12-30,1,0.0,0.0,0.0,0.0,0,0.0,0.0,0,0.0,0.0,0,0.0,0.0,0,0.0,0.0,0,0.0,0.0,1,0.0,0.0
2025-12-31,3,0.05555555555555555,0.0,0.0,-0.3333333333333333,1,-0.5,0.08333333333333333,1,0.0,0.0,0,0.0,0.0,0,0.0,0.0,0,0.0,0.0,1,-0.5,0.08333333333333333
2026-01-02,2,0.03333333333333333,0.0,0.0,-0.25,1,0.0,0.0,0,0.0,0.0,2,-0.25,0.03333333333333333,0,0.0,0.0,0,0.0,0.0,0,0.0,0.0
2026-01-05,5,0.05650793650793651,0.0,0.01818181818181818,-0.3,2,-0.25,0.05555555555555555,0,0.0,0.0,2,-0.25,0.05,0,0.0,0.0,0,0.0,0.0,1,-0.5,0.07142857142857142
2026-01-06,7,0.07574778163013458,0.0,0.0,-0.4047619047619047,6,-0.38888888888888884,0.07555189908131084,0,0.0,0.0,0,0.0,0.0,0,0.0,0.0,1,-0.6666666666666666,0.18181818181818182,1,-0.5,0.07692307692307693
2026-01-07,4,0.0,0.0,0.0,0.0,3,0.0,0.0,0,0.0,0.0,1,0.0,0.0,0,0.0,0.0,0,0.0,0.0,0,0.0,0.0
2026-01-08,5,0.04095238095238095,0.01818181818181818,0.03151515151515152,-0.13333333333333333,2,-0.3333333333333333,0.06666666666666667,1,-0.5,0.07142857142857142,0,0.0,0.0,0,0.0,0.0,0,0.0,0.0,2,0.25,0.0
2026-01-09,9,0.024074074074074074,0.007407407407407408,0.0,-0.1111111111111111,3,-0.16666666666666666,0.022222222222222223,0,0.0,0.0,4,-0.125,0.020833333333333332,0,0.0,0.0,0,0.0,0.0,2,0.0,0.03333333333333333
2026-01-12,7,0.03391053391053391,0.0,0.02619047619047619,-0.16666666666666666,4,0.0,0.0,0,0.0,0.0,2,-0.25,0.027777777777777776,1,-0.6666666666666666,0.18181818181818182,0,0.0,0.0,0,0.0,0.0
2026-01-13,6,0.027056277056277056,0.0,0.010416666666666666,-0.16666666666666666,1,-0.5,0.09090909090909091,0,0.0,0.0,2,-0.25,0.03571428571428571,0,0.0,0.0,0,0.0,0.0,3,0.0,0.0
2026-01-14,8,0.04078033625730994,0.006578947368421052,0.020833333333333336,-0.20833333333333331,0,0.0,0.0,0,0.0,0.0,2,0.0,0.0,1,-0.6666666666666666,0.1111111111111111,0,0.0,0.0,5,-0.2,0.04302631578947368
2026-01-15,8,0.04020979020979021,0.009615384615384616,0.016281512605042014,-0.15625,2,-0.375,0.12237762237762238,0,0.0,0.0,2,0.0,0.0,0,0.0,0.0,0,0.0,0.0,4,-0.125,0.019230769230769232
2026-01-19,14,0.04418498168498169,0.0,0.014965986394557821,-0.23809523809523808,2,-0.3333333333333333,0.0625,0,0.0,0.0,8,-0.2708333333333333,0.05336538461538461,0,0.0,0.0,0,0.0,0.0,4,-0.125,0.016666666666666666
2026-01-20,12,0.07428246096009254,0.005952380952380952,0.006410256410256411,-0.4305555555555556,2,-0.5,0.075,0,0.0,0.0,12,-0.4305555555555556,0.07428246096009254,0,0.0,0.0,0,0.0,0.0,0,0.0,0.0
2026-01-21,18,0.046714396714396714,0.0,0.02955626889450419,-0.24074074074074073,4,-0.41666666666666663,0.08831168831168831,0,0.0,0.0,11,-0.3333333333333333,0.05991281445826901,2,0.0,0.0,0,0.0,0.0,3,0.0,0.0
2026-01-22,12,0.061081048581048576,0.007575757575757576,0.0,-0.20138888888888887,0,0.0,0.0,0,0.0,0.0,9,-0.19444444444444445,0.053663620330286994,1,0.0,0.0,0,0.0,0.0,2,-0.3333333333333333,0.125
2026-01-23,7,0.01098901098901099,0.01850780798149219,0.01098901098901099,0.07142857142857142,0,0.0,0.0,0,0.0,0.0,4,0.0,0.019230769230769232,0,0.0,0.0,0,0.0,0.0,3,0.16666666666666666,0.0
2026-01-26,4,0.0375,0.0,0.022727272727272728,-0.25,1,0.0,0.0,0,0.0,0.0,3,-0.3333333333333333,0.049999999999999996,0,0.0,0.0,0,0.0,0.0,0,0.0,0.0
2026-01-27,10,0.04264705882352941,0.005555555555555555,0.0,-0.15,0,0.0,0.0,0,0.0,0.0,6,-0.3333333333333333,0.07107843137254902,1,0.0,0.0,0,0.0,0.0,3,0.16666666666666666,0.0
2026-01-28,7,0.01845238095238095,0.009523809523809523,0.0,-0.07142857142857142,0,0.0,0.0,0,0.0,0.0,2,0.0,0.03333333333333333,0,0.0,0.0,1,-0.5,0.0625,4,0.0,0.0
2026-01-29,5,0.016666666666666666,0.03176470588235294,0.0,0.1,2,0.25,0.0,0,0.0,0.0,0,0.0,0.0,0,0.0,0.0,0,0.0,0.0,3,0.0,0.027777777777777776
2026-01-30,5,0.024444444444444442,0.04,0.0,0.1,1,0.0,0.0,0,0.0,0.0,4,0.125,0.030555555555555555,0,0.0,0.0,0,0.0,0.0,0,0.0,0.0
2026-02-02,6,0.0,0.024305555555555552,0.012820512820512822,0.16666666666666666,0,0.0,0.0,0,0.0,0.0,0,0.0,0.0,0,0.0,0.0,0,0.0,0.0,6,0.16666666666666666,0.0
2026-02-03,5,0.0,0.0,0.0125,0.0,0,0.0,0.0,0,0.0,0.0,2,0.0,0.0,0,0.0,0.0,0,0.0,0.0,3,0.0,0.0
2026-02-04,2,0.041666666666666664,0.0,0.0,-0.25,2,-0.25,0.041666666666666664,0,0.0,0.0,1,-0.5,0.08333333333333333,0,0.0,0.0,0,0.0,0.0,0,0.0,0.0
2026-02-05,2,0.0,0.0,0.0,0.0,1,0.0,0.0,0,0.0,0.0,0,0.0,0.0,0,0.0,0.0,0,0.0,0.0,1,0.0,0.0
2026-02-06,5,0.02857142857142857,0.0125,0.0,-0.033333333333333326,2,-0.3333333333333333,0.07142857142857142,0,0.0,0.0,2,0.25,0.0,0,0.0,0.0,0,0.0,0.0,2,0.0,0.0
2026-02-09,2,0.029411764705882353,0.03333333333333333,0.0,0.0,0,0.0,0.0,0,0.0,0.0,1,0.5,0.0,0,0.0,0.0,0,0.0,0.0,1,-0.5,0.058823529411764705
2026-02-10,0,0.0,0.0,0.0,0.0,0,0.0,0.0,0,0.0,0.0,0,0.0,0.0,0,0.0,0.0,0,0.0,0.0,0,0.0,0.0
2026-02-11,5,0.07752247752247751,0.014285714285714285,0.0,-0.3333333333333333,0,0.0,0.0,0,0.0,0.0,1,-0.5,0.09090909090909091,0,0.0,0.0,1,-0.6666666666666666,0.15384615384615385,3,-0.16666666666666666,0.047619047619047616
2026-02-12,5,0.0,0.0,0.0,0.0,0,0.0,0.0,0,0.0,0.0,5,0.0,0.0,0,0.0,0.0,0,0.0,0.0,0,0.0,0.0
2026-02-13,10,0.03983516483516484,0.00625,0.00625,-0.16666666666666666,0,0.0,0.0,0,0.0,0.0,6,-0.19444444444444442,0.05448717948717949,0,0.0,0.0,0,0.0,0.0,4,-0.125,0.017857142857142856
2026-02-18,15,0.03259955730543966,0.006060606060606061,0.005555555555555555,-0.14444444444444443,2,-0.25,0.029411764705882353,0,0.0,0.0,2,0.0,0.0,2,-0.08333333333333331,0.09090909090909091,0,0.0,0.0,9,-0.16666666666666666,0.027594627594627594
2026-02-19,3,0.0434173669467787,0.0,0.0,-0.3333333333333333,1,-0.5,0.07142857142857142,0,0.0,0.0,1,-0.5,0.058823529411764705,1,-0.5,0.07142857142857142,0,0.0,0.0,2,-0.25,0.029411764705882353
2026-02-20,10,0.017424242424242425,0.023674242424242424,0.026666666666666665,0.05,1,0.0,0.0,0,0.0,0.0,7,0.07142857142857142,0.024891774891774892,1,0.0,0.0,0,0.0,0.0,1,0.0,0.0
2026-02-23,33,0.030182359727814273,0.009928833792470155,0.020065162110616656,-0.1111111111111111,3,-0.16666666666666666,0.09764309764309764,0,0.0,0.0,29,-0.10919540229885057,0.024244433727192347,0,0.0,0.0,0,0.0,0.0,1,0.0,0.0
2026-02-24,17,0.060771581359816654,0.0,0.016246498599439774,-0.24509803921568624,2,-0.25,0.03333333333333333,0,0.0,0.0,14,-0.2619047619047619,0.0690321583178726,1,0.0,0.0,0,0.0,0.0,0,0.0,0.0
2026-02-25,5,0.0125,0.0,0.015384615384615385,-0.1,0,0.0,0.0,0,0.0,0.0,4,0.0,0.0,0,0.0,0.0,0,0.0,0.0,1,-0.5,0.0625
2026-02-26,2,0.03571428571428571,0.0,0.0,-0.25,1,-0.5,0.07142857142857142,0,0.0,0.0,1,0.0,0.0,0,0.0,0.0,0,0.0,0.0,0,0.0,0.0
2026-02-27,6,0.06696428571428571,0.0,0.0,-0.3194444444444444,4,-0.35416666666666663,0.08482142857142858,0,0.0,0.0,1,0.0,0.0,0,0.0,0.0,0,0.0,0.0,1,-0.5,0.0625
2026-03-02,13,0.06045877199723353,0.0,0.021597633136094675,-0.2756410256410256,12,-0.2986111111111111,0.06549700299700299,0,0.0,0.0,1,0.0,0.0,2,-0.25,0.041666666666666664,0,0.0,0.0,0,0.0,0.0
2026-03-03,19,0.07101242930842083,0.004048582995951417,0.014603644278159513,-0.3508771929824561,19,-0.3508771929824561,0.07101242930842083,0,0.0,0.0,0,0.0,0.0,3,-0.38888888888888884,0.08270676691729323,0,0.0,0.0,1,-0.6666666666666666,0.18181818181818182
2026-03-04,24,0.0454162327324092,0.0,0.01570329520697168,-0.3055555555555555,22,-0.3106060606060606,0.04604847766612472,0,0.0,0.0,1,-0.5,0.07692307692307693,4,-0.29166666666666663,0.05357142857142857,0,0.0,0.0,3,-0.5555555555555555,0.09409340659340659
2026-03-05,18,0.04606796616600538,0.003968253968253968,0.02163952032373085,-0.24537037037037038,15,-0.2611111111111111,0.0492209533386004,0,0.0,0.0,2,0.0,0.0,1,0.0,0.0,1,-0.5,0.09090909090909091,0,0.0,0.0
2026-03-06,25,0.065496003996004,0.003333333333333333,0.006958204334365325,-0.32,24,-0.3055555555555555,0.06405833749583749,0,0.0,0.0,1,-0.6666666666666666,0.1,1,-0.6666666666666666,0.14285714285714285,0,0.0,0.0,1,0.0,0.0
2026-03-09,32,0.03625824237037472,0.004356971153846154,0.009635416666666667,-0.15625,25,-0.13333333333333333,0.031190476190476185,0,0.0,0.0,3,-0.16666666666666666,0.025641025641025644,6,-0.1111111111111111,0.03605769230769231,0,0.0,0.0,3,-0.3333333333333333,0.0499108734402852
2026-03-10,21,0.07445035123606553,0.003401360544217687,0.02819521748093176,-0.32936507936507936,18,-0.34259259259259256,0.07019207644207644,0,0.0,0.0,1,-0.75,0.3,5,-0.3333333333333333,0.07651515151515151,0,0.0,0.0,1,0.0,0.0
2026-03-11,19,0.016040100250626566,0.007518796992481203,0.015162907268170425,-0.05263157894736842,17,-0.058823529411764705,0.017927170868347338,0,0.0,0.0,1,0.0,0.0,3,0.0,0.022222222222222223,0,0.0,0.0,2,-0.25,0.041666666666666664
2026-03-12,22,0.03972353404171586,0.004132231404958678,0.026403560554278258,-0.19696969696969696,16,-0.23958333333333331,0.04268804112554112,0,0.0,0.0,2,-0.25,0.05,3,-0.16666666666666666,0.020833333333333332,0,0.0,0.0,7,-0.07142857142857142,0.027272727272727275
2026-03-13,23,0.032361841057493235,0.011625203441060218,0.012249827467218772,-0.12318840579710146,18,-0.12962962962962965,0.03672161172161172,0,0.0,0.0,3,-0.16666666666666666,0.027777777777777776,0,0.0,0.0,0,0.0,0.0,4,0.0,0.0
2026-03-16,31,0.038270510851156014,0.006782464846980976,0.014535330261136714,-0.1774193548387097,26,-0.18269230769230768,0.03841868601483986,0,0.0,0.0,2,0.0,0.0,3,-0.25,0.0625,0,0.0,0.0,1,0.0,0.0
2026-03-17,12,0.04886039886039886,0.018376068376068377,0.016595441595441598,-0.19444444444444442,11,-0.2121212121212121,0.05330225330225331,0,0.0,0.0,0,0.0,0.0,0,0.0,0.0,0,0.0,0.0,2,0.0,0.0
2026-03-25,107,0.050861496484091315,0.008902108977699962,0.012879711407676454,-0.22242990654205608,80,-0.22666666666666666,0.05392593109504874,1,-0.5,0.07692307692307693,5,-0.2333333333333333,0.047435897435897434,8,-0.35416666666666663,0.06025061539767422,0,0.0,0.0,31,-0.22043010752688172,0.045420005358335534
2026-03-26,18,0.018745959922430513,0.0,0.01877155495576548,-0.09259259259259259,17,-0.0980392156862745,0.019848663447279365,0,0.0,0.0,1,0.0,0.0,2,-0.25,0.038461538461538464,0,0.0,0.0,1,0.0,0.0
2026-03-27,21,0.0349287150757739,0.002976190476190476,0.012988400488400489,-0.1746031746031746,18,-0.1388888888888889,0.02873093681917211,0,0.0,0.0,1,-0.6666666666666666,0.125,2,-0.3333333333333333,0.0625,0,0.0,0.0,7,-0.23809523809523808,0.051214716655893125
2026-03-30,22,0.036635838908566185,0.0,0.01210941835941836,-0.2234848484848485,20,-0.19583333333333333,0.03242063492063492,0,0.0,0.0,0,0.0,0.0,4,-0.125,0.015625,0,0.0,0.0,4,-0.25,0.0393939393939394
2026-03-31,14,0.026115253793825222,0.012237394957983193,0.013530219780219779,-0.047619047619047616,10,0.0,0.022275641025641023,0,0.0,0.0,0,0.0,0.0,0,0.0,0.0,0,0.0,0.0,4,-0.16666666666666666,0.03571428571428571
2026-04-01,22,0.016491400014127286,0.017597067964715024,0.019051863169510228,0.022727272727272728,20,0.025,0.018140540015540017,0,0.0,0.0,0,0.0,0.0,0,0.0,0.0,0,0.0,0.0,4,-0.16666666666666666,0.038461538461538464
2026-04-02,16,0.03879193722943723,0.003472222222222222,0.008680555555555556,-0.19791666666666666,16,-0.19791666666666666,0.03879193722943723,0,0.0,0.0,0,0.0,0.0,2,-0.5833333333333333,0.10416666666666666,0,0.0,0.0,0,0.0,0.0
2026-04-06,20,0.03390002970885324,0.006666666666666666,0.00988562091503268,-0.13333333333333333,16,-0.09375,0.028281899881164585,0,0.0,0.0,2,-0.3333333333333333,0.08333333333333333,2,-0.25,0.029411764705882353,0,0.0,0.0,1,0.0,0.0
2026-04-07,7,0.025396825396825393,0.0,0.0,-0.16666666666666666,7,-0.16666666666666666,0.025396825396825393,0,0.0,0.0,0,0.0,0.0,0,0.0,0.0,0,0.0,0.0,0,0.0,0.0
2026-04-08,22,0.03402724726254138,0.012082362082362082,0.012041512409159467,-0.11363636363636363,21,-0.14285714285714285,0.03564759237028144,0,0.0,0.0,0,0.0,0.0,3,0.16666666666666666,0.0,0,0.0,0.0,2,-0.5833333333333333,0.08496732026143791
2026-04-09,28,0.04276166760410458,0.015413569273863392,0.006994047619047619,-0.1488095238095238,28,-0.1488095238095238,0.04276166760410458,0,0.0,0.0,2,-0.5,0.07738095238095238,1,0.0,0.0,0,0.0,0.0,2,-0.25,0.07179487179487179
2026-04-10,16,0.025380608974358974,0.008484162895927603,0.020833333333333336,-0.078125,13,-0.09615384615384616,0.026109467455621302,0,0.0,0.0,0,0.0,0.0,0,0.0,0.0,0,0.0,0.0,4,0.0,0.016666666666666666
2026-04-13,25,0.07282352614705556,0.012688034188034188,0.01296969696969697,-0.292,22,-0.2863636363636364,0.07658370669734306,0,0.0,0.0,1,-0.5,0.06666666666666667,2,-0.65,0.20512820512820512,0,0.0,0.0,5,-0.4,0.06533113944878652
2026-04-14,13,0.03233657368272753,0.012910166756320602,0.00591715976331361,-0.11538461538461539,11,-0.18181818181818182,0.038215950715950714,0,0.0,0.0,1,0.0,0.0,1,0.0,0.0,0,0.0,0.0,1,0.5,0.0
2026-04-15,11,0.0374488256841198,0.01584022038567493,0.013636363636363636,-0.1212121212121212,11,-0.1212121212121212,0.0374488256841198,0,0.0,0.0,0,0.0,0.0,0,0.0,0.0,0,0.0,0.0,1,0.5,0.0
2026-04-16,18,0.026139601139601138,0.00744047619047619,0.004273504273504274,-0.09259259259259259,16,-0.10416666666666666,0.025240384615384616,0,0.0,0.0,1,0.0,0.0,0,0.0,0.0,0,0.0,0.0,2,0.0,0.03333333333333333
2026-04-17,15,0.04706182706182706,0.017350427350427352,0.0047619047619047615,-0.12777777777777777,14,-0.1369047619047619,0.05042338613767185,0,0.0,0.0,0,0.0,0.0,1,0.0,0.0,0,0.0,0.0,1,-0.75,0.25
2026-04-20,14,0.034767316017316016,0.011446886446886446,0.017101648351648353,-0.14285714285714285,14,-0.14285714285714285,0.034767316017316016,0,0.0,0.0,0,0.0,0.0,1,-0.5,0.0625,0,0.0,0.0,2,-0.25,0.03333333333333333
2026-04-21,12,0.039849104284088804,0.0,0.004901960784313725,-0.23611111111111108,11,-0.25757575757575757,0.04347175012809688,0,0.0,0.0,1,0.0,0.0,1,0.0,0.0,0,0.0,0.0,0,0.0,0.0
2026-04-22,18,0.02044753086419753,0.0,0.004629629629629629,-0.1388888888888889,15,-0.13333333333333333,0.020370370370370372,0,0.0,0.0,4,-0.125,0.015625,0,0.0,0.0,0,0.0,0.0,1,0.0,0.0
2026-04-23,16,0.01741273432449903,0.008630952380952382,0.013178228021978022,-0.0625,14,-0.10714285714285714,0.019900267799427464,0,0.0,0.0,0,0.0,0.0,0,0.0,0.0,0,0.0,0.0,2,0.25,0.0
2026-04-24,13,0.04332558467173852,0.004524886877828054,0.004524886877828054,-0.21153846153846154,12,-0.1875,0.04098366910866911,0,0.0,0.0,0,0.0,0.0,1,-0.5,0.07142857142857142,0,0.0,0.0,1,-0.5,0.07692307692307693
2026-04-27,13,0.038727938727938734,0.009768009768009768,0.005494505494505494,-0.16666666666666666,10,-0.16666666666666666,0.04367965367965368,0,0.0,0.0,2,-0.5,0.06904761904761905,0,0.0,0.0,0,0.0,0.0,2,0.0,0.0
2026-04-28,8,0.01614583333333333,0.018229166666666664,0.0,0.0,5,0.0,0.013333333333333332,0,0.0,0.0,1,0.0,0.0,2,0.0,0.03125,0,0.0,0.0,1,-0.5,0.06666666666666667
2026-04-29,17,0.021358543417366947,0.003676470588235294,0.016176470588235296,-0.11764705882352941,7,-0.07142857142857142,0.011904761904761904,1,-0.5,0.08333333333333333,0,0.0,0.0,6,-0.08333333333333333,0.022321428571428572,0,0.0,0.0,4,-0.25,0.03645833333333333
2026-04-30,15,0.054754901960784315,0.013921568627450979,0.0,-0.16666666666666666,8,-0.25,0.08391544117647058,0,0.0,0.0,1,0.0,0.0,3,0.0,0.0,0,0.0,0.0,5,-0.1,0.043333333333333335
2026-05-04,26,0.04230936233198676,0.0038461538461538464,0.019255050505050504,-0.2275641025641026,18,-0.2592592592592593,0.039894387565956195,0,0.0,0.0,5,0.0,0.02222222222222222,1,0.0,0.0,0,0.0,0.0,4,-0.4375,0.08693910256410256
2026-05-05,8,0.07642773892773894,0.009615384615384616,0.040625,-0.2708333333333333,7,-0.23809523809523808,0.07544122544122545,0,0.0,0.0,0,0.0,0.0,0,0.0,0.0,0,0.0,0.0,1,-0.5,0.08333333333333333
2026-05-06,11,0.025432900432900432,0.0,0.03602941176470588,-0.1515151515151515,10,-0.16666666666666666,0.027976190476190477,0,0.0,0.0,0,0.0,0.0,0,0.0,0.0,0,0.0,0.0,1,0.0,0.0
2026-05-07,7,0.028571428571428574,0.0,0.009523809523809523,-0.10714285714285714,5,-0.15,0.04,0,0.0,0.0,1,0.0,0.0,0,0.0,0.0,0,0.0,0.0,1,0.0,0.0
2026-05-08,17,0.051188680600445305,0.019238162836778754,0.015309200603318251,-0.20588235294117646,12,-0.16666666666666666,0.043101343101343094,0,0.0,0.0,4,-0.375,0.07435897435897436,0,0.0,0.0,0,0.0,0.0,1,0.0,0.05555555555555555
2026-05-11,13,0.04267896507715512,0.0,0.004524886877828054,-0.22435897435897434,10,-0.19166666666666665,0.03945701357466064,1,0.0,0.0,1,0.0,0.0,0,0.0,0.0,0,0.0,0.0,3,-0.3333333333333333,0.053418803418803416
2026-05-12,13,0.04879703629703629,0.011411665257819104,0.01873767258382643,-0.20512820512820512,8,-0.3125,0.061438041125541125,0,0.0,0.0,1,0.0,0.0,1,-0.6666666666666666,0.14285714285714285,0,0.0,0.0,3,0.16666666666666666,0.0
2026-05-13,13,0.013186813186813187,0.013403263403263404,0.034465534465534464,0.0,4,0.0,0.025,0,0.0,0.0,2,-0.25,0.03571428571428571,0,0.0,0.0,0,0.0,0.0,8,0.0,0.0125
2026-05-18,34,0.03398608312103121,0.011877828054298642,0.009238310708898944,-0.11519607843137254,11,-0.2121212121212121,0.03640819964349376,2,0.0,0.0,2,0.0,0.0,3,-0.4444444444444444,0.08928571428571429,0,0.0,0.0,18,-0.013888888888888888,0.027065527065527065
2026-05-19,7,0.07742019884877027,0.0,0.0,-0.4047619047619047,6,-0.47222222222222215,0.09032356532356532,0,0.0,0.0,0,0.0,0.0,0,0.0,0.0,0,0.0,0.0,2,-0.25,0.03333333333333333
2026-05-20,13,0.06390532544378699,0.00591715976331361,0.0,-0.24358974358974358,10,-0.26666666666666666,0.07641025641025641,1,-0.75,0.25,1,0.0,0.0,0,0.0,0.0,0,0.0,0.0,2,-0.25,0.03333333333333333
2026-05-21,8,0.03717948717948718,0.0,0.018543956043956044,-0.20833333333333331,6,-0.1111111111111111,0.025641025641025644,0,0.0,0.0,1,-0.5,0.06666666666666667,0,0.0,0.0,0,0.0,0.0,2,-0.25,0.038461538461538464
2026-05-22,5,0.03333333333333334,0.013333333333333332,0.0,-0.1,4,0.0,0.025,0,0.0,0.0,0,0.0,0.0,0,0.0,0.0,0,0.0,0.0,1,-0.5,0.06666666666666667
2026-05-25,13,0.005494505494505494,0.010302197802197802,0.021713863060016905,0.038461538461538464,7,0.0,0.01020408163265306,0,0.0,0.0,1,0.0,0.0,0,0.0,0.0,0,0.0,0.0,6,0.0,0.011904761904761904
2026-05-26,1,0.0,0.0,0.0,0.0,0,0.0,0.0,0,0.0,0.0,1,0.0,0.0,0,0.0,0.0,0,0.0,0.0,0,0.0,0.0
2026-05-29,26,0.03185736378014302,0.00995082009758123,0.002564102564102564,-0.10897435897435896,18,-0.12962962962962962,0.041386562497243616,0,0.0,0.0,0,0.0,0.0,0,0.0,0.0,0,0.0,0.0,11,-0.13636363636363635,0.02462121212121212
2026-06-02,21,0.014468864468864468,0.006575963718820862,0.012439847733965382,-0.031746031746031744,18,0.027777777777777776,0.003703703703703704,0,0.0,0.0,1,-0.5,0.08333333333333333,0,0.0,0.0,0,0.0,0.0,4,-0.16666666666666666,0.038461538461538464
2026-06-03,9,0.03787878787878787,0.009259259259259259,0.0,-0.12962962962962962,5,-0.13333333333333333,0.05,0,0.0,0.0,1,-0.5,0.09090909090909091,0,0.0,0.0,1,0.0,0.0,3,0.0,0.0
2026-06-04,4,0.10399159663865545,0.0,0.0,-0.41666666666666663,4,-0.41666666666666663,0.10399159663865545,0,0.0,0.0,1,-0.5,0.07142857142857142,0,0.0,0.0,0,0.0,0.0,0,0.0,0.0
2026-06-05,4,0.022727272727272728,0.0,0.0,-0.125,3,-0.16666666666666666,0.030303030303030304,0,0.0,0.0,0,0.0,0.0,1,0.0,0.0,0,0.0,0.0,1,0.0,0.0
2026-06-08,8,0.010416666666666666,0.011363636363636364,0.010416666666666666,0.0,6,0.0,0.013888888888888888,0,0.0,0.0,0,0.0,0.0,0,0.0,0.0,0,0.0,0.0,3,0.0,0.0
2026-06-09,8,0.017948717948717947,0.017948717948717947,0.008333333333333333,0.0,7,0.0,0.01098901098901099,0,0.0,0.0,0,0.0,0.0,0,0.0,0.0,0,0.0,0.0,1,0.0,0.06666666666666667
2026-06-10,7,0.03182234432234432,0.008403361344537815,0.03129713423831071,-0.14285714285714285,4,0.0,0.015625,0,0.0,0.0,1,-0.5,0.0625,0,0.0,0.0,0,0.0,0.0,4,-0.125,0.04006410256410256
2026-06-11,12,0.02231934731934732,0.014285714285714285,0.022619047619047622,-0.041666666666666664,6,-0.16666666666666666,0.02948717948717949,0,0.0,0.0,1,-0.5,0.1,0,0.0,0.0,0,0.0,0.0,10,0.0,0.019090909090909092
2026-06-12,7,0.03159445596420386,0.0,0.01098901098901099,-0.21428571428571427,5,-0.2,0.032467532467532464,0,0.0,0.0,0,0.0,0.0,0,0.0,0.0,0,0.0,0.0,3,-0.3333333333333333,0.0499108734402852
2026-06-15,7,0.02197802197802198,0.0,0.007936507936507936,-0.09523809523809523,3,-0.2222222222222222,0.05128205128205129,3,0.0,0.0,1,0.0,0.0,0,0.0,0.0,0,0.0,0.0,1,0.0,0.0
2026-06-17,15,0.008333333333333333,0.012850140056022408,0.017366946778711482,0.03333333333333333,7,0.0,0.008928571428571428,0,0.0,0.0,0,0.0,0.0,1,0.0,0.0,0,0.0,0.0,7,0.07142857142857142,0.008928571428571428
2026-06-18,7,0.0369047619047619,0.0,0.0,-0.23809523809523808,3,-0.38888888888888884,0.06527777777777778,0,0.0,0.0,0,0.0,0.0,0,0.0,0.0,0,0.0,0.0,4,-0.125,0.015625
2026-06-19,9,0.03428978428978429,0.008547008547008548,0.008547008547008548,-0.16666666666666666,4,-0.25,0.03869047619047619,0,0.0,0.0,0,0.0,0.0,2,-0.5,0.07417582417582418,0,0.0,0.0,4,0.0,0.019230769230769232
2026-06-22,7,0.011904761904761904,0.01020408163265306,0.0,0.0,4,-0.125,0.020833333333333332,0,0.0,0.0,1,0.0,0.0,0,0.0,0.0,0,0.0,0.0,2,0.25,0.0
2026-06-23,8,0.0196969696969697,0.022727272727272728,0.009615384615384616,-0.03125,2,0.125,0.045454545454545456,1,0.0,0.0,0,0.0,0.0,1,0.0,0.0,0,0.0,0.0,4,-0.125,0.016666666666666666
2026-06-24,6,0.016666666666666666,0.02948717948717949,0.025641025641025644,0.08333333333333333,4,0.125,0.0,1,0.0,0.0,1,0.0,0.0,0,0.0,0.0,0,0.0,0.0,1,0.0,0.1
2026-06-25,5,0.03333333333333334,0.0,0.0,-0.2,3,-0.16666666666666666,0.03333333333333333,0,0.0,0.0,0,0.0,0.0,0,0.0,0.0,0,0.0,0.0,2,-0.25,0.03333333333333333
2026-06-26,8,0.020292207792207792,0.008928571428571428,0.017261904761904763,-0.0625,3,0.0,0.0,0,0.0,0.0,0,0.0,0.0,1,-0.5,0.09090909090909091,0,0.0,0.0,4,0.0,0.017857142857142856
2026-06-29,10,0.04021978021978022,0.0,0.02,-0.21666666666666665,6,-0.19444444444444442,0.037545787545787544,0,0.0,0.0,1,-0.5,0.07692307692307693,0,0.0,0.0,0,0.0,0.0,4,-0.125,0.025
2026-06-30,2,0.10238095238095238,0.03333333333333333,0.06666666666666667,-0.375,1,-0.25,0.13333333333333333,0,0.0,0.0,0,0.0,0.0,0,0.0,0.0,0,0.0,0.0,1,-0.5,0.07142857142857142
2026-07-01,5,0.030952380952380953,0.0,0.02857142857142857,-0.2,2,-0.5,0.07738095238095238,0,0.0,0.0,1,0.0,0.0,0,0.0,0.0,0,0.0,0.0,3,-0.16666666666666666,0.027777777777777776
2026-07-02,5,0.052500000000000005,0.0,0.015384615384615385,-0.25,1,0.0,0.0,0,0.0,0.0,0,0.0,0.0,0,0.0,0.0,0,0.0,0.0,4,-0.3125,0.065625
2026-07-03,2,0.038461538461538464,0.038461538461538464,0.0,0.0,1,-0.5,0.07692307692307693,0,0.0,0.0,1,0.5,0.0,0,0.0,0.0,0,0.0,0.0,0,0.0,0.0
2026-07-06,4,0.016666666666666666,0.0,0.016666666666666666,-0.125,2,0.0,0.0,1,-0.5,0.06666666666666667,0,0.0,0.0,0,0.0,0.0,0,0.0,0.0,1,0.0,0.0
2026-07-07,1,0.08333333333333333,0.0,0.0,-0.5,1,-0.5,0.08333333333333333,0,0.0,0.0,0,0.0,0.0,0,0.0,0.0,0,0.0,0.0,0,0.0,0.0
2026-07-08,3,0.027777777777777776,0.0,0.0,-0.16666666666666666,3,-0.16666666666666666,0.027777777777777776,0,0.0,0.0,0,0.0,0.0,0,0.0,0.0,0,0.0,0.0,0,0.0,0.0
2026-07-09,14,0.049908252774794125,0.0,0.020911654135338346,-0.2738095238095238,11,-0.2121212121212121,0.045283663704716336,0,0.0,0.0,0,0.0,0.0,0,0.0,0.0,0,0.0,0.0,3,-0.5,0.06686507936507936
2026-07-10,7,0.011904761904761904,0.014285714285714287,0.01680672268907563,0.0,4,0.125,0.0,0,0.0,0.0,1,-0.5,0.08333333333333333,0,0.0,0.0,0,0.0,0.0,2,0.0,0.0
2026-07-13,6,0.062068160597572364,0.0,0.0,-0.3611111111111111,3,-0.5555555555555555,0.1003267973856209,1,-0.6666666666666666,0.11764705882352941,0,0.0,0.0,0,0.0,0.0,0,0.0,0.0,3,-0.16666666666666666,0.023809523809523808
2026-07-14,11,0.02012987012987013,0.018834107069401185,0.02081857536402991,0.0,5,-0.2,0.04428571428571428,0,0.0,0.0,1,0.5,0.0,1,0.0,0.0,0,0.0,0.0,6,-0.08333333333333333,0.024999999999999998
2026-07-15,10,0.01666666666666667,0.02,0.0,-0.03333333333333334,2,0.0,0.0,0,0.0,0.0,0,0.0,0.0,0,0.0,0.0,0,0.0,0.0,8,-0.04166666666666667,0.020833333333333336
2026-07-16,14,0.059634115884115886,0.0173992673992674,0.0174512987012987,-0.20238095238095236,3,-0.5555555555555555,0.11174242424242424,0,0.0,0.0,1,-0.5,0.09090909090909091,0,0.0,0.0,0,0.0,0.0,10,-0.06666666666666667,0.04087412587412588
2026-07-17,2,0.0,0.0,0.0,0.0,0,0.0,0.0,0,0.0,0.0,0,0.0,0.0,0,0.0,0.0,0,0.0,0.0,2,0.0,0.0
2026-07-20,8,0.04633838383838384,0.011363636363636364,0.013888888888888888,-0.20833333333333331,6,-0.27777777777777773,0.06178451178451178,0,0.0,0.0,1,0.0,0.0,0,0.0,0.0,0,0.0,0.0,1,0.0,0.0
2026-07-21,9,0.07899199565866233,0.0,0.0,-0.30185185185185187,7,-0.3166666666666667,0.08965637537066108,1,-0.8,0.2857142857142857,2,-0.25,0.041666666666666664,0,0.0,0.0,0,0.0,0.0,1,-0.6666666666666666,0.1111111111111111
2026-07-22,11,0.05166046075136985,0.0,0.01515151515151515,-0.28787878787878785,7,-0.38095238095238093,0.07097664240521383,1,0.0,0.0,4,-0.25,0.03869047619047619,0,0.0,0.0,0,0.0,0.0,1,-0.5,0.08333333333333333
2026-07-23,7,0.0,0.0,0.022108843537414966,0.0,4,0.0,0.0,0,0.0,0.0,2,0.0,0.0,0,0.0,0.0,0,0.0,0.0,1,0.0,0.0
2026-07-24,16,0.03904246794871795,0.012620192307692308,0.016964285714285716,-0.125,6,-0.25,0.037126068376068376,0,0.0,0.0,6,-0.08333333333333333,0.05657051282051282,0,0.0,0.0,0,0.0,0.0,5,0.0,0.0125
2026-07-27,11,0.03295454545454546,0.0,0.012175324675324674,-0.1515151515151515,4,-0.16666666666666666,0.05,0,0.0,0.0,4,-0.25,0.040625,0,0.0,0.0,0,0.0,0.0,3,0.0,0.0
2026-07-28,5,0.0,0.015384615384615385,0.013333333333333332,0.1,2,0.25,0.0,0,0.0,0.0,1,0.0,0.0,0,0.0,0.0,0,0.0,0.0,2,0.0,0.0
2026-07-29,10,0.04285714285714286,0.0,0.0,-0.18333333333333332,6,-0.1111111111111111,0.037037037037037035,1,0.0,0.0,2,-0.25,0.05555555555555555,0,0.0,0.0,0,0.0,0.0,2,-0.3333333333333333,0.047619047619047616
2026-07-30,7,0.020833333333333332,0.008928571428571428,0.008928571428571428,-0.07142857142857142,2,0.25,0.0,0,0.0,0.0,0,0.0,0.0,0,0.0,0.0,0,0.0,0.0,5,-0.2,0.029166666666666664
2026-07-31,11,0.03960584869675779,0.01525746980292435,0.013946280991735538,-0.10606060606060605,3,0.16666666666666666,0.0,1,0.5,0.0,4,0.125,0.022727272727272728,0,0.0,0.0,0,0.0,0.0,5,-0.3333333333333333,0.06895104895104895
2026-08-03,14,0.031899875334749285,0.0047619047619047615,0.027403268999907655,-0.17857142857142858,9,-0.16666666666666666,0.0331385118149824,0,0.0,0.0,0,0.0,0.0,1,0.0,0.0,0,0.0,0.0,5,-0.2,0.02967032967032967
2026-08-04,8,0.04664304993252362,0.0,0.008928571428571428,-0.2708333333333333,5,-0.2,0.023859649122807018,0,0.0,0.0,1,-0.5,0.1,1,0.0,0.0,0,0.0,0.0,2,-0.3333333333333333,0.07692307692307693
2026-08-05,4,0.03125,0.0,0.0,-0.125,1,0.0,0.0,0,0.0,0.0,0,0.0,0.0,0,0.0,0.0,0,0.0,0.0,3,-0.16666666666666666,0.041666666666666664
2026-08-06,8,0.04127122877122877,0.0,0.008928571428571428,-0.20833333333333331,3,-0.2222222222222222,0.06060606060606061,0,0.0,0.0,2,0.0,0.0,0,0.0,0.0,0,0.0,0.0,3,-0.3333333333333333,0.04945054945054945
2026-08-07,4,0.038461538461538464,0.0,0.017857142857142856,-0.16666666666666666,2,-0.3333333333333333,0.07692307692307693,0,0.0,0.0,1,0.0,0.0,0,0.0,0.0,0,0.0,0.0,2,0.0,0.0
2026-08-10,8,0.013888888888888888,0.017361111111111112,0.013888888888888888,0.0,5,0.0,0.01111111111111111,1,0.5,0.0,1,0.0,0.0,0,0.0,0.0,0,0.0,0.0,2,0.0,0.027777777777777776
2026-08-11,9,0.043019943019943024,0.015491452991452992,0.027065527065527065,-0.16666666666666666,2,0.0,0.038461538461538464,0,0.0,0.0,2,-0.5,0.07179487179487179,0,0.0,0.0,0,0.0,0.0,5,-0.1,0.03333333333333333
2026-08-12,7,0.01913265306122449,0.0,0.0,-0.14285714285714285,3,-0.16666666666666666,0.023809523809523808,0,0.0,0.0,0,0.0,0.0,0,0.0,0.0,0,0.0,0.0,4,-0.125,0.015625
2026-08-13,15,0.04529100529100529,0.01111111111111111,0.0,-0.12777777777777777,2,-0.5833333333333333,0.12142857142857143,0,0.0,0.0,0,0.0,0.0,1,-0.75,0.21428571428571427,0,0.0,0.0,13,-0.038461538461538464,0.024786324786324785
2026-08-14,8,0.026282051282051282,0.008333333333333333,0.02827380952380952,-0.125,5,-0.1,0.026666666666666665,1,0.5,0.0,2,0.25,0.0,0,0.0,0.0,0,0.0,0.0,2,-0.25,0.038461538461538464
2026-08-18,15,0.0628968253968254,0.0,0.0,-0.3111111111111111,12,-0.34722222222222227,0.0730654761904762,0,0.0,0.0,1,0.0,0.0,0,0.0,0.0,0,0.0,0.0,3,-0.16666666666666666,0.022222222222222223
2026-08-19,8,0.026785714285714284,0.008928571428571428,0.006944444444444444,-0.09375,5,-0.15,0.04285714285714286,0,0.0,0.0,3,0.0,0.0,0,0.0,0.0,0,0.0,0.0,0,0.0,0.0
2026-08-20,6,0.013888888888888888,0.013888888888888888,0.023809523809523808,0.0,2,0.0,0.041666666666666664,0,0.0,0.0,2,0.0,0.0,0,0.0,0.0,0,0.0,0.0,2,0.0,0.0
2026-08-21,5,0.014285714285714285,0.04019607843137255,0.0,0.13333333333333333,4,0.04166666666666666,0.017857142857142856,0,0.0,0.0,0,0.0,0.0,0,0.0,0.0,0,0.0,0.0,1,0.5,0.0
2026-08-24,12,0.06342592592592593,0.020472582972582972,0.0124777183600713,-0.17361111111111108,5,-0.25,0.06888888888888889,3,-0.38888888888888884,0.0925925925925926,3,-0.055555555555555546,0.05555555555555555,1,-0.5,0.06666666666666667,0,0.0,0.0,2,0.0,0.041666666666666664
2026-08-26,16,0.037272970085470085,0.012620192307692308,0.00390625,-0.10416666666666666,11,-0.015151515151515148,0.028457653457653456,2,-0.25,0.05,6,-0.16666666666666666,0.04337606837606838,0,0.0,0.0,0,0.0,0.0,2,0.25,0.0
2026-08-27,6,0.03263888888888889,0.0,0.0,-0.19444444444444442,2,-0.5833333333333333,0.09791666666666667,0,0.0,0.0,0,0.0,0.0,0,0.0,0.0,0,0.0,0.0,4,0.0,0.0
2026-08-28,10,0.025324675324675326,0.007142857142857143,0.0,-0.06666666666666667,3,-0.2222222222222222,0.06060606060606061,1,-0.6666666666666666,0.18181818181818182,3,0.0,0.0,1,0.0,0.0,0,0.0,0.0,4,0.0,0.017857142857142856
2026-08-31,16,0.036057692307692304,0.004464285714285714,0.008484162895927603,-0.13541666666666666,10,-0.16666666666666666,0.041666666666666664,2,-0.3333333333333333,0.1111111111111111,2,0.0,0.0,0,0.0,0.0,0,0.0,0.0,5,-0.1,0.03205128205128205
2026-09-01,6,0.05519781144781145,0.011111111111111112,0.0,-0.25,3,-0.3333333333333333,0.05113636363636364,0,0.0,0.0,2,-0.5,0.08680555555555555,0,0.0,0.0,0,0.0,0.0,2,0.0,0.03333333333333333
